/*******************************************************************************
 * Size: 41 px
 * Bpp: 1
 * Opts: --font /tmp/hacktest/Hack-Regular.ttf -r 0x20-0x7F,0xA0-0xFF,0x20AC,0x2116 --size 41 --bpp 1 --format lvgl --no-compress --lv-fallback hack_26_ext --lv-font-name hack_26 -o /tmp/hacktest/gen/hack_26.c
 ******************************************************************************/

#include "lvgl.h"

#ifndef HACK_26
#define HACK_26 1
#endif

#if HACK_26

/*-----------------
 *    BITMAPS
 *----------------*/

/*Store the image of the glyphs*/
static LV_ATTRIBUTE_LARGE_CONST const uint8_t glyph_bitmap[] = {
    /* U+0020 " " */
    0x0,

    /* U+0021 "!" */
    0x7d, 0xf7, 0xdf, 0x7d, 0xf7, 0xdf, 0x7d, 0xf7,
    0xdf, 0x7c, 0xe3, 0x8e, 0x38, 0xe3, 0x8e, 0x0,
    0x0, 0x0, 0x7b, 0xff, 0xff, 0xff, 0xf7, 0x80,

    /* U+0022 "\"" */
    0xf1, 0xfe, 0x3f, 0xc7, 0xf8, 0xff, 0x1f, 0xe3,
    0xfc, 0x7f, 0x8f, 0xf1, 0xfe, 0x3f, 0xc7, 0x80,

    /* U+0023 "#" */
    0x0, 0x38, 0x38, 0x0, 0x38, 0x38, 0x0, 0x38,
    0x38, 0x0, 0x78, 0x78, 0x0, 0x70, 0x70, 0x0,
    0x70, 0x70, 0x0, 0x70, 0x70, 0x0, 0xf0, 0x70,
    0x0, 0xe0, 0xf0, 0x3f, 0xff, 0xff, 0x3f, 0xff,
    0xff, 0x3f, 0xff, 0xff, 0x1, 0xc1, 0xe0, 0x1,
    0xc1, 0xc0, 0x1, 0xc1, 0xc0, 0x3, 0xc1, 0xc0,
    0x3, 0x83, 0xc0, 0x3, 0x83, 0x80, 0x3, 0x83,
    0x80, 0xff, 0xff, 0xfc, 0xff, 0xff, 0xfc, 0xff,
    0xff, 0xfc, 0x7, 0x7, 0x0, 0xf, 0x7, 0x0,
    0xe, 0xf, 0x0, 0xe, 0xe, 0x0, 0xe, 0xe,
    0x0, 0x1e, 0xe, 0x0, 0x1c, 0x1e, 0x0, 0x1c,
    0x1c, 0x0,

    /* U+0024 "$" */
    0x1, 0xe0, 0x0, 0x3c, 0x0, 0x7, 0x80, 0x0,
    0xf0, 0x0, 0x3f, 0x0, 0x3f, 0xff, 0xf, 0xff,
    0xe3, 0xe6, 0x3c, 0x78, 0xc0, 0x9e, 0x18, 0x3,
    0xc3, 0x0, 0x78, 0x60, 0xf, 0xc, 0x1, 0xf1,
    0x80, 0x1f, 0x30, 0x3, 0xfe, 0x0, 0x3f, 0xf8,
    0x1, 0xff, 0xc0, 0x7, 0xfe, 0x0, 0x6f, 0xe0,
    0xc, 0x3c, 0x1, 0x87, 0xc0, 0x30, 0x78, 0x6,
    0xf, 0x0, 0xc1, 0xe0, 0x18, 0x3f, 0x3, 0xf,
    0x7c, 0x67, 0xef, 0xff, 0xf8, 0xff, 0xfe, 0x3,
    0xff, 0x0, 0xf, 0x0, 0x1, 0xe0, 0x0, 0x3c,
    0x0, 0x7, 0x80, 0x0, 0xf0, 0x0, 0x1e, 0x0,

    /* U+0025 "%" */
    0xf, 0x80, 0x0, 0x7f, 0xc0, 0x1, 0xff, 0xc0,
    0x3, 0xc7, 0x80, 0xf, 0x7, 0x80, 0x1c, 0x7,
    0x0, 0x38, 0xe, 0x0, 0x70, 0x1c, 0x0, 0xf0,
    0x78, 0x0, 0xf1, 0xe0, 0xd, 0xff, 0xc0, 0xf9,
    0xff, 0x7, 0xe0, 0xf8, 0x7e, 0x0, 0x3, 0xf0,
    0x0, 0x3f, 0x0, 0x1, 0xf0, 0x0, 0x1f, 0x83,
    0xe0, 0xf8, 0x1f, 0xf3, 0xc0, 0x7f, 0xf4, 0x0,
    0xf1, 0xe0, 0x3, 0xc1, 0xe0, 0x7, 0x1, 0xc0,
    0xe, 0x3, 0x80, 0x1c, 0x7, 0x0, 0x3c, 0x1e,
    0x0, 0x3c, 0x78, 0x0, 0x7f, 0xf0, 0x0, 0x7f,
    0xc0, 0x0, 0x3e, 0x0,

    /* U+0026 "&" */
    0x0, 0x10, 0x0, 0x3, 0xff, 0x0, 0xf, 0xfe,
    0x0, 0x3f, 0xfc, 0x0, 0xf0, 0x8, 0x1, 0xc0,
    0x0, 0x3, 0x80, 0x0, 0x7, 0x0, 0x0, 0xe,
    0x0, 0x0, 0x1e, 0x0, 0x0, 0x1c, 0x0, 0x0,
    0x3c, 0x0, 0x0, 0x3c, 0x0, 0x0, 0xf8, 0x0,
    0x7, 0xf8, 0x0, 0xf, 0xf8, 0x0, 0x3c, 0xf8,
    0xe, 0xf0, 0xf0, 0x1d, 0xe0, 0xf0, 0x3f, 0x80,
    0xf0, 0x7f, 0x1, 0xf0, 0xfe, 0x1, 0xe1, 0xfc,
    0x1, 0xe7, 0x78, 0x1, 0xee, 0xf8, 0x3, 0xf8,
    0xf0, 0x3, 0xf1, 0xf0, 0x3, 0xc1, 0xf0, 0xf,
    0xc1, 0xff, 0xff, 0xc1, 0xff, 0xf7, 0x81, 0xff,
    0x87, 0x80, 0x30, 0x0,

    /* U+0027 "'" */
    0xff, 0xff, 0xff, 0xff, 0xff, 0xf0,

    /* U+0028 "(" */
    0x3, 0x83, 0x81, 0xc1, 0xc1, 0xe0, 0xf0, 0x70,
    0x78, 0x3c, 0x3c, 0x1e, 0xf, 0x7, 0x87, 0x83,
    0xc1, 0xe0, 0xf0, 0x78, 0x3c, 0x1e, 0xf, 0x7,
    0x83, 0xc0, 0xe0, 0x78, 0x3c, 0x1e, 0x7, 0x3,
    0xc1, 0xe0, 0x70, 0x3c, 0xe, 0x7, 0x81, 0xc0,
    0xf0, 0x38,

    /* U+0029 ")" */
    0xe0, 0x38, 0x1c, 0x7, 0x3, 0xc1, 0xe0, 0x70,
    0x3c, 0x1e, 0x7, 0x83, 0xc1, 0xe0, 0xf0, 0x3c,
    0x1e, 0xf, 0x7, 0x83, 0xc1, 0xe0, 0xf0, 0x78,
    0x3c, 0x1e, 0xe, 0xf, 0x7, 0x83, 0xc1, 0xc1,
    0xe0, 0xf0, 0x70, 0x78, 0x38, 0x3c, 0x1c, 0x1e,
    0xe, 0x0,

    /* U+002A "*" */
    0x0, 0xe0, 0x0, 0x1c, 0x0, 0x3, 0x80, 0x0,
    0x70, 0x0, 0xe, 0x0, 0x1, 0xc0, 0x30, 0x38,
    0x1f, 0xc7, 0x1f, 0xff, 0xff, 0xe3, 0xff, 0xe0,
    0x1f, 0xf0, 0x0, 0xf8, 0x0, 0x3f, 0x80, 0xf,
    0x78, 0x1, 0xc7, 0x0, 0x70, 0x70, 0x1e, 0xf,
    0x3, 0x80, 0xe0, 0xe0, 0xe, 0x8, 0x0, 0x80,

    /* U+002B "+" */
    0x0, 0x78, 0x0, 0x3, 0xc0, 0x0, 0x1e, 0x0,
    0x0, 0xf0, 0x0, 0x7, 0x80, 0x0, 0x3c, 0x0,
    0x1, 0xe0, 0x0, 0xf, 0x0, 0x0, 0x78, 0x7,
    0xff, 0xff, 0xff, 0xff, 0xff, 0xff, 0xff, 0xf0,
    0x7, 0x80, 0x0, 0x3c, 0x0, 0x1, 0xe0, 0x0,
    0xf, 0x0, 0x0, 0x78, 0x0, 0x3, 0xc0, 0x0,
    0x1e, 0x0, 0x0, 0xf0, 0x0, 0x7, 0x80, 0x0,

    /* U+002C "," */
    0x3c, 0x7e, 0x7f, 0x7f, 0x7f, 0x3f, 0x7, 0x7,
    0xe, 0xe, 0x1c, 0x3c, 0xf8, 0xe0, 0x0,

    /* U+002D "-" */
    0xff, 0xff, 0xff, 0xff, 0xff, 0xff,

    /* U+002E "." */
    0x1, 0xef, 0xff, 0xff, 0xf7, 0x80,

    /* U+002F "/" */
    0x0, 0x0, 0xe0, 0x0, 0x1e, 0x0, 0x1, 0xc0,
    0x0, 0x3c, 0x0, 0x3, 0x80, 0x0, 0x78, 0x0,
    0x7, 0x80, 0x0, 0xf0, 0x0, 0xf, 0x0, 0x1,
    0xe0, 0x0, 0x1e, 0x0, 0x3, 0xc0, 0x0, 0x3c,
    0x0, 0x7, 0x80, 0x0, 0x78, 0x0, 0xf, 0x0,
    0x0, 0xf0, 0x0, 0xe, 0x0, 0x1, 0xe0, 0x0,
    0x1c, 0x0, 0x3, 0xc0, 0x0, 0x3c, 0x0, 0x7,
    0x80, 0x0, 0x78, 0x0, 0xf, 0x0, 0x0, 0xf0,
    0x0, 0x1e, 0x0, 0x1, 0xe0, 0x0, 0x3c, 0x0,
    0x3, 0xc0, 0x0, 0x78, 0x0, 0x7, 0x80, 0x0,
    0x70, 0x0, 0xf, 0x0, 0x0,

    /* U+0030 "0" */
    0x0, 0x40, 0x0, 0xff, 0x80, 0x3f, 0xf8, 0xf,
    0xff, 0x83, 0xe0, 0xf8, 0x78, 0xf, 0x1e, 0x0,
    0xf3, 0xc0, 0x1e, 0x78, 0x3, 0xce, 0xc, 0x7b,
    0xc1, 0x87, 0xf8, 0x70, 0xff, 0xf, 0x1f, 0xe1,
    0xe3, 0xfc, 0x3c, 0x7f, 0x87, 0x8f, 0xf0, 0xf1,
    0xfe, 0x1e, 0x3f, 0xc3, 0xc7, 0xf8, 0x78, 0xff,
    0x7, 0x1f, 0xe0, 0xc3, 0xdc, 0x18, 0xf3, 0xc0,
    0x1e, 0x78, 0x3, 0xcf, 0x0, 0x78, 0xf0, 0x1e,
    0x1f, 0x7, 0xc1, 0xff, 0xf0, 0x1f, 0xfc, 0x1,
    0xff, 0x0, 0x2, 0x0,

    /* U+0031 "1" */
    0x1, 0xe0, 0x0, 0xf8, 0x0, 0x7e, 0x0, 0x3f,
    0x80, 0x1f, 0xe0, 0xf, 0xf8, 0x7, 0xde, 0x1,
    0xe7, 0x80, 0x71, 0xe0, 0x8, 0x78, 0x2, 0x1e,
    0x0, 0x7, 0x80, 0x1, 0xe0, 0x0, 0x78, 0x0,
    0x1e, 0x0, 0x7, 0x80, 0x1, 0xe0, 0x0, 0x78,
    0x0, 0x1e, 0x0, 0x7, 0x80, 0x1, 0xe0, 0x0,
    0x78, 0x0, 0x1e, 0x0, 0x7, 0x80, 0x1, 0xe0,
    0x0, 0x78, 0x0, 0x1e, 0x1, 0xff, 0xff, 0x7f,
    0xff, 0xdf, 0xff, 0xf0,

    /* U+0032 "2" */
    0x0, 0x0, 0xf, 0xfe, 0xf, 0xff, 0xe3, 0xff,
    0xfc, 0xf0, 0xf, 0xb0, 0x1, 0xe0, 0x0, 0x3c,
    0x0, 0xf, 0x0, 0x3, 0xc0, 0x0, 0xf0, 0x0,
    0x3c, 0x0, 0x1f, 0x0, 0x7, 0x80, 0x3, 0xe0,
    0x0, 0xf0, 0x0, 0x7c, 0x0, 0x3e, 0x0, 0x1f,
    0x0, 0xf, 0x80, 0x7, 0xc0, 0x1, 0xe0, 0x0,
    0xf8, 0x0, 0x7c, 0x0, 0x3e, 0x0, 0x1f, 0x0,
    0xf, 0x80, 0x7, 0xc0, 0x3, 0xe0, 0x0, 0xff,
    0xff, 0xff, 0xff, 0xff, 0xff, 0xfc,

    /* U+0033 "3" */
    0x0, 0x0, 0xf, 0xff, 0x81, 0xff, 0xf8, 0x3f,
    0xff, 0x86, 0x0, 0xf8, 0x0, 0xf, 0x80, 0x0,
    0xf0, 0x0, 0x1e, 0x0, 0x3, 0xc0, 0x0, 0x78,
    0x0, 0x1f, 0x0, 0x3, 0xc0, 0x1, 0xf0, 0xf,
    0xfc, 0x1, 0xfe, 0x0, 0x3f, 0xf0, 0x0, 0x1f,
    0x80, 0x0, 0xf0, 0x0, 0xf, 0x0, 0x1, 0xf0,
    0x0, 0x1e, 0x0, 0x3, 0xc0, 0x0, 0x78, 0x0,
    0xf, 0x0, 0x1, 0xe0, 0x0, 0x7e, 0x0, 0xf,
    0x70, 0x7, 0xef, 0xff, 0xf9, 0xff, 0xfe, 0x1f,
    0xff, 0x0, 0xc, 0x0,

    /* U+0034 "4" */
    0x0, 0xf, 0x80, 0x0, 0xfc, 0x0, 0x7, 0xe0,
    0x0, 0x7f, 0x0, 0x3, 0xf8, 0x0, 0x3b, 0xc0,
    0x3, 0x9e, 0x0, 0x1c, 0xf0, 0x1, 0xc7, 0x80,
    0xe, 0x3c, 0x0, 0xe1, 0xe0, 0xf, 0xf, 0x0,
    0x70, 0x78, 0x7, 0x3, 0xc0, 0x78, 0x1e, 0x3,
    0x80, 0xf0, 0x3c, 0x7, 0x81, 0xc0, 0x3c, 0x1e,
    0x1, 0xe1, 0xe0, 0xf, 0xf, 0xff, 0xff, 0xff,
    0xff, 0xff, 0xff, 0xff, 0xe0, 0x0, 0xf0, 0x0,
    0x7, 0x80, 0x0, 0x3c, 0x0, 0x1, 0xe0, 0x0,
    0xf, 0x0, 0x0, 0x78, 0x0, 0x3, 0xc0,

    /* U+0035 "5" */
    0x3f, 0xff, 0x87, 0xff, 0xf0, 0xff, 0xfe, 0x1e,
    0x0, 0x3, 0xc0, 0x0, 0x78, 0x0, 0xf, 0x0,
    0x1, 0xe0, 0x0, 0x3c, 0x0, 0x7, 0x80, 0x0,
    0xff, 0xe0, 0x1f, 0xff, 0x3, 0xff, 0xf0, 0x70,
    0x3f, 0x0, 0x1, 0xf0, 0x0, 0x1e, 0x0, 0x3,
    0xe0, 0x0, 0x3c, 0x0, 0x7, 0x80, 0x0, 0xf0,
    0x0, 0x1e, 0x0, 0x3, 0xc0, 0x0, 0x78, 0x0,
    0x1f, 0x0, 0x3, 0xd0, 0x0, 0xfb, 0x80, 0x3e,
    0x7f, 0xff, 0x8f, 0xff, 0xe0, 0xff, 0xf8, 0x0,
    0x60, 0x0,

    /* U+0036 "6" */
    0x0, 0x0, 0x0, 0x7f, 0xf0, 0x1f, 0xfe, 0x7,
    0xff, 0xc1, 0xf0, 0x8, 0x7c, 0x0, 0xf, 0x0,
    0x3, 0xc0, 0x0, 0x78, 0x0, 0xf, 0x0, 0x3,
    0xc0, 0x0, 0x78, 0x7e, 0xf, 0x3f, 0xe1, 0xef,
    0xff, 0x3f, 0xc3, 0xe7, 0xe0, 0x3e, 0xfc, 0x3,
    0xdf, 0x0, 0x7f, 0xe0, 0x7, 0xfc, 0x0, 0xff,
    0x80, 0x1f, 0xf0, 0x3, 0xfe, 0x0, 0x7b, 0xc0,
    0xf, 0x78, 0x1, 0xef, 0x0, 0x78, 0xf0, 0xf,
    0x1f, 0x3, 0xe1, 0xff, 0xf8, 0x1f, 0xfe, 0x1,
    0xff, 0x0, 0x2, 0x0,

    /* U+0037 "7" */
    0xff, 0xff, 0xff, 0xff, 0xff, 0xff, 0xff, 0x80,
    0x1, 0xe0, 0x0, 0x3c, 0x0, 0xf, 0x80, 0x1,
    0xe0, 0x0, 0x3c, 0x0, 0xf, 0x0, 0x1, 0xe0,
    0x0, 0x3c, 0x0, 0xf, 0x0, 0x1, 0xe0, 0x0,
    0x78, 0x0, 0xf, 0x0, 0x1, 0xe0, 0x0, 0x78,
    0x0, 0xf, 0x0, 0x3, 0xe0, 0x0, 0x78, 0x0,
    0xf, 0x0, 0x3, 0xc0, 0x0, 0x78, 0x0, 0x1f,
    0x0, 0x3, 0xc0, 0x0, 0x78, 0x0, 0x1f, 0x0,
    0x3, 0xc0, 0x0, 0xf8, 0x0, 0x1e, 0x0, 0x0,

    /* U+0038 "8" */
    0x0, 0x0, 0x0, 0xff, 0xc0, 0x3f, 0xfc, 0xf,
    0xff, 0xc3, 0xe0, 0x7c, 0xf8, 0x7, 0xde, 0x0,
    0x7b, 0xc0, 0xf, 0x78, 0x1, 0xef, 0x0, 0x3d,
    0xe0, 0x7, 0x9c, 0x1, 0xe3, 0xc0, 0x3c, 0x3e,
    0x1f, 0x3, 0xff, 0xc0, 0x1f, 0xe0, 0x1f, 0xff,
    0x7, 0xc1, 0xf1, 0xe0, 0xf, 0x3c, 0x1, 0xef,
    0x0, 0x1f, 0xe0, 0x3, 0xfc, 0x0, 0x7f, 0x80,
    0xf, 0xf0, 0x1, 0xfe, 0x0, 0x7d, 0xe0, 0xf,
    0x3e, 0x3, 0xe3, 0xff, 0xf8, 0x3f, 0xfe, 0x3,
    0xff, 0x80, 0x2, 0x0,

    /* U+0039 "9" */
    0x0, 0x0, 0x0, 0xff, 0x80, 0x7f, 0xf8, 0x1f,
    0xff, 0x87, 0xc0, 0xf8, 0xf0, 0xf, 0x1e, 0x0,
    0xf7, 0x80, 0x1e, 0xf0, 0x3, 0xde, 0x0, 0x7b,
    0xc0, 0xf, 0xf8, 0x1, 0xff, 0x0, 0x3f, 0xe0,
    0x7, 0xfc, 0x0, 0xfb, 0xc0, 0x3f, 0x7c, 0x7,
    0xe7, 0xc3, 0xfc, 0xff, 0xf7, 0x8f, 0xfc, 0xf0,
    0x7e, 0x1e, 0x0, 0x3, 0xc0, 0x0, 0xf0, 0x0,
    0x1e, 0x0, 0x3, 0xc0, 0x0, 0xf0, 0x0, 0x3e,
    0x10, 0xf, 0x83, 0xff, 0xe0, 0x7f, 0xf8, 0xf,
    0xfe, 0x0, 0xc, 0x0,

    /* U+003A ":" */
    0x7b, 0xff, 0xff, 0xff, 0xf7, 0x80, 0x0, 0x0,
    0x0, 0x0, 0x7, 0xbf, 0xff, 0xff, 0xff, 0x78,

    /* U+003B ";" */
    0x1c, 0x3e, 0x7f, 0x7f, 0x7f, 0x3e, 0x1c, 0x0,
    0x0, 0x0, 0x0, 0x0, 0x0, 0x0, 0x0, 0x8,
    0x3e, 0x7e, 0x7f, 0x7f, 0x3f, 0x7, 0x7, 0x7,
    0xe, 0xe, 0x1c, 0x3c, 0xf8, 0x60, 0x0,

    /* U+003C "<" */
    0x0, 0x0, 0x8, 0x0, 0x3, 0xc0, 0x0, 0x7e,
    0x0, 0x1f, 0xf0, 0x3, 0xfe, 0x0, 0xff, 0x80,
    0x1f, 0xf0, 0x7, 0xfc, 0x0, 0xff, 0x0, 0x7,
    0xe0, 0x0, 0x3e, 0x0, 0x1, 0xfe, 0x0, 0x3,
    0xfc, 0x0, 0x7, 0xfc, 0x0, 0x7, 0xfc, 0x0,
    0xf, 0xf8, 0x0, 0xf, 0xf8, 0x0, 0x1f, 0xc0,
    0x0, 0x1e, 0x0, 0x0, 0x30,

    /* U+003D "=" */
    0xff, 0xff, 0xff, 0xff, 0xff, 0xff, 0xff, 0xfe,
    0x0, 0x0, 0x0, 0x0, 0x0, 0x0, 0x0, 0x0,
    0x0, 0x0, 0x0, 0x0, 0x0, 0xff, 0xff, 0xff,
    0xff, 0xff, 0xff, 0xff, 0xfe,

    /* U+003E ">" */
    0x80, 0x0, 0x7, 0x80, 0x0, 0x3f, 0x0, 0x1,
    0xff, 0x0, 0x3, 0xfe, 0x0, 0x3, 0xfe, 0x0,
    0x7, 0xfc, 0x0, 0x7, 0xfc, 0x0, 0x7, 0xf8,
    0x0, 0xf, 0xc0, 0x0, 0x3e, 0x0, 0xf, 0xf0,
    0x1, 0xfe, 0x0, 0x7f, 0xc0, 0x1f, 0xf0, 0x3,
    0xfe, 0x0, 0xff, 0x80, 0x7, 0xf0, 0x0, 0x3c,
    0x0, 0x1, 0x80, 0x0, 0x0,

    /* U+003F "?" */
    0x0, 0x0, 0x3f, 0xf0, 0xff, 0xfc, 0xff, 0xfe,
    0xe0, 0x1e, 0x80, 0x1f, 0x0, 0xf, 0x0, 0xf,
    0x0, 0xf, 0x0, 0x1f, 0x0, 0x1e, 0x0, 0x3e,
    0x0, 0x7c, 0x0, 0xf8, 0x1, 0xf0, 0x3, 0xe0,
    0x7, 0xc0, 0x7, 0x80, 0x7, 0x80, 0x7, 0x80,
    0x7, 0x80, 0x0, 0x0, 0x0, 0x0, 0x0, 0x0,
    0x0, 0x0, 0x0, 0x0, 0x7, 0x80, 0xf, 0xc0,
    0xf, 0xc0, 0xf, 0xc0, 0x7, 0x80, 0x0, 0x0,

    /* U+0040 "@" */
    0x0, 0x3f, 0x80, 0x3, 0xff, 0xc0, 0xf, 0xff,
    0xc0, 0x3e, 0x7, 0xc0, 0xf0, 0x3, 0xc3, 0xc0,
    0x3, 0x8f, 0x0, 0x7, 0x9c, 0x0, 0x7, 0x78,
    0x7, 0xce, 0xe0, 0x3f, 0xdd, 0xc0, 0xff, 0xfb,
    0x83, 0xc1, 0xfe, 0x7, 0x1, 0xfc, 0x1e, 0x3,
    0xf8, 0x38, 0x3, 0xf0, 0x70, 0x7, 0xe0, 0xe0,
    0xf, 0xc1, 0xc0, 0x1f, 0x83, 0x80, 0x3f, 0x7,
    0x80, 0xfe, 0x7, 0x1, 0xfc, 0xf, 0x7, 0xdc,
    0xf, 0xff, 0xb8, 0xf, 0xf7, 0x78, 0x7, 0xce,
    0x70, 0x0, 0x0, 0xf0, 0x0, 0x0, 0xf0, 0x0,
    0x1, 0xf0, 0x0, 0x1, 0xf0, 0x0, 0x1, 0xf8,
    0x8, 0x0, 0xff, 0xf8, 0x0, 0xff, 0xf0, 0x0,
    0x3f, 0xc0,

    /* U+0041 "A" */
    0x0, 0x7c, 0x0, 0x1, 0xf8, 0x0, 0x3, 0xf8,
    0x0, 0x7, 0xf0, 0x0, 0xe, 0xe0, 0x0, 0x3d,
    0xc0, 0x0, 0x7b, 0xc0, 0x0, 0xe7, 0x80, 0x3,
    0xc7, 0x0, 0x7, 0x8f, 0x0, 0xe, 0x1e, 0x0,
    0x3c, 0x1c, 0x0, 0x78, 0x3c, 0x0, 0xf0, 0x78,
    0x3, 0xc0, 0xf0, 0x7, 0x80, 0xf0, 0xf, 0x1,
    0xe0, 0x1c, 0x3, 0xc0, 0x78, 0x7, 0x80, 0xff,
    0xff, 0x81, 0xff, 0xff, 0x7, 0xff, 0xfe, 0xf,
    0x0, 0x1e, 0x1e, 0x0, 0x3c, 0x78, 0x0, 0x78,
    0xf0, 0x0, 0x79, 0xe0, 0x0, 0xf7, 0xc0, 0x1,
    0xef, 0x0, 0x3, 0xde, 0x0, 0x3, 0xc0,

    /* U+0042 "B" */
    0xff, 0xf8, 0x1f, 0xff, 0xc3, 0xff, 0xfc, 0x78,
    0x7, 0xcf, 0x0, 0x79, 0xe0, 0x7, 0xbc, 0x0,
    0xf7, 0x80, 0x1e, 0xf0, 0x3, 0xde, 0x0, 0x7b,
    0xc0, 0xf, 0x78, 0x3, 0xcf, 0x1, 0xf9, 0xff,
    0xfc, 0x3f, 0xfe, 0x7, 0xff, 0xf8, 0xf0, 0xf,
    0x9e, 0x0, 0x7b, 0xc0, 0xf, 0x78, 0x0, 0xff,
    0x0, 0x1f, 0xe0, 0x3, 0xfc, 0x0, 0x7f, 0x80,
    0xf, 0xf0, 0x3, 0xfe, 0x0, 0x7b, 0xc0, 0x3f,
    0x7f, 0xff, 0xcf, 0xff, 0xf1, 0xff, 0xf0, 0x0,

    /* U+0043 "C" */
    0x0, 0x0, 0x0, 0x3f, 0xf0, 0x1f, 0xff, 0x87,
    0xff, 0xf1, 0xf0, 0xe, 0x3c, 0x0, 0x4f, 0x0,
    0x3, 0xc0, 0x0, 0x78, 0x0, 0xf, 0x0, 0x1,
    0xe0, 0x0, 0x78, 0x0, 0xf, 0x0, 0x1, 0xe0,
    0x0, 0x3c, 0x0, 0x7, 0x80, 0x0, 0xf0, 0x0,
    0x1e, 0x0, 0x3, 0xc0, 0x0, 0x78, 0x0, 0xf,
    0x0, 0x0, 0xe0, 0x0, 0x1e, 0x0, 0x3, 0xc0,
    0x0, 0x78, 0x0, 0x7, 0x80, 0x0, 0xf8, 0x0,
    0x8f, 0x80, 0x70, 0xff, 0xfe, 0xf, 0xff, 0xc0,
    0x7f, 0xe0, 0x0, 0x80,

    /* U+0044 "D" */
    0xff, 0xc0, 0x1f, 0xff, 0x3, 0xff, 0xf8, 0x78,
    0x1f, 0x8f, 0x0, 0xf1, 0xe0, 0xf, 0x3c, 0x0,
    0xf7, 0x80, 0x1e, 0xf0, 0x3, 0xde, 0x0, 0x3b,
    0xc0, 0x7, 0xf8, 0x0, 0xff, 0x0, 0x1f, 0xe0,
    0x3, 0xfc, 0x0, 0x7f, 0x80, 0xf, 0xf0, 0x1,
    0xfe, 0x0, 0x3f, 0xc0, 0x7, 0xf8, 0x0, 0xff,
    0x0, 0x1d, 0xe0, 0x7, 0xbc, 0x0, 0xf7, 0x80,
    0x1e, 0xf0, 0x7, 0x9e, 0x1, 0xe3, 0xc0, 0xfc,
    0x7f, 0xff, 0xf, 0xff, 0x81, 0xff, 0x80, 0x0,

    /* U+0045 "E" */
    0xff, 0xff, 0xff, 0xff, 0xff, 0xff, 0xff, 0xc0,
    0x0, 0xf0, 0x0, 0x3c, 0x0, 0xf, 0x0, 0x3,
    0xc0, 0x0, 0xf0, 0x0, 0x3c, 0x0, 0xf, 0x0,
    0x3, 0xc0, 0x0, 0xf0, 0x0, 0x3f, 0xff, 0xef,
    0xff, 0xfb, 0xff, 0xfe, 0xf0, 0x0, 0x3c, 0x0,
    0xf, 0x0, 0x3, 0xc0, 0x0, 0xf0, 0x0, 0x3c,
    0x0, 0xf, 0x0, 0x3, 0xc0, 0x0, 0xf0, 0x0,
    0x3c, 0x0, 0xf, 0x0, 0x3, 0xff, 0xff, 0xff,
    0xff, 0xff, 0xff, 0xf0,

    /* U+0046 "F" */
    0xff, 0xff, 0xff, 0xff, 0xff, 0xff, 0xff, 0xc0,
    0x0, 0xf0, 0x0, 0x3c, 0x0, 0xf, 0x0, 0x3,
    0xc0, 0x0, 0xf0, 0x0, 0x3c, 0x0, 0xf, 0x0,
    0x3, 0xc0, 0x0, 0xf0, 0x0, 0x3f, 0xff, 0xef,
    0xff, 0xfb, 0xff, 0xfe, 0xf0, 0x0, 0x3c, 0x0,
    0xf, 0x0, 0x3, 0xc0, 0x0, 0xf0, 0x0, 0x3c,
    0x0, 0xf, 0x0, 0x3, 0xc0, 0x0, 0xf0, 0x0,
    0x3c, 0x0, 0xf, 0x0, 0x3, 0xc0, 0x0, 0xf0,
    0x0, 0x3c, 0x0, 0x0,

    /* U+0047 "G" */
    0x0, 0x0, 0x0, 0x1f, 0xf8, 0x7, 0xff, 0xe0,
    0xff, 0xfe, 0x1f, 0x0, 0xe1, 0xe0, 0x2, 0x3c,
    0x0, 0x7, 0xc0, 0x0, 0x78, 0x0, 0x7, 0x80,
    0x0, 0x78, 0x0, 0xf, 0x0, 0x0, 0xf0, 0x0,
    0xf, 0x0, 0x0, 0xf0, 0x0, 0xf, 0x0, 0x0,
    0xf0, 0xf, 0xff, 0x0, 0xff, 0xf0, 0xf, 0xff,
    0x0, 0xf, 0xf0, 0x0, 0xf7, 0x0, 0xf, 0x78,
    0x0, 0xf7, 0x80, 0xf, 0x78, 0x0, 0xf3, 0xc0,
    0xf, 0x3e, 0x0, 0xf1, 0xf0, 0xf, 0xf, 0xff,
    0xf0, 0x7f, 0xfe, 0x1, 0xff, 0x80, 0x1, 0x80,

    /* U+0048 "H" */
    0xf0, 0x1, 0xfe, 0x0, 0x3f, 0xc0, 0x7, 0xf8,
    0x0, 0xff, 0x0, 0x1f, 0xe0, 0x3, 0xfc, 0x0,
    0x7f, 0x80, 0xf, 0xf0, 0x1, 0xfe, 0x0, 0x3f,
    0xc0, 0x7, 0xf8, 0x0, 0xff, 0x0, 0x1f, 0xff,
    0xff, 0xff, 0xff, 0xff, 0xff, 0xff, 0xf0, 0x1,
    0xfe, 0x0, 0x3f, 0xc0, 0x7, 0xf8, 0x0, 0xff,
    0x0, 0x1f, 0xe0, 0x3, 0xfc, 0x0, 0x7f, 0x80,
    0xf, 0xf0, 0x1, 0xfe, 0x0, 0x3f, 0xc0, 0x7,
    0xf8, 0x0, 0xff, 0x0, 0x1f, 0xe0, 0x3, 0xc0,

    /* U+0049 "I" */
    0xff, 0xff, 0xff, 0xff, 0xff, 0xff, 0xe0, 0x78,
    0x0, 0x3c, 0x0, 0x1e, 0x0, 0xf, 0x0, 0x7,
    0x80, 0x3, 0xc0, 0x1, 0xe0, 0x0, 0xf0, 0x0,
    0x78, 0x0, 0x3c, 0x0, 0x1e, 0x0, 0xf, 0x0,
    0x7, 0x80, 0x3, 0xc0, 0x1, 0xe0, 0x0, 0xf0,
    0x0, 0x78, 0x0, 0x3c, 0x0, 0x1e, 0x0, 0xf,
    0x0, 0x7, 0x80, 0x3, 0xc0, 0x1, 0xe0, 0x0,
    0xf0, 0x1f, 0xff, 0xff, 0xff, 0xff, 0xff, 0xfc,

    /* U+004A "J" */
    0x7, 0xff, 0x83, 0xff, 0xc1, 0xff, 0xe0, 0x0,
    0xf0, 0x0, 0x78, 0x0, 0x3c, 0x0, 0x1e, 0x0,
    0xf, 0x0, 0x7, 0x80, 0x3, 0xc0, 0x1, 0xe0,
    0x0, 0xf0, 0x0, 0x78, 0x0, 0x3c, 0x0, 0x1e,
    0x0, 0xf, 0x0, 0x7, 0x80, 0x3, 0xc0, 0x1,
    0xe0, 0x0, 0xf0, 0x0, 0x78, 0x0, 0x3c, 0x0,
    0x1e, 0x0, 0xf, 0x0, 0x7, 0xe0, 0x7, 0xbc,
    0x7, 0xdf, 0xff, 0xcf, 0xff, 0xe1, 0xff, 0xc0,
    0x4, 0x0,

    /* U+004B "K" */
    0xf0, 0x0, 0xfb, 0xc0, 0x7, 0xcf, 0x0, 0x3e,
    0x3c, 0x1, 0xf0, 0xf0, 0xf, 0x83, 0xc0, 0x7c,
    0xf, 0x3, 0xe0, 0x3c, 0xf, 0x0, 0xf0, 0x78,
    0x3, 0xc3, 0xc0, 0xf, 0x1e, 0x0, 0x3c, 0xf0,
    0x0, 0xf7, 0xc0, 0x3, 0xff, 0x80, 0xf, 0xfe,
    0x0, 0x3f, 0xfc, 0x0, 0xfc, 0xf8, 0x3, 0xe1,
    0xe0, 0xf, 0x7, 0xc0, 0x3c, 0xf, 0x80, 0xf0,
    0x1e, 0x3, 0xc0, 0x7c, 0xf, 0x0, 0xf8, 0x3c,
    0x1, 0xe0, 0xf0, 0x7, 0xc3, 0xc0, 0xf, 0x8f,
    0x0, 0x1e, 0x3c, 0x0, 0x7c, 0xf0, 0x0, 0xfb,
    0xc0, 0x3, 0xe0,

    /* U+004C "L" */
    0xf0, 0x0, 0x1e, 0x0, 0x3, 0xc0, 0x0, 0x78,
    0x0, 0xf, 0x0, 0x1, 0xe0, 0x0, 0x3c, 0x0,
    0x7, 0x80, 0x0, 0xf0, 0x0, 0x1e, 0x0, 0x3,
    0xc0, 0x0, 0x78, 0x0, 0xf, 0x0, 0x1, 0xe0,
    0x0, 0x3c, 0x0, 0x7, 0x80, 0x0, 0xf0, 0x0,
    0x1e, 0x0, 0x3, 0xc0, 0x0, 0x78, 0x0, 0xf,
    0x0, 0x1, 0xe0, 0x0, 0x3c, 0x0, 0x7, 0x80,
    0x0, 0xf0, 0x0, 0x1e, 0x0, 0x3, 0xc0, 0x0,
    0x7f, 0xff, 0xff, 0xff, 0xff, 0xff, 0xff, 0xc0,

    /* U+004D "M" */
    0xfc, 0x1, 0xff, 0xe0, 0xf, 0xff, 0x0, 0x7f,
    0xfc, 0x7, 0xff, 0xe0, 0x3f, 0xfb, 0x1, 0xbf,
    0xdc, 0x1d, 0xfe, 0xe0, 0xef, 0xf3, 0x6, 0x7f,
    0x9c, 0x73, 0xfc, 0xe3, 0x9f, 0xe3, 0x18, 0xff,
    0x1d, 0xc7, 0xf8, 0xee, 0x3f, 0xc3, 0x71, 0xfe,
    0x1f, 0xf, 0xf0, 0xf8, 0x7f, 0x87, 0xc3, 0xfc,
    0x1c, 0x1f, 0xe0, 0x0, 0xff, 0x0, 0x7, 0xf8,
    0x0, 0x3f, 0xc0, 0x1, 0xfe, 0x0, 0xf, 0xf0,
    0x0, 0x7f, 0x80, 0x3, 0xfc, 0x0, 0x1f, 0xe0,
    0x0, 0xff, 0x0, 0x7, 0xf8, 0x0, 0x3c,

    /* U+004E "N" */
    0xf8, 0x1, 0xff, 0x80, 0x3f, 0xf0, 0x7, 0xff,
    0x0, 0xff, 0xe0, 0x1f, 0xfc, 0x3, 0xff, 0xc0,
    0x7f, 0xb8, 0xf, 0xf7, 0x81, 0xfe, 0x70, 0x3f,
    0xce, 0x7, 0xf9, 0xe0, 0xff, 0x1c, 0x1f, 0xe3,
    0xc3, 0xfc, 0x38, 0x7f, 0x87, 0xf, 0xf0, 0xf1,
    0xfe, 0xe, 0x3f, 0xc1, 0xe7, 0xf8, 0x1c, 0xff,
    0x3, 0x9f, 0xe0, 0x7b, 0xfc, 0x7, 0x7f, 0x80,
    0xff, 0xf0, 0xf, 0xfe, 0x1, 0xff, 0xc0, 0x3f,
    0xf8, 0x3, 0xff, 0x0, 0x7f, 0xe0, 0x7, 0xc0,

    /* U+004F "O" */
    0x0, 0x0, 0x0, 0x3f, 0xe0, 0xf, 0xff, 0x1,
    0xff, 0xf8, 0x3e, 0x7, 0xc3, 0xc0, 0x3c, 0x78,
    0x1, 0xe7, 0x80, 0x1e, 0x78, 0x1, 0xe7, 0x0,
    0xe, 0xf0, 0x0, 0xff, 0x0, 0xf, 0xf0, 0x0,
    0xff, 0x0, 0xf, 0xf0, 0x0, 0xff, 0x0, 0xf,
    0xf0, 0x0, 0xff, 0x0, 0xf, 0xf0, 0x0, 0xff,
    0x0, 0xf, 0xf0, 0x0, 0xff, 0x0, 0xf, 0x78,
    0x0, 0xe7, 0x80, 0x1e, 0x78, 0x1, 0xe7, 0x80,
    0x1e, 0x3c, 0x3, 0xc3, 0xe0, 0x7c, 0x1f, 0xff,
    0x80, 0xff, 0xf0, 0x7, 0xfe, 0x0, 0x6, 0x0,

    /* U+0050 "P" */
    0xff, 0xf8, 0x1f, 0xff, 0xc3, 0xff, 0xfe, 0x78,
    0x7, 0xcf, 0x0, 0x7d, 0xe0, 0x7, 0xbc, 0x0,
    0x7f, 0x80, 0xf, 0xf0, 0x1, 0xfe, 0x0, 0x3f,
    0xc0, 0x7, 0xf8, 0x0, 0xff, 0x0, 0x3d, 0xe0,
    0xf, 0xbc, 0x3, 0xe7, 0xff, 0xfc, 0xff, 0xfe,
    0x1f, 0xff, 0x3, 0xc0, 0x0, 0x78, 0x0, 0xf,
    0x0, 0x1, 0xe0, 0x0, 0x3c, 0x0, 0x7, 0x80,
    0x0, 0xf0, 0x0, 0x1e, 0x0, 0x3, 0xc0, 0x0,
    0x78, 0x0, 0xf, 0x0, 0x1, 0xe0, 0x0, 0x0,

    /* U+0051 "Q" */
    0x0, 0x0, 0x0, 0xf, 0xf8, 0x0, 0xff, 0xf0,
    0x7, 0xff, 0xe0, 0x3e, 0x7, 0xc0, 0xf0, 0xf,
    0x7, 0x80, 0x1e, 0x1e, 0x0, 0x78, 0x78, 0x1,
    0xe1, 0xc0, 0x3, 0x8f, 0x0, 0xf, 0x3c, 0x0,
    0x3c, 0xf0, 0x0, 0xf3, 0xc0, 0x3, 0xcf, 0x0,
    0xf, 0x3c, 0x0, 0x3c, 0xf0, 0x0, 0xf3, 0xc0,
    0x3, 0xcf, 0x0, 0xf, 0x3c, 0x0, 0x3c, 0xf0,
    0x0, 0xf3, 0xc0, 0x3, 0xc7, 0x80, 0xe, 0x1e,
    0x0, 0x78, 0x78, 0x1, 0xe1, 0xe0, 0x7, 0x83,
    0xc0, 0x3c, 0xf, 0x81, 0xf0, 0x1f, 0xff, 0x80,
    0x3f, 0xfc, 0x0, 0x3f, 0xe0, 0x0, 0x1f, 0xc0,
    0x0, 0xf, 0x0, 0x0, 0x1e, 0x0, 0x0, 0x3c,
    0x0, 0x0, 0x78, 0x0, 0x0, 0xf0, 0x0, 0x1,
    0xe0,

    /* U+0052 "R" */
    0xff, 0xf0, 0x7, 0xff, 0xe0, 0x3f, 0xff, 0xc1,
    0xe0, 0x3f, 0xf, 0x0, 0x78, 0x78, 0x3, 0xe3,
    0xc0, 0xf, 0x1e, 0x0, 0x78, 0xf0, 0x3, 0xc7,
    0x80, 0x1e, 0x3c, 0x0, 0xf1, 0xe0, 0xf, 0x8f,
    0x0, 0x78, 0x78, 0xf, 0x83, 0xff, 0xf8, 0x1f,
    0xff, 0x0, 0xff, 0xfc, 0x7, 0x81, 0xf0, 0x3c,
    0x7, 0xc1, 0xe0, 0x1e, 0xf, 0x0, 0x78, 0x78,
    0x3, 0xc3, 0xc0, 0xf, 0x1e, 0x0, 0x78, 0xf0,
    0x1, 0xe7, 0x80, 0xf, 0x3c, 0x0, 0x7d, 0xe0,
    0x1, 0xef, 0x0, 0xf, 0xf8, 0x0, 0x3c,

    /* U+0053 "S" */
    0x0, 0x0, 0x0, 0xff, 0xe0, 0x7f, 0xfe, 0x1f,
    0xff, 0xc7, 0xc0, 0x18, 0xf0, 0x0, 0x3c, 0x0,
    0x7, 0x80, 0x0, 0xf0, 0x0, 0x1e, 0x0, 0x3,
    0xc0, 0x0, 0x7c, 0x0, 0x7, 0xe0, 0x0, 0xff,
    0x80, 0xf, 0xfe, 0x0, 0xff, 0xf0, 0x7, 0xff,
    0x80, 0x1f, 0xf8, 0x0, 0x3f, 0x0, 0x1, 0xf0,
    0x0, 0x3e, 0x0, 0x3, 0xc0, 0x0, 0x78, 0x0,
    0xf, 0x0, 0x1, 0xe0, 0x0, 0x3f, 0x0, 0xf,
    0x78, 0x3, 0xef, 0xff, 0xf9, 0xff, 0xfe, 0xf,
    0xff, 0x0, 0x4, 0x0,

    /* U+0054 "T" */
    0xff, 0xff, 0xff, 0xff, 0xff, 0xff, 0xff, 0xff,
    0xf8, 0x3, 0xc0, 0x0, 0x7, 0x80, 0x0, 0xf,
    0x0, 0x0, 0x1e, 0x0, 0x0, 0x3c, 0x0, 0x0,
    0x78, 0x0, 0x0, 0xf0, 0x0, 0x1, 0xe0, 0x0,
    0x3, 0xc0, 0x0, 0x7, 0x80, 0x0, 0xf, 0x0,
    0x0, 0x1e, 0x0, 0x0, 0x3c, 0x0, 0x0, 0x78,
    0x0, 0x0, 0xf0, 0x0, 0x1, 0xe0, 0x0, 0x3,
    0xc0, 0x0, 0x7, 0x80, 0x0, 0xf, 0x0, 0x0,
    0x1e, 0x0, 0x0, 0x3c, 0x0, 0x0, 0x78, 0x0,
    0x0, 0xf0, 0x0, 0x1, 0xe0, 0x0, 0x3, 0xc0,
    0x0, 0x7, 0x80, 0x0, 0xf, 0x0, 0x0,

    /* U+0055 "U" */
    0xf0, 0x1, 0xfe, 0x0, 0x3f, 0xc0, 0x7, 0xf8,
    0x0, 0xff, 0x0, 0x1f, 0xe0, 0x3, 0xfc, 0x0,
    0x7f, 0x80, 0xf, 0xf0, 0x1, 0xfe, 0x0, 0x3f,
    0xc0, 0x7, 0xf8, 0x0, 0xff, 0x0, 0x1f, 0xe0,
    0x3, 0xfc, 0x0, 0x7f, 0x80, 0xf, 0xf0, 0x1,
    0xfe, 0x0, 0x3f, 0xc0, 0x7, 0xf8, 0x0, 0xff,
    0x0, 0x1f, 0xe0, 0x3, 0xfc, 0x0, 0x7f, 0x80,
    0xf, 0xf0, 0x1, 0xef, 0x0, 0x79, 0xf0, 0x1f,
    0x1f, 0xff, 0xc1, 0xff, 0xf0, 0xf, 0xf8, 0x0,
    0x10, 0x0,

    /* U+0056 "V" */
    0xf0, 0x0, 0x3c, 0xf0, 0x0, 0x79, 0xe0, 0x0,
    0xf3, 0xc0, 0x3, 0xe7, 0xc0, 0x7, 0x87, 0x80,
    0xf, 0xf, 0x0, 0x1e, 0x1e, 0x0, 0x78, 0x1e,
    0x0, 0xf0, 0x3c, 0x1, 0xe0, 0x78, 0x3, 0xc0,
    0xf0, 0xf, 0x0, 0xf0, 0x1e, 0x1, 0xe0, 0x3c,
    0x3, 0xc0, 0x70, 0x3, 0x81, 0xe0, 0x7, 0x83,
    0xc0, 0xf, 0x7, 0x0, 0xe, 0x1e, 0x0, 0x1c,
    0x3c, 0x0, 0x3c, 0x78, 0x0, 0x78, 0xe0, 0x0,
    0x73, 0xc0, 0x0, 0xf7, 0x80, 0x1, 0xee, 0x0,
    0x1, 0xdc, 0x0, 0x3, 0xf8, 0x0, 0x7, 0xf0,
    0x0, 0xf, 0xc0, 0x0, 0xf, 0x80, 0x0,

    /* U+0057 "W" */
    0xf0, 0x0, 0x7, 0xf8, 0x0, 0x3, 0xbc, 0x0,
    0x3, 0xce, 0x0, 0x1, 0xe7, 0x0, 0x0, 0xf3,
    0xc0, 0x0, 0x79, 0xe0, 0x0, 0x3c, 0xf0, 0x0,
    0x1e, 0x78, 0x3c, 0xe, 0x3c, 0x1f, 0x7, 0xe,
    0xf, 0x87, 0x87, 0x7, 0xc3, 0xc3, 0x87, 0xe1,
    0xe1, 0xe3, 0xb8, 0xf0, 0xf1, 0xdc, 0x78, 0x78,
    0xee, 0x38, 0x3c, 0xe7, 0x1c, 0xe, 0x71, 0x8e,
    0x7, 0x38, 0xe7, 0x3, 0x9c, 0x77, 0x81, 0xcc,
    0x3b, 0xc0, 0xee, 0x1d, 0xc0, 0x7f, 0x6, 0xe0,
    0x3f, 0x83, 0xf0, 0xf, 0xc1, 0xf8, 0x7, 0xc0,
    0xfc, 0x3, 0xe0, 0x3e, 0x1, 0xf0, 0x1f, 0x0,
    0xf8, 0xf, 0x0, 0x78, 0x7, 0x80,

    /* U+0058 "X" */
    0x3c, 0x0, 0x1e, 0x1e, 0x0, 0x3e, 0x1f, 0x0,
    0x3c, 0xf, 0x0, 0x78, 0xf, 0x80, 0x78, 0x7,
    0x80, 0xf0, 0x3, 0xc1, 0xf0, 0x3, 0xc1, 0xe0,
    0x1, 0xe3, 0xc0, 0x0, 0xf3, 0xc0, 0x0, 0xf7,
    0x80, 0x0, 0x7f, 0x0, 0x0, 0x7f, 0x0, 0x0,
    0x3e, 0x0, 0x0, 0x3e, 0x0, 0x0, 0x7f, 0x0,
    0x0, 0x7f, 0x0, 0x0, 0xf7, 0x80, 0x0, 0xf7,
    0x80, 0x1, 0xe3, 0xc0, 0x3, 0xe1, 0xe0, 0x3,
    0xc1, 0xe0, 0x7, 0x80, 0xf0, 0xf, 0x80, 0xf0,
    0xf, 0x0, 0x78, 0x1e, 0x0, 0x7c, 0x1e, 0x0,
    0x3c, 0x3c, 0x0, 0x1e, 0x7c, 0x0, 0x1e, 0x78,
    0x0, 0xf,

    /* U+0059 "Y" */
    0x78, 0x0, 0x1e, 0x7c, 0x0, 0x3e, 0x3c, 0x0,
    0x3c, 0x3e, 0x0, 0x7c, 0x1e, 0x0, 0x78, 0xf,
    0x0, 0xf0, 0xf, 0x0, 0xf0, 0x7, 0x81, 0xe0,
    0x7, 0x81, 0xe0, 0x3, 0xc3, 0xc0, 0x3, 0xe7,
    0xc0, 0x1, 0xe7, 0x80, 0x0, 0xff, 0x0, 0x0,
    0xff, 0x0, 0x0, 0x7e, 0x0, 0x0, 0x7e, 0x0,
    0x0, 0x3c, 0x0, 0x0, 0x3c, 0x0, 0x0, 0x3c,
    0x0, 0x0, 0x3c, 0x0, 0x0, 0x3c, 0x0, 0x0,
    0x3c, 0x0, 0x0, 0x3c, 0x0, 0x0, 0x3c, 0x0,
    0x0, 0x3c, 0x0, 0x0, 0x3c, 0x0, 0x0, 0x3c,
    0x0, 0x0, 0x3c, 0x0, 0x0, 0x3c, 0x0, 0x0,
    0x3c, 0x0,

    /* U+005A "Z" */
    0x7f, 0xff, 0xf7, 0xff, 0xff, 0x7f, 0xff, 0xf0,
    0x0, 0x1f, 0x0, 0x3, 0xe0, 0x0, 0x3c, 0x0,
    0x7, 0xc0, 0x0, 0x78, 0x0, 0xf, 0x0, 0x1,
    0xf0, 0x0, 0x1e, 0x0, 0x3, 0xc0, 0x0, 0x7c,
    0x0, 0x7, 0x80, 0x0, 0xf8, 0x0, 0x1f, 0x0,
    0x1, 0xe0, 0x0, 0x3e, 0x0, 0x3, 0xc0, 0x0,
    0x78, 0x0, 0xf, 0x80, 0x0, 0xf0, 0x0, 0x1f,
    0x0, 0x3, 0xe0, 0x0, 0x3c, 0x0, 0x7, 0xc0,
    0x0, 0xf8, 0x0, 0xf, 0xff, 0xff, 0xff, 0xff,
    0xff, 0xff, 0xff,

    /* U+005B "[" */
    0xff, 0xff, 0xff, 0xff, 0xff, 0xe0, 0xf, 0x0,
    0x78, 0x3, 0xc0, 0x1e, 0x0, 0xf0, 0x7, 0x80,
    0x3c, 0x1, 0xe0, 0xf, 0x0, 0x78, 0x3, 0xc0,
    0x1e, 0x0, 0xf0, 0x7, 0x80, 0x3c, 0x1, 0xe0,
    0xf, 0x0, 0x78, 0x3, 0xc0, 0x1e, 0x0, 0xf0,
    0x7, 0x80, 0x3c, 0x1, 0xe0, 0xf, 0x0, 0x78,
    0x3, 0xc0, 0x1e, 0x0, 0xf0, 0x7, 0x80, 0x3c,
    0x1, 0xff, 0xff, 0xff, 0xff, 0xfc,

    /* U+005C "\\" */
    0xf0, 0x0, 0x1e, 0x0, 0x1, 0xe0, 0x0, 0x3c,
    0x0, 0x3, 0xc0, 0x0, 0x78, 0x0, 0x7, 0x0,
    0x0, 0xf0, 0x0, 0xe, 0x0, 0x1, 0xe0, 0x0,
    0x3c, 0x0, 0x3, 0xc0, 0x0, 0x78, 0x0, 0x7,
    0x80, 0x0, 0xf0, 0x0, 0xf, 0x0, 0x1, 0xe0,
    0x0, 0x1e, 0x0, 0x3, 0xc0, 0x0, 0x3c, 0x0,
    0x7, 0x80, 0x0, 0x70, 0x0, 0xf, 0x0, 0x0,
    0xe0, 0x0, 0x1e, 0x0, 0x1, 0xc0, 0x0, 0x3c,
    0x0, 0x7, 0x80, 0x0, 0x78, 0x0, 0xf, 0x0,
    0x0, 0xf0, 0x0, 0x1e, 0x0, 0x1, 0xe0, 0x0,
    0x3c,

    /* U+005D "]" */
    0xff, 0xff, 0xff, 0xff, 0xfe, 0x0, 0xf0, 0x7,
    0x80, 0x3c, 0x1, 0xe0, 0xf, 0x0, 0x78, 0x3,
    0xc0, 0x1e, 0x0, 0xf0, 0x7, 0x80, 0x3c, 0x1,
    0xe0, 0xf, 0x0, 0x78, 0x3, 0xc0, 0x1e, 0x0,
    0xf0, 0x7, 0x80, 0x3c, 0x1, 0xe0, 0xf, 0x0,
    0x78, 0x3, 0xc0, 0x1e, 0x0, 0xf0, 0x7, 0x80,
    0x3c, 0x1, 0xe0, 0xf, 0x0, 0x78, 0x3, 0xc0,
    0x1f, 0xff, 0xff, 0xff, 0xff, 0xfc,

    /* U+005E "^" */
    0x0, 0x7c, 0x0, 0x3, 0xf0, 0x0, 0x1f, 0xe0,
    0x0, 0x7b, 0xc0, 0x3, 0xc7, 0x80, 0x1e, 0x1f,
    0x0, 0xf0, 0x3e, 0x7, 0x80, 0x78, 0x1c, 0x0,
    0xf0, 0xe0, 0x1, 0xe7, 0x0, 0x3, 0xc0,

    /* U+005F "_" */
    0xff, 0xff, 0xff, 0xff, 0xff, 0xff, 0xff, 0xfe,

    /* U+0060 "`" */
    0xf0, 0x78, 0x1e, 0x7, 0x81, 0xe0, 0x70, 0x1c,
    0x7,

    /* U+0061 "a" */
    0x0, 0x40, 0x1, 0xff, 0xe0, 0x3f, 0xff, 0x3,
    0xff, 0xf8, 0x30, 0x7, 0xc0, 0x0, 0x3e, 0x0,
    0x1, 0xe0, 0x0, 0x1e, 0x0, 0x1, 0xe0, 0x3f,
    0xfe, 0x1f, 0xff, 0xe3, 0xff, 0xfe, 0x7e, 0x1,
    0xef, 0x80, 0x1e, 0xf0, 0x1, 0xef, 0x0, 0x1e,
    0xf0, 0x3, 0xef, 0x0, 0x3e, 0xf0, 0x7, 0xe7,
    0x80, 0xfe, 0x7f, 0xfe, 0xe3, 0xff, 0xcf, 0x1f,
    0xf0, 0xf0, 0x10, 0x0,

    /* U+0062 "b" */
    0xf0, 0x0, 0x3c, 0x0, 0xf, 0x0, 0x3, 0xc0,
    0x0, 0xf0, 0x0, 0x3c, 0x0, 0xf, 0x0, 0x3,
    0xc0, 0x0, 0xf0, 0x0, 0x3c, 0xff, 0xf, 0x7f,
    0xe3, 0xff, 0xfc, 0xfc, 0xf, 0x3e, 0x1, 0xef,
    0x80, 0x7b, 0xe0, 0x1e, 0xf0, 0x3, 0xfc, 0x0,
    0xff, 0x0, 0x3f, 0xc0, 0xf, 0xf0, 0x3, 0xfc,
    0x0, 0xff, 0x0, 0x3f, 0xc0, 0xf, 0xf8, 0x7,
    0xbe, 0x1, 0xef, 0x80, 0x7b, 0xf0, 0x3c, 0xff,
    0xff, 0x3d, 0xff, 0x8f, 0x3f, 0xc0, 0x1, 0x0,

    /* U+0063 "c" */
    0x0, 0x0, 0x0, 0xff, 0xc0, 0xff, 0xfc, 0x7f,
    0xff, 0x3e, 0x1, 0xcf, 0x0, 0x17, 0x80, 0x1,
    0xe0, 0x0, 0xf0, 0x0, 0x3c, 0x0, 0xf, 0x0,
    0x3, 0xc0, 0x0, 0xf0, 0x0, 0x3c, 0x0, 0xf,
    0x0, 0x3, 0xc0, 0x0, 0x78, 0x0, 0x1e, 0x0,
    0x7, 0xc0, 0x4, 0xf8, 0x3, 0x1f, 0xff, 0xc3,
    0xff, 0xf0, 0x3f, 0xf0, 0x0, 0x80,

    /* U+0064 "d" */
    0x0, 0x1, 0xe0, 0x0, 0x3c, 0x0, 0x7, 0x80,
    0x0, 0xf0, 0x0, 0x1e, 0x0, 0x3, 0xc0, 0x0,
    0x78, 0x0, 0xf, 0x0, 0x1, 0xe0, 0xff, 0x3c,
    0x7f, 0xf7, 0x9f, 0xff, 0xf3, 0xc0, 0x7e, 0xf0,
    0xf, 0xde, 0x0, 0xff, 0xc0, 0x1f, 0xf0, 0x1,
    0xfe, 0x0, 0x3f, 0xc0, 0x7, 0xf8, 0x0, 0xff,
    0x0, 0x1f, 0xe0, 0x3, 0xfc, 0x0, 0x7f, 0x80,
    0xf, 0x78, 0x3, 0xef, 0x0, 0x7d, 0xe0, 0x1f,
    0x9e, 0x3, 0xf3, 0xff, 0xfe, 0x3f, 0xfb, 0xc1,
    0xfe, 0x78, 0x4, 0x0,

    /* U+0065 "e" */
    0x0, 0x20, 0x0, 0x3f, 0xe0, 0xf, 0xff, 0x81,
    0xff, 0xfc, 0x3e, 0x3, 0xc3, 0xc0, 0x1e, 0x78,
    0x1, 0xe7, 0x80, 0xf, 0xf0, 0x0, 0xff, 0x0,
    0xf, 0xff, 0xff, 0xff, 0xff, 0xff, 0xff, 0xff,
    0xff, 0x0, 0x0, 0xf0, 0x0, 0xf, 0x0, 0x0,
    0x78, 0x0, 0x7, 0x80, 0x0, 0x7c, 0x0, 0x3,
    0xe0, 0xe, 0x1f, 0xff, 0xe0, 0xff, 0xfe, 0x3,
    0xff, 0x80, 0x3, 0x0,

    /* U+0066 "f" */
    0x0, 0x3f, 0x80, 0x7f, 0xc0, 0x7f, 0xe0, 0x3c,
    0x0, 0x3c, 0x0, 0x1e, 0x0, 0xf, 0x0, 0x7,
    0x80, 0x3, 0xc0, 0x7f, 0xff, 0xff, 0xff, 0xff,
    0xff, 0xf0, 0x3c, 0x0, 0x1e, 0x0, 0xf, 0x0,
    0x7, 0x80, 0x3, 0xc0, 0x1, 0xe0, 0x0, 0xf0,
    0x0, 0x78, 0x0, 0x3c, 0x0, 0x1e, 0x0, 0xf,
    0x0, 0x7, 0x80, 0x3, 0xc0, 0x1, 0xe0, 0x0,
    0xf0, 0x0, 0x78, 0x0, 0x3c, 0x0, 0x1e, 0x0,
    0xf, 0x0,

    /* U+0067 "g" */
    0x0, 0x0, 0x0, 0xff, 0x3c, 0x7f, 0xf7, 0x9f,
    0xff, 0xf3, 0xc0, 0x7e, 0xf8, 0x7, 0xde, 0x0,
    0xfb, 0xc0, 0x1f, 0xf0, 0x1, 0xfe, 0x0, 0x3f,
    0xc0, 0x7, 0xf8, 0x0, 0xff, 0x0, 0x1f, 0xe0,
    0x3, 0xfc, 0x0, 0x7f, 0x80, 0xf, 0x78, 0x3,
    0xef, 0x0, 0x7d, 0xf0, 0x1f, 0x9f, 0x7, 0xf1,
    0xff, 0xde, 0x1f, 0xf3, 0xc0, 0xfc, 0x78, 0x0,
    0xf, 0x0, 0x1, 0xe0, 0x0, 0x3c, 0x0, 0xf,
    0x0, 0x3, 0xe1, 0xc0, 0xf8, 0x3f, 0xfe, 0x7,
    0xff, 0x80, 0x3f, 0xc0,

    /* U+0068 "h" */
    0xf0, 0x0, 0x78, 0x0, 0x3c, 0x0, 0x1e, 0x0,
    0xf, 0x0, 0x7, 0x80, 0x3, 0xc0, 0x1, 0xe0,
    0x0, 0xf0, 0x20, 0x79, 0xfe, 0x3d, 0xff, 0x9f,
    0xff, 0xef, 0xc0, 0xf7, 0xc0, 0x7f, 0xe0, 0x1f,
    0xe0, 0xf, 0xf0, 0x7, 0xf8, 0x3, 0xfc, 0x1,
    0xfe, 0x0, 0xff, 0x0, 0x7f, 0x80, 0x3f, 0xc0,
    0x1f, 0xe0, 0xf, 0xf0, 0x7, 0xf8, 0x3, 0xfc,
    0x1, 0xfe, 0x0, 0xff, 0x0, 0x7f, 0x80, 0x3f,
    0xc0, 0x1e,

    /* U+0069 "i" */
    0x7, 0x80, 0x3, 0xc0, 0x1, 0xe0, 0x0, 0xf0,
    0x0, 0x0, 0x0, 0x0, 0x0, 0x0, 0x0, 0x0,
    0x0, 0x0, 0x0, 0x7f, 0xc0, 0x3f, 0xe0, 0x1f,
    0xf0, 0x0, 0x78, 0x0, 0x3c, 0x0, 0x1e, 0x0,
    0xf, 0x0, 0x7, 0x80, 0x3, 0xc0, 0x1, 0xe0,
    0x0, 0xf0, 0x0, 0x78, 0x0, 0x3c, 0x0, 0x1e,
    0x0, 0xf, 0x0, 0x7, 0x80, 0x3, 0xc0, 0x1,
    0xf0, 0x0, 0x7c, 0x0, 0x3f, 0xf8, 0xf, 0xfc,
    0x1, 0xfe,

    /* U+006A "j" */
    0x0, 0xf0, 0xf, 0x0, 0xf0, 0xf, 0x0, 0x0,
    0x0, 0x0, 0x0, 0x0, 0x0, 0x3, 0xff, 0x3f,
    0xf3, 0xff, 0x0, 0xf0, 0xf, 0x0, 0xf0, 0xf,
    0x0, 0xf0, 0xf, 0x0, 0xf0, 0xf, 0x0, 0xf0,
    0xf, 0x0, 0xf0, 0xf, 0x0, 0xf0, 0xf, 0x0,
    0xf0, 0xf, 0x0, 0xf0, 0xf, 0x0, 0xf0, 0xf,
    0x0, 0xf0, 0xf, 0x0, 0xf0, 0x1f, 0x3, 0xef,
    0xfe, 0xff, 0xcf, 0xf0,

    /* U+006B "k" */
    0xf0, 0x0, 0xf, 0x0, 0x0, 0xf0, 0x0, 0xf,
    0x0, 0x0, 0xf0, 0x0, 0xf, 0x0, 0x0, 0xf0,
    0x0, 0xf, 0x0, 0x0, 0xf0, 0x0, 0xf, 0x0,
    0x7c, 0xf0, 0xf, 0x8f, 0x1, 0xf0, 0xf0, 0x3c,
    0xf, 0x7, 0x80, 0xf0, 0xf0, 0xf, 0x1e, 0x0,
    0xf3, 0xc0, 0xf, 0x78, 0x0, 0xff, 0xc0, 0xf,
    0xfe, 0x0, 0xfd, 0xf0, 0xf, 0x8f, 0x0, 0xf0,
    0x78, 0xf, 0x3, 0xc0, 0xf0, 0x3e, 0xf, 0x1,
    0xe0, 0xf0, 0xf, 0xf, 0x0, 0xf8, 0xf0, 0x7,
    0xcf, 0x0, 0x3c, 0xf0, 0x1, 0xe0,

    /* U+006C "l" */
    0xff, 0xc0, 0x3f, 0xf0, 0xf, 0xfc, 0x0, 0xf,
    0x0, 0x3, 0xc0, 0x0, 0xf0, 0x0, 0x3c, 0x0,
    0xf, 0x0, 0x3, 0xc0, 0x0, 0xf0, 0x0, 0x3c,
    0x0, 0xf, 0x0, 0x3, 0xc0, 0x0, 0xf0, 0x0,
    0x3c, 0x0, 0xf, 0x0, 0x3, 0xc0, 0x0, 0xf0,
    0x0, 0x3c, 0x0, 0xf, 0x0, 0x3, 0xc0, 0x0,
    0xf0, 0x0, 0x3c, 0x0, 0xf, 0x0, 0x3, 0xc0,
    0x0, 0xf0, 0x0, 0x3e, 0x0, 0x7, 0xc0, 0x1,
    0xff, 0xc0, 0x3f, 0xf0, 0x3, 0xfc,

    /* U+006D "m" */
    0x0, 0x1, 0xf, 0x7c, 0x7c, 0xff, 0xef, 0xef,
    0xff, 0xfe, 0xf9, 0xf8, 0xff, 0xf, 0xf, 0xf0,
    0xf0, 0xff, 0xf, 0xf, 0xf0, 0xf0, 0xff, 0xf,
    0xf, 0xf0, 0xf0, 0xff, 0xf, 0xf, 0xf0, 0xf0,
    0xff, 0xf, 0xf, 0xf0, 0xf0, 0xff, 0xf, 0xf,
    0xf0, 0xf0, 0xff, 0xf, 0xf, 0xf0, 0xf0, 0xff,
    0xf, 0xf, 0xf0, 0xf0, 0xff, 0xf, 0xf, 0xf0,
    0xf0, 0xf0,

    /* U+006E "n" */
    0x0, 0x20, 0x79, 0xfe, 0x3d, 0xff, 0x9f, 0xff,
    0xef, 0xc0, 0xf7, 0xc0, 0x7f, 0xe0, 0x1f, 0xe0,
    0xf, 0xf0, 0x7, 0xf8, 0x3, 0xfc, 0x1, 0xfe,
    0x0, 0xff, 0x0, 0x7f, 0x80, 0x3f, 0xc0, 0x1f,
    0xe0, 0xf, 0xf0, 0x7, 0xf8, 0x3, 0xfc, 0x1,
    0xfe, 0x0, 0xff, 0x0, 0x7f, 0x80, 0x3f, 0xc0,
    0x1e,

    /* U+006F "o" */
    0x0, 0x0, 0x0, 0xff, 0x80, 0x7f, 0xfc, 0x1f,
    0xff, 0xc3, 0xc0, 0xf8, 0xf8, 0xf, 0x9e, 0x0,
    0xf7, 0xc0, 0x1e, 0xf0, 0x1, 0xfe, 0x0, 0x3f,
    0xc0, 0x7, 0xf8, 0x0, 0xff, 0x0, 0x1f, 0xe0,
    0x3, 0xfc, 0x0, 0x7f, 0x80, 0xf, 0xf8, 0x3,
    0xef, 0x0, 0x79, 0xf0, 0x1f, 0x1f, 0x7, 0xc3,
    0xff, 0xf8, 0x3f, 0xfe, 0x1, 0xff, 0x0, 0x2,
    0x0,

    /* U+0070 "p" */
    0x0, 0x0, 0x3c, 0xff, 0xf, 0x7f, 0xe3, 0xff,
    0xfc, 0xfc, 0xf, 0x3e, 0x1, 0xef, 0x80, 0x7b,
    0xe0, 0x1f, 0xf0, 0x3, 0xfc, 0x0, 0xff, 0x0,
    0x3f, 0xc0, 0xf, 0xf0, 0x3, 0xfc, 0x0, 0xff,
    0x0, 0x3f, 0xc0, 0xf, 0xf8, 0x7, 0xfe, 0x1,
    0xef, 0x80, 0x7b, 0xf0, 0x3c, 0xff, 0xff, 0x3d,
    0xff, 0x8f, 0x3f, 0xc3, 0xc1, 0x0, 0xf0, 0x0,
    0x3c, 0x0, 0xf, 0x0, 0x3, 0xc0, 0x0, 0xf0,
    0x0, 0x3c, 0x0, 0xf, 0x0, 0x3, 0xc0, 0x0,

    /* U+0071 "q" */
    0x0, 0x0, 0x0, 0xff, 0x3c, 0x7f, 0xf7, 0x9f,
    0xff, 0xf3, 0xc0, 0xfe, 0xf8, 0xf, 0xde, 0x0,
    0xfb, 0xc0, 0x1f, 0xf0, 0x1, 0xfe, 0x0, 0x3f,
    0xc0, 0x7, 0xf8, 0x0, 0xff, 0x0, 0x1f, 0xe0,
    0x3, 0xfc, 0x0, 0x7f, 0x80, 0xf, 0x78, 0x3,
    0xef, 0x0, 0x7d, 0xf0, 0x1f, 0x9e, 0x7, 0xf3,
    0xff, 0xfe, 0x3f, 0xfb, 0xc1, 0xfe, 0x78, 0x4,
    0xf, 0x0, 0x1, 0xe0, 0x0, 0x3c, 0x0, 0x7,
    0x80, 0x0, 0xf0, 0x0, 0x1e, 0x0, 0x3, 0xc0,
    0x0, 0x78, 0x0, 0xf,

    /* U+0072 "r" */
    0x0, 0x10, 0xf1, 0xff, 0xf3, 0xff, 0xf7, 0xff,
    0xfe, 0x1, 0xfc, 0x0, 0xf8, 0x0, 0xf8, 0x0,
    0xf0, 0x0, 0xf0, 0x0, 0xf0, 0x0, 0xf0, 0x0,
    0xf0, 0x0, 0xf0, 0x0, 0xf0, 0x0, 0xf0, 0x0,
    0xf0, 0x0, 0xf0, 0x0, 0xf0, 0x0, 0xf0, 0x0,
    0xf0, 0x0, 0xf0, 0x0, 0xf0, 0x0,

    /* U+0073 "s" */
    0x0, 0x80, 0x1f, 0xfc, 0x3f, 0xfe, 0x7f, 0xfe,
    0xf8, 0x6, 0xf0, 0x0, 0xf0, 0x0, 0xf0, 0x0,
    0xf0, 0x0, 0xfc, 0x0, 0x7f, 0xc0, 0x3f, 0xf8,
    0xf, 0xfe, 0x0, 0xfe, 0x0, 0x3f, 0x0, 0xf,
    0x0, 0xf, 0x0, 0xf, 0x0, 0xf, 0xc0, 0x1e,
    0xff, 0xfe, 0xff, 0xfc, 0x7f, 0xf0, 0x1, 0x0,

    /* U+0074 "t" */
    0x0, 0xc0, 0x0, 0xf0, 0x0, 0x3c, 0x0, 0xf,
    0x0, 0x3, 0xc0, 0x0, 0xf0, 0x0, 0x3c, 0x3,
    0xff, 0xff, 0xff, 0xff, 0xff, 0xff, 0xf0, 0x3c,
    0x0, 0xf, 0x0, 0x3, 0xc0, 0x0, 0xf0, 0x0,
    0x3c, 0x0, 0xf, 0x0, 0x3, 0xc0, 0x0, 0xf0,
    0x0, 0x3c, 0x0, 0xf, 0x0, 0x3, 0xc0, 0x0,
    0xf0, 0x0, 0x3c, 0x0, 0xf, 0x0, 0x3, 0xe0,
    0x0, 0x7c, 0x0, 0x1f, 0xfc, 0x3, 0xff, 0x0,
    0x3f, 0xc0,

    /* U+0075 "u" */
    0xf0, 0x7, 0xf8, 0x3, 0xfc, 0x1, 0xfe, 0x0,
    0xff, 0x0, 0x7f, 0x80, 0x3f, 0xc0, 0x1f, 0xe0,
    0xf, 0xf0, 0x7, 0xf8, 0x3, 0xfc, 0x1, 0xfe,
    0x0, 0xff, 0x0, 0x7f, 0x80, 0x3f, 0xc0, 0x1f,
    0xe0, 0xf, 0xf0, 0xf, 0xfc, 0x7, 0xde, 0x7,
    0xef, 0xff, 0xf3, 0xff, 0x78, 0xff, 0x3c, 0x8,
    0x0,

    /* U+0076 "v" */
    0xf0, 0x0, 0x7b, 0x80, 0x7, 0x9e, 0x0, 0x3c,
    0xf0, 0x1, 0xc3, 0x80, 0x1e, 0x1e, 0x0, 0xf0,
    0xf0, 0x7, 0x3, 0x80, 0x78, 0x1e, 0x3, 0xc0,
    0xf0, 0x3c, 0x3, 0xc1, 0xe0, 0x1e, 0xf, 0x0,
    0x70, 0xf0, 0x3, 0xc7, 0x80, 0x1e, 0x38, 0x0,
    0x73, 0xc0, 0x3, 0xde, 0x0, 0x1e, 0xe0, 0x0,
    0x7f, 0x0, 0x3, 0xf8, 0x0, 0x1f, 0x80, 0x0,
    0x7c, 0x0,

    /* U+0077 "w" */
    0xf0, 0x0, 0x7, 0xf8, 0x0, 0x3, 0x9c, 0x0,
    0x3, 0xce, 0x0, 0x1, 0xe7, 0x80, 0x0, 0xf3,
    0xc0, 0x0, 0x70, 0xe0, 0x70, 0x38, 0x70, 0x78,
    0x3c, 0x3c, 0x3c, 0x1e, 0x1e, 0x1f, 0xe, 0xf,
    0xf, 0x87, 0x3, 0x8e, 0xc3, 0x81, 0xc7, 0x73,
    0xc0, 0xf3, 0x39, 0xc0, 0x7b, 0x8c, 0xe0, 0x1d,
    0xc6, 0x70, 0xe, 0xc3, 0xf8, 0x7, 0x60, 0xfc,
    0x3, 0xf0, 0x7c, 0x0, 0xf8, 0x3e, 0x0, 0x78,
    0x1f, 0x0, 0x3c, 0x7, 0x80,

    /* U+0078 "x" */
    0x78, 0x0, 0xf3, 0xe0, 0xf, 0xf, 0x0, 0xf0,
    0x3c, 0x7, 0x80, 0xf0, 0x78, 0x7, 0x87, 0x80,
    0x1e, 0x78, 0x0, 0x7b, 0xc0, 0x1, 0xfc, 0x0,
    0x7, 0xc0, 0x0, 0x3c, 0x0, 0x1, 0xf0, 0x0,
    0x1f, 0xc0, 0x1, 0xef, 0x0, 0x1e, 0x78, 0x0,
    0xf1, 0xe0, 0xf, 0x7, 0x80, 0xf0, 0x1e, 0xf,
    0x0, 0xf0, 0xf8, 0x3, 0xc7, 0x80, 0xf, 0x78,
    0x0, 0x3c,

    /* U+0079 "y" */
    0x70, 0x0, 0x7b, 0xc0, 0x3, 0xde, 0x0, 0x1c,
    0x78, 0x1, 0xe3, 0xc0, 0xf, 0xe, 0x0, 0xf0,
    0x78, 0x7, 0x83, 0xc0, 0x3c, 0xf, 0x3, 0xc0,
    0x78, 0x1e, 0x3, 0xc0, 0xe0, 0xf, 0xf, 0x0,
    0x78, 0x78, 0x1, 0xc7, 0x80, 0xf, 0x3c, 0x0,
    0x79, 0xc0, 0x1, 0xfe, 0x0, 0xf, 0xf0, 0x0,
    0x3f, 0x0, 0x1, 0xf8, 0x0, 0xf, 0x80, 0x0,
    0x3c, 0x0, 0x1, 0xe0, 0x0, 0xe, 0x0, 0x0,
    0xf0, 0x0, 0x7, 0x80, 0x0, 0x78, 0x0, 0x7,
    0xc0, 0x3, 0xfc, 0x0, 0x1f, 0xc0, 0x0, 0xfc,
    0x0, 0x0,

    /* U+007A "z" */
    0x7f, 0xff, 0xbf, 0xff, 0xdf, 0xff, 0xe0, 0x0,
    0xf0, 0x0, 0xf0, 0x0, 0xf0, 0x0, 0xf8, 0x0,
    0xf8, 0x0, 0x78, 0x0, 0x78, 0x0, 0x78, 0x0,
    0x78, 0x0, 0x7c, 0x0, 0x7c, 0x0, 0x7c, 0x0,
    0x3c, 0x0, 0x3c, 0x0, 0x3e, 0x0, 0x3e, 0x0,
    0x1f, 0xff, 0xff, 0xff, 0xff, 0xff, 0xfc,

    /* U+007B "{" */
    0x0, 0xf, 0xc0, 0xf, 0xf0, 0x7, 0xfc, 0x3,
    0xe0, 0x0, 0xf0, 0x0, 0x3c, 0x0, 0xf, 0x0,
    0x3, 0xc0, 0x0, 0xf0, 0x0, 0x3c, 0x0, 0xf,
    0x0, 0x3, 0xc0, 0x0, 0xf0, 0x0, 0x3c, 0x0,
    0xf, 0x0, 0x3, 0xc0, 0x1, 0xf0, 0x0, 0xf8,
    0xf, 0xfc, 0x3, 0xfc, 0x0, 0xff, 0xc0, 0x0,
    0xf8, 0x0, 0x1f, 0x0, 0x3, 0xc0, 0x0, 0xf0,
    0x0, 0x3c, 0x0, 0xf, 0x0, 0x3, 0xc0, 0x0,
    0xf0, 0x0, 0x3c, 0x0, 0xf, 0x0, 0x3, 0xc0,
    0x0, 0xf0, 0x0, 0x3c, 0x0, 0xf, 0x80, 0x1,
    0xff, 0x0, 0x3f, 0xc0, 0x3, 0xf0,

    /* U+007C "|" */
    0xff, 0xff, 0xff, 0xff, 0xff, 0xff, 0xff, 0xff,
    0xff, 0xff, 0xff, 0xff, 0xff, 0xff, 0xff, 0xff,
    0xff, 0xff, 0xff, 0xff, 0xf0,

    /* U+007D "}" */
    0xfc, 0x0, 0x7f, 0x80, 0x3f, 0xe0, 0x1, 0xf0,
    0x0, 0x3c, 0x0, 0x1e, 0x0, 0xf, 0x0, 0x7,
    0x80, 0x3, 0xc0, 0x1, 0xe0, 0x0, 0xf0, 0x0,
    0x78, 0x0, 0x3c, 0x0, 0x1e, 0x0, 0xf, 0x0,
    0x7, 0xc0, 0x3, 0xe0, 0x0, 0xfc, 0x0, 0x3f,
    0xe0, 0x7, 0xf0, 0xf, 0xf8, 0xf, 0xc0, 0xf,
    0x80, 0x7, 0xc0, 0x3, 0xc0, 0x1, 0xe0, 0x0,
    0xf0, 0x0, 0x78, 0x0, 0x3c, 0x0, 0x1e, 0x0,
    0xf, 0x0, 0x7, 0x80, 0x3, 0xc0, 0x1, 0xe0,
    0x1, 0xf0, 0x1f, 0xf0, 0xf, 0xf0, 0x7, 0xe0,
    0x0,

    /* U+007E "~" */
    0xf, 0x0, 0x39, 0xfe, 0x1, 0xcf, 0xf0, 0xe,
    0xe3, 0xc0, 0x77, 0xf, 0x3, 0xf0, 0x3c, 0x3b,
    0x80, 0xf3, 0xdc, 0x7, 0xfc, 0xe0, 0x1f, 0xe7,
    0x0, 0x3c, 0x0,

    /* U+00A0 " " */
    0x0,

    /* U+00A1 "¡" */
    0x7b, 0xff, 0xff, 0xff, 0xf7, 0x80, 0x0, 0x0,
    0xe, 0x38, 0xe3, 0x8e, 0x38, 0xe7, 0xdf, 0x7d,
    0xf7, 0xdf, 0x7d, 0xf7, 0xdf, 0x7d, 0xf7, 0xc0,

    /* U+00A2 "¢" */
    0x0, 0x30, 0x0, 0x18, 0x0, 0xc, 0x0, 0x6,
    0x0, 0x3, 0x0, 0x1, 0x80, 0x3, 0xf8, 0xf,
    0xff, 0xf, 0xff, 0x8f, 0x99, 0xcf, 0x8c, 0x7,
    0x86, 0x7, 0x83, 0x3, 0xc1, 0x83, 0xc0, 0xc1,
    0xe0, 0x60, 0xf0, 0x30, 0x78, 0x18, 0x3c, 0xc,
    0x1e, 0x6, 0xf, 0x3, 0x7, 0xc1, 0x81, 0xe0,
    0xc0, 0xf0, 0x60, 0x3c, 0x30, 0x1f, 0x18, 0x47,
    0xff, 0xe1, 0xff, 0xf0, 0x3f, 0xf0, 0x1, 0x80,
    0x0, 0xc0, 0x0, 0x60, 0x0, 0x30, 0x0, 0x18,
    0x0, 0xc, 0x0, 0x6, 0x0,

    /* U+00A3 "£" */
    0x0, 0x4, 0x0, 0xf, 0xf8, 0x7, 0xff, 0x80,
    0xff, 0xf0, 0x3e, 0x6, 0x7, 0x80, 0x1, 0xf0,
    0x0, 0x3c, 0x0, 0x7, 0x80, 0x0, 0xf0, 0x0,
    0x1e, 0x0, 0x3, 0xc0, 0x0, 0x78, 0x0, 0xf,
    0x0, 0x1, 0xe0, 0x3, 0xff, 0xf8, 0x7f, 0xff,
    0xf, 0xff, 0xe0, 0x1e, 0x0, 0x3, 0xc0, 0x0,
    0x78, 0x0, 0xf, 0x0, 0x1, 0xe0, 0x0, 0x3c,
    0x0, 0x7, 0x80, 0x0, 0xf0, 0x0, 0x1e, 0x0,
    0x3, 0xc0, 0xf, 0xff, 0xff, 0xff, 0xff, 0xff,
    0xff, 0xf8,

    /* U+00A4 "¤" */
    0x40, 0x0, 0xb8, 0x0, 0x77, 0x9e, 0x78, 0xff,
    0xfc, 0x1f, 0xff, 0x7, 0x87, 0x81, 0xc0, 0xe0,
    0xe0, 0x1c, 0x38, 0x7, 0xe, 0x1, 0xc3, 0x80,
    0x70, 0x70, 0x38, 0x1e, 0x1e, 0xf, 0xff, 0xc7,
    0xff, 0xf1, 0xe7, 0x9e, 0xe0, 0x1, 0xd0, 0x0,
    0x20,

    /* U+00A5 "¥" */
    0x78, 0x0, 0x1e, 0x7c, 0x0, 0x3e, 0x3c, 0x0,
    0x3c, 0x3e, 0x0, 0x78, 0x1e, 0x0, 0x78, 0xf,
    0x0, 0xf0, 0xf, 0x0, 0xf0, 0x7, 0x81, 0xe0,
    0x7, 0xc3, 0xc0, 0x3, 0xc3, 0xc0, 0x1, 0xe7,
    0x80, 0x3f, 0xe7, 0xfc, 0x3f, 0xff, 0xfc, 0x0,
    0xfe, 0x0, 0x0, 0x7e, 0x0, 0x0, 0x3c, 0x0,
    0x0, 0x3c, 0x0, 0x3f, 0xff, 0xfc, 0x3f, 0xff,
    0xfc, 0x0, 0x3c, 0x0, 0x0, 0x3c, 0x0, 0x0,
    0x3c, 0x0, 0x0, 0x3c, 0x0, 0x0, 0x3c, 0x0,
    0x0, 0x3c, 0x0, 0x0, 0x3c, 0x0, 0x0, 0x3c,
    0x0, 0x0, 0x3c, 0x0, 0x0, 0x3c, 0x0, 0x0,
    0x3c, 0x0,

    /* U+00A6 "¦" */
    0xff, 0xff, 0xff, 0xff, 0xff, 0xff, 0xff, 0xf0,
    0x0, 0x0, 0xf, 0xff, 0xff, 0xff, 0xff, 0xff,
    0xff, 0xff,

    /* U+00A7 "§" */
    0x0, 0x0, 0x7, 0xfe, 0x7, 0xff, 0x87, 0xff,
    0xc7, 0xc0, 0x23, 0xc0, 0x1, 0xe0, 0x0, 0xf0,
    0x0, 0x3c, 0x0, 0x1f, 0x0, 0x3, 0xe0, 0x3,
    0xfc, 0x3, 0xff, 0x83, 0xc7, 0xe3, 0xc1, 0xf9,
    0xe0, 0x3e, 0xf0, 0xf, 0xf8, 0x3, 0xfe, 0x1,
    0xef, 0x80, 0xf3, 0xe0, 0x78, 0xfc, 0x78, 0x3f,
    0x78, 0x7, 0xf8, 0x0, 0xf8, 0x0, 0x3e, 0x0,
    0x7, 0x80, 0x1, 0xe0, 0x0, 0xf0, 0x0, 0x79,
    0x0, 0x3c, 0xe0, 0x7c, 0x7f, 0xfe, 0x3f, 0xfe,
    0x3, 0xfc, 0x0,

    /* U+00A8 "¨" */
    0xf0, 0xff, 0xf, 0xf0, 0xff, 0xf,

    /* U+00A9 "©" */
    0x0, 0x7f, 0x0, 0x1, 0xff, 0xf0, 0x1, 0xe0,
    0x3c, 0x1, 0xc0, 0x7, 0x1, 0xc0, 0x1, 0xc1,
    0xc1, 0xfc, 0x70, 0xc3, 0xff, 0x18, 0xc3, 0xc1,
    0x86, 0x63, 0x80, 0x3, 0x63, 0xc0, 0x0, 0xf1,
    0xc0, 0x0, 0x78, 0xe0, 0x0, 0x3c, 0x70, 0x0,
    0x1e, 0x38, 0x0, 0xf, 0x1c, 0x0, 0x7, 0x8f,
    0x0, 0x3, 0x63, 0x80, 0x3, 0x30, 0xf0, 0x61,
    0x8c, 0x3f, 0xf1, 0x87, 0x7, 0xe1, 0xc1, 0xc0,
    0x1, 0xc0, 0x70, 0x1, 0xc0, 0x1e, 0x3, 0xc0,
    0x3, 0xff, 0x80, 0x0, 0x7f, 0x0, 0x0,

    /* U+00AA "ª" */
    0x1f, 0xc0, 0xff, 0xc3, 0x7, 0x80, 0xe, 0x0,
    0x1c, 0x0, 0x70, 0xff, 0xcf, 0xff, 0x78, 0x1f,
    0x80, 0x7e, 0x1, 0xf8, 0xf, 0xe0, 0x3d, 0xc3,
    0xf7, 0xfd, 0xc7, 0xc7, 0x0, 0x0, 0x0, 0x7,
    0xff, 0xdf, 0xff, 0x7f, 0xfc,

    /* U+00AB "«" */
    0x0, 0x40, 0x20, 0x18, 0xc, 0xf, 0x7, 0x83,
    0xe1, 0xf0, 0xf0, 0x7c, 0x3c, 0x1e, 0xf, 0x7,
    0x83, 0xc1, 0xe0, 0xf0, 0x78, 0x1e, 0xf, 0x1,
    0xe0, 0xf0, 0x1e, 0xf, 0x1, 0xe0, 0xf0, 0x1f,
    0xf, 0x81, 0xf0, 0xf8, 0x1e, 0xf, 0x0, 0xc0,
    0x60, 0x8, 0x4,

    /* U+00AC "¬" */
    0xff, 0xff, 0xff, 0xff, 0xff, 0xff, 0xff, 0xff,
    0xc0, 0x0, 0xf, 0x0, 0x0, 0x3c, 0x0, 0x0,
    0xf0, 0x0, 0x3, 0xc0, 0x0, 0xf, 0x0, 0x0,
    0x3c, 0x0, 0x0, 0xf0,

    /* U+00AD "­" */
    0xff, 0xff, 0xff, 0xfc,

    /* U+00AE "®" */
    0x0, 0x7f, 0x0, 0x1, 0xff, 0xf0, 0x1, 0xe0,
    0x3c, 0x1, 0xc0, 0x7, 0x1, 0xc0, 0x1, 0xc1,
    0xc0, 0x0, 0x70, 0xc7, 0xfc, 0x18, 0xc3, 0x87,
    0x6, 0x61, 0xc1, 0xc3, 0x60, 0xe0, 0xe0, 0xf0,
    0x70, 0x70, 0x78, 0x38, 0x70, 0x3c, 0x1f, 0xf0,
    0x1e, 0xe, 0x30, 0xf, 0x7, 0x1c, 0x7, 0x83,
    0x87, 0x3, 0x61, 0xc1, 0xc3, 0x30, 0xe0, 0xe1,
    0x8c, 0x70, 0x39, 0x87, 0x0, 0x1, 0xc1, 0xc0,
    0x1, 0xc0, 0x70, 0x1, 0xc0, 0x1e, 0x3, 0xc0,
    0x3, 0xff, 0x80, 0x0, 0x7f, 0x0, 0x0,

    /* U+00AF "¯" */
    0xff, 0xff, 0xff, 0xff, 0xf0,

    /* U+00B0 "°" */
    0xf, 0x81, 0xff, 0x1f, 0xfc, 0xf1, 0xef, 0x7,
    0xf0, 0x1f, 0x80, 0xfc, 0x7, 0xf0, 0x7b, 0xc7,
    0x9f, 0xfc, 0x7f, 0xc0, 0xf8, 0x0,

    /* U+00B1 "±" */
    0x0, 0x78, 0x0, 0x3, 0xc0, 0x0, 0x1e, 0x0,
    0x0, 0xf0, 0x0, 0x7, 0x80, 0x0, 0x3c, 0x3,
    0xff, 0xff, 0xff, 0xff, 0xff, 0xff, 0xff, 0xf8,
    0x3, 0xc0, 0x0, 0x1e, 0x0, 0x0, 0xf0, 0x0,
    0x7, 0x80, 0x0, 0x3c, 0x0, 0x1, 0xe0, 0x0,
    0xf, 0x0, 0x0, 0x0, 0x0, 0x0, 0x0, 0x0,
    0x0, 0x0, 0x0, 0x0, 0xf, 0xff, 0xff, 0xff,
    0xff, 0xff, 0xff, 0xff, 0xe0,

    /* U+00B2 "²" */
    0x0, 0x1f, 0xf3, 0xff, 0x40, 0xf0, 0xe, 0x1,
    0xc0, 0x38, 0xf, 0x1, 0xc0, 0x70, 0x1c, 0x7,
    0x1, 0xc0, 0x70, 0x1e, 0x3, 0x80, 0xff, 0xff,
    0xfc,

    /* U+00B3 "³" */
    0x0, 0x7, 0xfc, 0x7f, 0xe0, 0xf, 0x0, 0x70,
    0x7, 0x0, 0x70, 0xe, 0xf, 0xc0, 0xfc, 0x0,
    0xe0, 0x7, 0x0, 0x70, 0x7, 0x0, 0x7c, 0x1e,
    0xff, 0xc7, 0xf0,

    /* U+00B4 "´" */
    0x7, 0x87, 0x83, 0x83, 0xc3, 0xc3, 0xc1, 0xc1,
    0xc0,

    /* U+00B5 "µ" */
    0xf0, 0x7, 0x8f, 0x0, 0x78, 0xf0, 0x7, 0x8f,
    0x0, 0x78, 0xf0, 0x7, 0x8f, 0x0, 0x78, 0xf0,
    0x7, 0x8f, 0x0, 0x78, 0xf0, 0x7, 0x8f, 0x0,
    0x78, 0xf0, 0x7, 0x8f, 0x0, 0x78, 0xf0, 0x7,
    0x8f, 0x0, 0x78, 0xf0, 0x7, 0x8f, 0x0, 0x78,
    0xf0, 0xf, 0x8f, 0x80, 0xf8, 0xfc, 0x1f, 0x8f,
    0xff, 0xff, 0xff, 0xfb, 0xff, 0x7f, 0x3f, 0xf0,
    0x80, 0x8f, 0x0, 0x0, 0xf0, 0x0, 0xf, 0x0,
    0x0, 0xf0, 0x0, 0xf, 0x0, 0x0, 0xf0, 0x0,
    0xf, 0x0, 0x0, 0xf0, 0x0, 0x0,

    /* U+00B6 "¶" */
    0x3, 0xff, 0xe1, 0xff, 0xfc, 0x7f, 0xff, 0x9f,
    0xf8, 0x77, 0xff, 0xe, 0xff, 0xe1, 0xff, 0xfc,
    0x3f, 0xff, 0x87, 0xff, 0xf0, 0xff, 0xfe, 0x1f,
    0xff, 0xc3, 0xff, 0xf8, 0x77, 0xff, 0xe, 0xff,
    0xe1, 0xcf, 0xfc, 0x38, 0xff, 0x87, 0x7, 0xf0,
    0xe0, 0xe, 0x1c, 0x1, 0xc3, 0x80, 0x38, 0x70,
    0x7, 0xe, 0x0, 0xe1, 0xc0, 0x1c, 0x38, 0x3,
    0x87, 0x0, 0x70, 0xe0, 0xe, 0x1c, 0x1, 0xc3,
    0x80, 0x38, 0x70, 0x7, 0xe, 0x0, 0xe1, 0xc0,
    0x1c, 0x38, 0x3, 0x87, 0x0, 0x70, 0xe0, 0xe,
    0x1c, 0x1, 0xc3, 0x80,

    /* U+00B7 "·" */
    0x7b, 0xff, 0xff, 0xff, 0xf7, 0x80,

    /* U+00B8 "¸" */
    0x6, 0x3, 0x80, 0xe0, 0x78, 0x7f, 0xff, 0xfc,
    0xfc,

    /* U+00B9 "¹" */
    0x3f, 0xf, 0xf0, 0xf7, 0x0, 0x70, 0x7, 0x0,
    0x70, 0x7, 0x0, 0x70, 0x7, 0x0, 0x70, 0x7,
    0x0, 0x70, 0x7, 0x0, 0x70, 0x7, 0x7, 0xff,
    0x7f, 0xf0,

    /* U+00BA "º" */
    0x7, 0xc0, 0x3f, 0xe0, 0xe0, 0xe3, 0x80, 0xe7,
    0x1, 0xdc, 0x1, 0xf8, 0x3, 0xf0, 0x7, 0xe0,
    0xf, 0xc0, 0x1f, 0x80, 0x3b, 0x80, 0xe7, 0x1,
    0xc7, 0x7, 0x7, 0xfc, 0x7, 0xf0, 0x0, 0x0,
    0x0, 0x3, 0xff, 0xf7, 0xff, 0xef, 0xff, 0xc0,

    /* U+00BB "»" */
    0x80, 0x40, 0x18, 0xc, 0x3, 0x81, 0xc0, 0x78,
    0x3c, 0x7, 0x83, 0xc0, 0x7c, 0x3e, 0x7, 0xc3,
    0xe0, 0x7c, 0x3e, 0x7, 0xc1, 0xe0, 0xf8, 0x3c,
    0x3e, 0x1f, 0xf, 0x87, 0xc3, 0xc1, 0xe0, 0xf0,
    0x78, 0x3c, 0x1e, 0x7, 0x3, 0x80, 0xc0, 0x60,
    0x10, 0x8, 0x0,

    /* U+00BC "¼" */
    0x1f, 0x80, 0x1, 0xfe, 0x0, 0x7, 0xb8, 0x0,
    0x0, 0xe0, 0x0, 0x3, 0x80, 0x0, 0xe, 0x0,
    0x0, 0x38, 0x0, 0x0, 0xe0, 0x0, 0x3, 0x80,
    0x0, 0xe, 0x0, 0x0, 0x38, 0x0, 0x0, 0xe0,
    0x0, 0x3, 0x80, 0x0, 0xe, 0x0, 0x0, 0x38,
    0x0, 0xf, 0xfe, 0x0, 0x3f, 0xf8, 0xc, 0x0,
    0x3, 0xf0, 0x0, 0xff, 0x80, 0x3f, 0xe0, 0xf,
    0xf8, 0x3, 0xfe, 0x0, 0x7, 0x80, 0xf, 0x0,
    0x0, 0x3c, 0x0, 0x1, 0xf0, 0x0, 0xd, 0xc0,
    0x0, 0x77, 0x0, 0x1, 0x9c, 0x0, 0xc, 0x70,
    0x0, 0x71, 0xc0, 0x1, 0x87, 0x0, 0xc, 0x1c,
    0x0, 0x70, 0x70, 0x1, 0xff, 0xf0, 0x7, 0xff,
    0xc0, 0x0, 0x1c, 0x0, 0x0, 0x70, 0x0, 0x1,
    0xc0, 0x0, 0x7, 0x0,

    /* U+00BD "½" */
    0x3, 0x80, 0x0, 0xff, 0x0, 0x1, 0xfe, 0x0,
    0x2, 0x1c, 0x0, 0x0, 0x38, 0x0, 0x0, 0x70,
    0x0, 0x0, 0xe0, 0x0, 0x1, 0xc0, 0x0, 0x3,
    0x80, 0x0, 0x7, 0x0, 0x0, 0xe, 0x0, 0x0,
    0x1c, 0x0, 0x0, 0x38, 0x0, 0x0, 0x70, 0x0,
    0x0, 0xe0, 0x0, 0x1f, 0xfc, 0x0, 0x3f, 0xf8,
    0xc, 0x0, 0x1, 0xf8, 0x0, 0x3f, 0xe0, 0x7,
    0xfc, 0x0, 0xff, 0x80, 0x1f, 0xf0, 0x0, 0x1e,
    0x1, 0xf8, 0x0, 0xf, 0xfc, 0x0, 0x18, 0x38,
    0x0, 0x0, 0x38, 0x0, 0x0, 0x70, 0x0, 0x0,
    0xe0, 0x0, 0x3, 0x80, 0x0, 0x7, 0x0, 0x0,
    0x1c, 0x0, 0x0, 0x70, 0x0, 0x1, 0xc0, 0x0,
    0x6, 0x0, 0x0, 0x18, 0x0, 0x0, 0x60, 0x0,
    0x1, 0xff, 0xc0, 0x3, 0xff, 0x80, 0x7, 0xff,
    0x0,

    /* U+00BE "¾" */
    0x1f, 0xc0, 0x0, 0xff, 0xc0, 0x2, 0x7, 0x80,
    0x0, 0xe, 0x0, 0x0, 0x38, 0x0, 0x0, 0xe0,
    0x0, 0x7, 0x0, 0x1, 0xf8, 0x0, 0x7, 0xe0,
    0x0, 0x1, 0xc0, 0x0, 0x3, 0x80, 0x0, 0xe,
    0x0, 0x0, 0x38, 0x0, 0x0, 0xe0, 0x6, 0xf,
    0x0, 0x1f, 0xf8, 0x0, 0x3f, 0x80, 0x1c, 0x0,
    0x7, 0xf0, 0x3, 0xfe, 0x0, 0xff, 0x80, 0x3f,
    0xe0, 0x3, 0xfc, 0x0, 0xf, 0x0, 0x1e, 0x0,
    0x0, 0x78, 0x0, 0x3, 0xe0, 0x0, 0x1b, 0x80,
    0x0, 0x6e, 0x0, 0x3, 0x38, 0x0, 0x18, 0xe0,
    0x0, 0x63, 0x80, 0x3, 0xe, 0x0, 0x18, 0x38,
    0x0, 0x60, 0xe0, 0x1, 0xff, 0xf0, 0x7, 0xff,
    0xc0, 0x0, 0x38, 0x0, 0x0, 0xe0, 0x0, 0x3,
    0x80, 0x0, 0xe, 0x0,

    /* U+00BF "¿" */
    0x1, 0xe0, 0x3, 0xf0, 0x3, 0xf0, 0x3, 0xf0,
    0x3, 0xf0, 0x1, 0xe0, 0x0, 0x0, 0x0, 0x0,
    0x0, 0x0, 0x1, 0xe0, 0x1, 0xe0, 0x1, 0xe0,
    0x1, 0xe0, 0x1, 0xe0, 0x1, 0xe0, 0x3, 0xc0,
    0x7, 0xc0, 0xf, 0x80, 0x1f, 0x0, 0x3e, 0x0,
    0x7c, 0x0, 0x78, 0x0, 0xf8, 0x0, 0xf0, 0x0,
    0xf0, 0x0, 0xf0, 0x0, 0xf8, 0x1, 0x78, 0x7,
    0x7f, 0xff, 0x3f, 0xff, 0xf, 0xfc, 0x1, 0x80,

    /* U+00C0 "À" */
    0x1, 0xc0, 0x0, 0x1, 0xc0, 0x0, 0x3, 0xc0,
    0x0, 0x3, 0xc0, 0x0, 0x3, 0x80, 0x0, 0x0,
    0x0, 0x0, 0x0, 0x0, 0x0, 0x3e, 0x0, 0x0,
    0xfc, 0x0, 0x1, 0xfc, 0x0, 0x3, 0xf8, 0x0,
    0x7, 0x70, 0x0, 0x1e, 0xe0, 0x0, 0x3d, 0xe0,
    0x0, 0x73, 0xc0, 0x1, 0xe3, 0x80, 0x3, 0xc7,
    0x80, 0x7, 0xf, 0x0, 0x1e, 0xe, 0x0, 0x3c,
    0x1e, 0x0, 0x78, 0x3c, 0x1, 0xe0, 0x78, 0x3,
    0xc0, 0x78, 0x7, 0x80, 0xf0, 0xe, 0x1, 0xe0,
    0x3c, 0x3, 0xc0, 0x7f, 0xff, 0xc0, 0xff, 0xff,
    0x83, 0xff, 0xff, 0x7, 0x80, 0xf, 0xf, 0x0,
    0x1e, 0x3c, 0x0, 0x3c, 0x78, 0x0, 0x3c, 0xf0,
    0x0, 0x7b, 0xe0, 0x0, 0xf7, 0x80, 0x1, 0xef,
    0x0, 0x1, 0xe0,

    /* U+00C1 "Á" */
    0x0, 0xf, 0x0, 0x0, 0x1c, 0x0, 0x0, 0x70,
    0x0, 0x1, 0xc0, 0x0, 0x7, 0x0, 0x0, 0x0,
    0x0, 0x0, 0x0, 0x0, 0x0, 0x3e, 0x0, 0x0,
    0xfc, 0x0, 0x1, 0xfc, 0x0, 0x3, 0xf8, 0x0,
    0x7, 0x70, 0x0, 0x1e, 0xe0, 0x0, 0x3d, 0xe0,
    0x0, 0x73, 0xc0, 0x1, 0xe3, 0x80, 0x3, 0xc7,
    0x80, 0x7, 0xf, 0x0, 0x1e, 0xe, 0x0, 0x3c,
    0x1e, 0x0, 0x78, 0x3c, 0x1, 0xe0, 0x78, 0x3,
    0xc0, 0x78, 0x7, 0x80, 0xf0, 0xe, 0x1, 0xe0,
    0x3c, 0x3, 0xc0, 0x7f, 0xff, 0xc0, 0xff, 0xff,
    0x83, 0xff, 0xff, 0x7, 0x80, 0xf, 0xf, 0x0,
    0x1e, 0x3c, 0x0, 0x3c, 0x78, 0x0, 0x3c, 0xf0,
    0x0, 0x7b, 0xe0, 0x0, 0xf7, 0x80, 0x1, 0xef,
    0x0, 0x1, 0xe0,

    /* U+00C2 "Â" */
    0x0, 0x7c, 0x0, 0x1, 0xfc, 0x0, 0x7, 0xb8,
    0x0, 0x1e, 0x38, 0x0, 0x38, 0x38, 0x0, 0x0,
    0x0, 0x0, 0x0, 0x0, 0x0, 0x3e, 0x0, 0x0,
    0xfc, 0x0, 0x1, 0xfc, 0x0, 0x3, 0xf8, 0x0,
    0x7, 0x70, 0x0, 0x1e, 0xe0, 0x0, 0x3d, 0xe0,
    0x0, 0x73, 0xc0, 0x1, 0xe3, 0x80, 0x3, 0xc7,
    0x80, 0x7, 0xf, 0x0, 0x1e, 0xe, 0x0, 0x3c,
    0x1e, 0x0, 0x78, 0x3c, 0x1, 0xe0, 0x78, 0x3,
    0xc0, 0x78, 0x7, 0x80, 0xf0, 0xe, 0x1, 0xe0,
    0x3c, 0x3, 0xc0, 0x7f, 0xff, 0xc0, 0xff, 0xff,
    0x83, 0xff, 0xff, 0x7, 0x80, 0xf, 0xf, 0x0,
    0x1e, 0x3c, 0x0, 0x3c, 0x78, 0x0, 0x3c, 0xf0,
    0x0, 0x7b, 0xe0, 0x0, 0xf7, 0x80, 0x1, 0xef,
    0x0, 0x1, 0xe0,

    /* U+00C3 "Ã" */
    0x1, 0xe0, 0xc0, 0x7, 0xf1, 0x80, 0x1f, 0xff,
    0x0, 0x38, 0xfc, 0x0, 0x70, 0xf0, 0x0, 0x0,
    0x0, 0x0, 0x0, 0x0, 0x0, 0x3f, 0x0, 0x0,
    0x7e, 0x0, 0x0, 0xfc, 0x0, 0x3, 0xf8, 0x0,
    0x7, 0xf8, 0x0, 0xe, 0xf0, 0x0, 0x1c, 0xe0,
    0x0, 0x79, 0xe0, 0x0, 0xf3, 0xc0, 0x1, 0xc3,
    0x80, 0x7, 0x87, 0x0, 0xf, 0xf, 0x0, 0x1e,
    0x1e, 0x0, 0x78, 0x1c, 0x0, 0xf0, 0x3c, 0x1,
    0xe0, 0x78, 0x7, 0x80, 0xf0, 0xf, 0x0, 0xe0,
    0x1e, 0x1, 0xe0, 0x7f, 0xff, 0xc0, 0xff, 0xff,
    0x81, 0xff, 0xff, 0x87, 0x80, 0xf, 0xf, 0x0,
    0x1e, 0x1e, 0x0, 0x1c, 0x7c, 0x0, 0x3c, 0xf0,
    0x0, 0x79, 0xe0, 0x0, 0xf7, 0xc0, 0x1, 0xff,
    0x0, 0x1, 0xe0,

    /* U+00C4 "Ä" */
    0x3, 0xc3, 0xc0, 0x3, 0xc3, 0xc0, 0x3, 0xc3,
    0xc0, 0x3, 0xc3, 0xc0, 0x0, 0x0, 0x0, 0x0,
    0x0, 0x0, 0x0, 0x0, 0x0, 0x0, 0x7e, 0x0,
    0x0, 0x7e, 0x0, 0x0, 0x7e, 0x0, 0x0, 0xff,
    0x0, 0x0, 0xff, 0x0, 0x0, 0xe7, 0x0, 0x1,
    0xe7, 0x80, 0x1, 0xe7, 0x80, 0x1, 0xe7, 0x80,
    0x1, 0xc3, 0x80, 0x3, 0xc3, 0xc0, 0x3, 0xc3,
    0xc0, 0x3, 0xc1, 0xc0, 0x7, 0x81, 0xe0, 0x7,
    0x81, 0xe0, 0x7, 0x81, 0xe0, 0xf, 0x0, 0xf0,
    0xf, 0x0, 0xf0, 0xf, 0x0, 0xf0, 0xf, 0xff,
    0xf0, 0x1f, 0xff, 0xf8, 0x1f, 0xff, 0xf8, 0x1e,
    0x0, 0x78, 0x3c, 0x0, 0x3c, 0x3c, 0x0, 0x3c,
    0x3c, 0x0, 0x3c, 0x78, 0x0, 0x1e, 0x78, 0x0,
    0x1e, 0x78, 0x0, 0x1e, 0xf8, 0x0, 0x1f,

    /* U+00C5 "Å" */
    0x0, 0x7c, 0x0, 0x1, 0xfc, 0x0, 0x7, 0xfc,
    0x0, 0x1c, 0x1c, 0x0, 0x30, 0x18, 0x0, 0x60,
    0x30, 0x0, 0xc0, 0x60, 0x1, 0xc1, 0xc0, 0x1,
    0xff, 0x0, 0x1, 0xfc, 0x0, 0x3, 0xf8, 0x0,
    0x7, 0x70, 0x0, 0xe, 0xe0, 0x0, 0x3d, 0xe0,
    0x0, 0x7b, 0xc0, 0x0, 0xe3, 0x80, 0x3, 0xc7,
    0x80, 0x7, 0x8f, 0x0, 0xe, 0xe, 0x0, 0x1c,
    0x1c, 0x0, 0x78, 0x3c, 0x0, 0xf0, 0x78, 0x1,
    0xc0, 0x70, 0x7, 0x80, 0xf0, 0xf, 0x1, 0xe0,
    0x1c, 0x1, 0xc0, 0x78, 0x3, 0xc0, 0xff, 0xff,
    0x81, 0xff, 0xff, 0x7, 0xff, 0xfe, 0xf, 0x0,
    0x1e, 0x1e, 0x0, 0x3c, 0x3c, 0x0, 0x78, 0xf0,
    0x0, 0x79, 0xe0, 0x0, 0xf3, 0xc0, 0x1, 0xef,
    0x0, 0x1, 0xfe, 0x0, 0x3, 0xc0,

    /* U+00C6 "Æ" */
    0x0, 0xff, 0xff, 0x0, 0xff, 0xff, 0x0, 0xff,
    0xff, 0x1, 0xe7, 0x80, 0x1, 0xc7, 0x80, 0x1,
    0xc7, 0x80, 0x1, 0xc7, 0x80, 0x3, 0xc7, 0x80,
    0x3, 0x87, 0x80, 0x3, 0x87, 0x80, 0x3, 0x87,
    0x80, 0x7, 0x87, 0x80, 0x7, 0x7, 0x80, 0x7,
    0x7, 0xfe, 0xf, 0x7, 0xfe, 0xf, 0x7, 0xfe,
    0xe, 0x7, 0x80, 0xe, 0x7, 0x80, 0x1e, 0x7,
    0x80, 0x1f, 0xff, 0x80, 0x1f, 0xff, 0x80, 0x1f,
    0xff, 0x80, 0x3c, 0x7, 0x80, 0x3c, 0x7, 0x80,
    0x38, 0x7, 0x80, 0x78, 0x7, 0x80, 0x78, 0x7,
    0x80, 0x78, 0x7, 0xff, 0x70, 0x7, 0xff, 0xf0,
    0x7, 0xff,

    /* U+00C7 "Ç" */
    0x0, 0x0, 0x0, 0x3f, 0xf0, 0x1f, 0xff, 0x87,
    0xff, 0xf1, 0xf0, 0xe, 0x3c, 0x0, 0x4f, 0x0,
    0x3, 0xc0, 0x0, 0x78, 0x0, 0xf, 0x0, 0x1,
    0xe0, 0x0, 0x78, 0x0, 0xf, 0x0, 0x1, 0xe0,
    0x0, 0x3c, 0x0, 0x7, 0x80, 0x0, 0xf0, 0x0,
    0x1e, 0x0, 0x3, 0xc0, 0x0, 0x78, 0x0, 0xf,
    0x0, 0x1, 0xe0, 0x0, 0x1e, 0x0, 0x3, 0xc0,
    0x0, 0x78, 0x0, 0x7, 0x80, 0x0, 0xf8, 0x0,
    0x8f, 0x80, 0x70, 0xff, 0xfe, 0xf, 0xff, 0xc0,
    0x7f, 0xf0, 0x0, 0xf0, 0x0, 0xe, 0x0, 0x0,
    0xc0, 0x0, 0x1c, 0x0, 0x7, 0x80, 0x1f, 0xf0,
    0x3, 0xfc, 0x0, 0x7f, 0x0,

    /* U+00C8 "È" */
    0xf, 0x0, 0x1, 0xe0, 0x0, 0x3c, 0x0, 0x7,
    0x0, 0x0, 0xe0, 0x0, 0x0, 0x0, 0x0, 0x3,
    0xff, 0xff, 0xff, 0xff, 0xff, 0xff, 0xff, 0x0,
    0x3, 0xc0, 0x0, 0xf0, 0x0, 0x3c, 0x0, 0xf,
    0x0, 0x3, 0xc0, 0x0, 0xf0, 0x0, 0x3c, 0x0,
    0xf, 0x0, 0x3, 0xc0, 0x0, 0xff, 0xff, 0xbf,
    0xff, 0xef, 0xff, 0xfb, 0xc0, 0x0, 0xf0, 0x0,
    0x3c, 0x0, 0xf, 0x0, 0x3, 0xc0, 0x0, 0xf0,
    0x0, 0x3c, 0x0, 0xf, 0x0, 0x3, 0xc0, 0x0,
    0xf0, 0x0, 0x3c, 0x0, 0xf, 0xff, 0xff, 0xff,
    0xff, 0xff, 0xff, 0xc0,

    /* U+00C9 "É" */
    0x0, 0x78, 0x0, 0x1c, 0x0, 0xe, 0x0, 0x7,
    0x0, 0x3, 0x80, 0x0, 0x0, 0x0, 0x0, 0x3,
    0xff, 0xff, 0xff, 0xff, 0xff, 0xff, 0xff, 0x0,
    0x3, 0xc0, 0x0, 0xf0, 0x0, 0x3c, 0x0, 0xf,
    0x0, 0x3, 0xc0, 0x0, 0xf0, 0x0, 0x3c, 0x0,
    0xf, 0x0, 0x3, 0xc0, 0x0, 0xff, 0xff, 0xbf,
    0xff, 0xef, 0xff, 0xfb, 0xc0, 0x0, 0xf0, 0x0,
    0x3c, 0x0, 0xf, 0x0, 0x3, 0xc0, 0x0, 0xf0,
    0x0, 0x3c, 0x0, 0xf, 0x0, 0x3, 0xc0, 0x0,
    0xf0, 0x0, 0x3c, 0x0, 0xf, 0xff, 0xff, 0xff,
    0xff, 0xff, 0xff, 0xc0,

    /* U+00CA "Ê" */
    0x3, 0xe0, 0x0, 0xfc, 0x0, 0x77, 0x80, 0x38,
    0xf0, 0x1c, 0x1c, 0x0, 0x0, 0x0, 0x0, 0x3,
    0xff, 0xff, 0xff, 0xff, 0xff, 0xff, 0xff, 0x0,
    0x3, 0xc0, 0x0, 0xf0, 0x0, 0x3c, 0x0, 0xf,
    0x0, 0x3, 0xc0, 0x0, 0xf0, 0x0, 0x3c, 0x0,
    0xf, 0x0, 0x3, 0xc0, 0x0, 0xff, 0xff, 0xbf,
    0xff, 0xef, 0xff, 0xfb, 0xc0, 0x0, 0xf0, 0x0,
    0x3c, 0x0, 0xf, 0x0, 0x3, 0xc0, 0x0, 0xf0,
    0x0, 0x3c, 0x0, 0xf, 0x0, 0x3, 0xc0, 0x0,
    0xf0, 0x0, 0x3c, 0x0, 0xf, 0xff, 0xff, 0xff,
    0xff, 0xff, 0xff, 0xc0,

    /* U+00CB "Ë" */
    0x1e, 0x1e, 0x7, 0x87, 0x81, 0xe1, 0xe0, 0x78,
    0x78, 0x0, 0x0, 0x0, 0x0, 0x0, 0x0, 0x3,
    0xff, 0xff, 0xff, 0xff, 0xff, 0xff, 0xff, 0x0,
    0x3, 0xc0, 0x0, 0xf0, 0x0, 0x3c, 0x0, 0xf,
    0x0, 0x3, 0xc0, 0x0, 0xf0, 0x0, 0x3c, 0x0,
    0xf, 0x0, 0x3, 0xc0, 0x0, 0xff, 0xff, 0xbf,
    0xff, 0xef, 0xff, 0xfb, 0xc0, 0x0, 0xf0, 0x0,
    0x3c, 0x0, 0xf, 0x0, 0x3, 0xc0, 0x0, 0xf0,
    0x0, 0x3c, 0x0, 0xf, 0x0, 0x3, 0xc0, 0x0,
    0xf0, 0x0, 0x3c, 0x0, 0xf, 0xff, 0xff, 0xff,
    0xff, 0xff, 0xff, 0xc0,

    /* U+00CC "Ì" */
    0xe, 0x0, 0x3, 0x80, 0x1, 0xe0, 0x0, 0x78,
    0x0, 0x1c, 0x0, 0x0, 0x0, 0x0, 0x1, 0xff,
    0xff, 0xff, 0xff, 0xff, 0xff, 0xc0, 0xf0, 0x0,
    0x78, 0x0, 0x3c, 0x0, 0x1e, 0x0, 0xf, 0x0,
    0x7, 0x80, 0x3, 0xc0, 0x1, 0xe0, 0x0, 0xf0,
    0x0, 0x78, 0x0, 0x3c, 0x0, 0x1e, 0x0, 0xf,
    0x0, 0x7, 0x80, 0x3, 0xc0, 0x1, 0xe0, 0x0,
    0xf0, 0x0, 0x78, 0x0, 0x3c, 0x0, 0x1e, 0x0,
    0xf, 0x0, 0x7, 0x80, 0x3, 0xc0, 0x1, 0xe0,
    0x3f, 0xff, 0xff, 0xff, 0xff, 0xff, 0xf8,

    /* U+00CD "Í" */
    0x0, 0x78, 0x0, 0x78, 0x0, 0x38, 0x0, 0x38,
    0x0, 0x38, 0x0, 0x0, 0x0, 0x0, 0x1, 0xff,
    0xff, 0xff, 0xff, 0xff, 0xff, 0xc0, 0xf0, 0x0,
    0x78, 0x0, 0x3c, 0x0, 0x1e, 0x0, 0xf, 0x0,
    0x7, 0x80, 0x3, 0xc0, 0x1, 0xe0, 0x0, 0xf0,
    0x0, 0x78, 0x0, 0x3c, 0x0, 0x1e, 0x0, 0xf,
    0x0, 0x7, 0x80, 0x3, 0xc0, 0x1, 0xe0, 0x0,
    0xf0, 0x0, 0x78, 0x0, 0x3c, 0x0, 0x1e, 0x0,
    0xf, 0x0, 0x7, 0x80, 0x3, 0xc0, 0x1, 0xe0,
    0x3f, 0xff, 0xff, 0xff, 0xff, 0xff, 0xf8,

    /* U+00CE "Î" */
    0x3, 0xc0, 0x3, 0xf0, 0x3, 0x9c, 0x3, 0x87,
    0x3, 0x81, 0xc0, 0x0, 0x0, 0x0, 0x1, 0xff,
    0xff, 0xff, 0xff, 0xff, 0xff, 0xc0, 0xf0, 0x0,
    0x78, 0x0, 0x3c, 0x0, 0x1e, 0x0, 0xf, 0x0,
    0x7, 0x80, 0x3, 0xc0, 0x1, 0xe0, 0x0, 0xf0,
    0x0, 0x78, 0x0, 0x3c, 0x0, 0x1e, 0x0, 0xf,
    0x0, 0x7, 0x80, 0x3, 0xc0, 0x1, 0xe0, 0x0,
    0xf0, 0x0, 0x78, 0x0, 0x3c, 0x0, 0x1e, 0x0,
    0xf, 0x0, 0x7, 0x80, 0x3, 0xc0, 0x1, 0xe0,
    0x3f, 0xff, 0xff, 0xff, 0xff, 0xff, 0xf8,

    /* U+00CF "Ï" */
    0x3c, 0x3c, 0x1e, 0x1e, 0xf, 0xf, 0x7, 0x87,
    0x80, 0x0, 0x0, 0x0, 0x0, 0x0, 0x1, 0xff,
    0xff, 0xff, 0xff, 0xff, 0xff, 0xc0, 0xf0, 0x0,
    0x78, 0x0, 0x3c, 0x0, 0x1e, 0x0, 0xf, 0x0,
    0x7, 0x80, 0x3, 0xc0, 0x1, 0xe0, 0x0, 0xf0,
    0x0, 0x78, 0x0, 0x3c, 0x0, 0x1e, 0x0, 0xf,
    0x0, 0x7, 0x80, 0x3, 0xc0, 0x1, 0xe0, 0x0,
    0xf0, 0x0, 0x78, 0x0, 0x3c, 0x0, 0x1e, 0x0,
    0xf, 0x0, 0x7, 0x80, 0x3, 0xc0, 0x1, 0xe0,
    0x3f, 0xff, 0xff, 0xff, 0xff, 0xff, 0xf8,

    /* U+00D0 "Ð" */
    0x1f, 0xf8, 0x0, 0x7f, 0xfc, 0x1, 0xff, 0xfc,
    0x7, 0x81, 0xf8, 0x1e, 0x1, 0xe0, 0x78, 0x3,
    0xc1, 0xe0, 0x7, 0x87, 0x80, 0x1e, 0x1e, 0x0,
    0x78, 0x78, 0x0, 0xe1, 0xe0, 0x3, 0xc7, 0x80,
    0xf, 0x1e, 0x0, 0x3f, 0xff, 0xc0, 0xff, 0xff,
    0x3, 0xff, 0xfc, 0xf, 0x1e, 0x0, 0x3c, 0x78,
    0x0, 0xf1, 0xe0, 0x3, 0xc7, 0x80, 0xf, 0x1e,
    0x0, 0x38, 0x78, 0x1, 0xe1, 0xe0, 0x7, 0x87,
    0x80, 0x1e, 0x1e, 0x0, 0xf0, 0x78, 0x7, 0x81,
    0xe0, 0x7e, 0x7, 0xff, 0xf0, 0x1f, 0xff, 0x0,
    0x7f, 0xf0, 0x0,

    /* U+00D1 "Ñ" */
    0x7, 0x83, 0x1, 0xfc, 0x60, 0x7f, 0xfc, 0xe,
    0x3f, 0x1, 0xc3, 0xc0, 0x0, 0x0, 0x0, 0x0,
    0x7, 0xe0, 0xf, 0xfc, 0x1, 0xff, 0xc0, 0x3f,
    0xf8, 0x7, 0xff, 0x0, 0xff, 0xf0, 0x1f, 0xfe,
    0x3, 0xfd, 0xc0, 0x7f, 0xbc, 0xf, 0xf3, 0x81,
    0xfe, 0x78, 0x3f, 0xc7, 0x7, 0xf8, 0xe0, 0xff,
    0x1e, 0x1f, 0xe1, 0xc3, 0xfc, 0x38, 0x7f, 0x83,
    0x8f, 0xf0, 0x71, 0xfe, 0xf, 0x3f, 0xc0, 0xe7,
    0xf8, 0x1c, 0xff, 0x1, 0xdf, 0xe0, 0x3b, 0xfc,
    0x3, 0xff, 0x80, 0x7f, 0xf0, 0xf, 0xfe, 0x0,
    0xff, 0xc0, 0x1f, 0xf8, 0x1, 0xff, 0x0, 0x3e,

    /* U+00D2 "Ò" */
    0x7, 0x80, 0x0, 0x3c, 0x0, 0x1, 0xc0, 0x0,
    0xe, 0x0, 0x0, 0x70, 0x0, 0x7, 0x80, 0x0,
    0x0, 0x0, 0x0, 0x0, 0x3, 0xfe, 0x0, 0xff,
    0xf0, 0x1f, 0xff, 0x83, 0xe0, 0x7c, 0x3c, 0x3,
    0xc7, 0x80, 0x1e, 0x78, 0x1, 0xe7, 0x80, 0x1e,
    0x70, 0x0, 0xef, 0x0, 0xf, 0xf0, 0x0, 0xff,
    0x0, 0xf, 0xf0, 0x0, 0xff, 0x0, 0xf, 0xf0,
    0x0, 0xff, 0x0, 0xf, 0xf0, 0x0, 0xff, 0x0,
    0xf, 0xf0, 0x0, 0xff, 0x0, 0xf, 0xf0, 0x0,
    0xf7, 0x80, 0xe, 0x78, 0x1, 0xe7, 0x80, 0x1e,
    0x78, 0x1, 0xe3, 0xc0, 0x3c, 0x3e, 0x7, 0xc1,
    0xff, 0xf8, 0xf, 0xff, 0x0, 0x7f, 0xe0, 0x0,
    0x60, 0x0,

    /* U+00D3 "Ó" */
    0x0, 0xf, 0x0, 0x1, 0xe0, 0x0, 0x3c, 0x0,
    0x3, 0x80, 0x0, 0x70, 0x0, 0xe, 0x0, 0x0,
    0x0, 0x0, 0x0, 0x0, 0x3, 0xfe, 0x0, 0xff,
    0xf0, 0x1f, 0xff, 0x83, 0xe0, 0x7c, 0x3c, 0x3,
    0xc7, 0x80, 0x1e, 0x78, 0x1, 0xe7, 0x80, 0x1e,
    0x70, 0x0, 0xef, 0x0, 0xf, 0xf0, 0x0, 0xff,
    0x0, 0xf, 0xf0, 0x0, 0xff, 0x0, 0xf, 0xf0,
    0x0, 0xff, 0x0, 0xf, 0xf0, 0x0, 0xff, 0x0,
    0xf, 0xf0, 0x0, 0xff, 0x0, 0xf, 0xf0, 0x0,
    0xf7, 0x80, 0xe, 0x78, 0x1, 0xe7, 0x80, 0x1e,
    0x78, 0x1, 0xe3, 0xc0, 0x3c, 0x3e, 0x7, 0xc1,
    0xff, 0xf8, 0xf, 0xff, 0x0, 0x7f, 0xe0, 0x0,
    0x60, 0x0,

    /* U+00D4 "Ô" */
    0x0, 0xf8, 0x0, 0x1f, 0xc0, 0x3, 0xde, 0x0,
    0x70, 0xe0, 0xe, 0x7, 0x0, 0x0, 0x0, 0x0,
    0x0, 0x0, 0x3f, 0xe0, 0xf, 0xff, 0x1, 0xff,
    0xf8, 0x3e, 0x7, 0xc3, 0xc0, 0x3c, 0x78, 0x1,
    0xe7, 0x80, 0x1e, 0x78, 0x1, 0xe7, 0x0, 0xe,
    0xf0, 0x0, 0xff, 0x0, 0xf, 0xf0, 0x0, 0xff,
    0x0, 0xf, 0xf0, 0x0, 0xff, 0x0, 0xf, 0xf0,
    0x0, 0xff, 0x0, 0xf, 0xf0, 0x0, 0xff, 0x0,
    0xf, 0xf0, 0x0, 0xff, 0x0, 0xf, 0x78, 0x0,
    0xe7, 0x80, 0x1e, 0x78, 0x1, 0xe7, 0x80, 0x1e,
    0x3c, 0x3, 0xc3, 0xe0, 0x7c, 0x1f, 0xff, 0x80,
    0xff, 0xf0, 0x7, 0xfe, 0x0, 0x6, 0x0,

    /* U+00D5 "Õ" */
    0x7, 0x83, 0x0, 0xfe, 0x30, 0x1f, 0xff, 0x1,
    0xc7, 0xe0, 0x1c, 0x3c, 0x0, 0x0, 0x0, 0x0,
    0x0, 0x0, 0x0, 0x0, 0x3, 0xfe, 0x0, 0xff,
    0xf0, 0x1f, 0xff, 0x83, 0xe0, 0x7c, 0x3c, 0x3,
    0xc7, 0x80, 0x1e, 0x78, 0x1, 0xe7, 0x80, 0x1e,
    0x70, 0x0, 0xef, 0x0, 0xf, 0xf0, 0x0, 0xff,
    0x0, 0xf, 0xf0, 0x0, 0xff, 0x0, 0xf, 0xf0,
    0x0, 0xff, 0x0, 0xf, 0xf0, 0x0, 0xff, 0x0,
    0xf, 0xf0, 0x0, 0xff, 0x0, 0xf, 0xf0, 0x0,
    0xf7, 0x80, 0xe, 0x78, 0x1, 0xe7, 0x80, 0x1e,
    0x78, 0x1, 0xe3, 0xc0, 0x3c, 0x3e, 0x7, 0xc1,
    0xff, 0xf8, 0xf, 0xff, 0x0, 0x7f, 0xe0, 0x0,
    0x60, 0x0,

    /* U+00D6 "Ö" */
    0xf, 0xf, 0x0, 0xf0, 0xf0, 0xf, 0xf, 0x0,
    0xf0, 0xf0, 0x0, 0x0, 0x0, 0x0, 0x0, 0x0,
    0x0, 0x0, 0x3f, 0xe0, 0xf, 0xff, 0x1, 0xff,
    0xf8, 0x3e, 0x7, 0xc3, 0xc0, 0x3c, 0x78, 0x1,
    0xe7, 0x80, 0x1e, 0x78, 0x1, 0xe7, 0x0, 0xe,
    0xf0, 0x0, 0xff, 0x0, 0xf, 0xf0, 0x0, 0xff,
    0x0, 0xf, 0xf0, 0x0, 0xff, 0x0, 0xf, 0xf0,
    0x0, 0xff, 0x0, 0xf, 0xf0, 0x0, 0xff, 0x0,
    0xf, 0xf0, 0x0, 0xff, 0x0, 0xf, 0x78, 0x0,
    0xe7, 0x80, 0x1e, 0x78, 0x1, 0xe7, 0x80, 0x1e,
    0x3c, 0x3, 0xc3, 0xe0, 0x7c, 0x1f, 0xff, 0x80,
    0xff, 0xf0, 0x7, 0xfe, 0x0, 0x6, 0x0,

    /* U+00D7 "×" */
    0x20, 0x0, 0x8e, 0x0, 0x3b, 0xe0, 0xf, 0x3e,
    0x3, 0xc3, 0xe0, 0xf0, 0x3e, 0x3c, 0x3, 0xef,
    0x0, 0x3f, 0xc0, 0x3, 0xf0, 0x0, 0x3e, 0x0,
    0xf, 0xe0, 0x3, 0xfe, 0x0, 0xf3, 0xe0, 0x3c,
    0x3e, 0xf, 0x3, 0xe3, 0xc0, 0x3e, 0xf0, 0x3,
    0xcc, 0x0, 0x30, 0x0, 0x0, 0x0,

    /* U+00D8 "Ø" */
    0x0, 0x0, 0x6, 0x0, 0xff, 0x8e, 0x3, 0xff,
    0xce, 0x7, 0xff, 0xfc, 0xf, 0x81, 0xf8, 0xf,
    0x0, 0xf8, 0x1e, 0x0, 0xf8, 0x1e, 0x0, 0xf8,
    0x1e, 0x1, 0xf8, 0x1c, 0x3, 0xfc, 0x3c, 0x3,
    0xbc, 0x3c, 0x7, 0xbc, 0x3c, 0xf, 0x3c, 0x3c,
    0xe, 0x3c, 0x3c, 0x1c, 0x3c, 0x3c, 0x3c, 0x3c,
    0x3c, 0x38, 0x3c, 0x3c, 0x70, 0x3c, 0x3c, 0xf0,
    0x3c, 0x3c, 0xe0, 0x3c, 0x3d, 0xc0, 0x3c, 0x3f,
    0x80, 0x3c, 0x3f, 0x80, 0x38, 0x1f, 0x0, 0x78,
    0x1e, 0x0, 0x78, 0x1e, 0x0, 0x78, 0x1f, 0x0,
    0xf0, 0x3f, 0x81, 0xf0, 0x3f, 0xff, 0xe0, 0x73,
    0xff, 0xc0, 0xe1, 0xff, 0x0, 0x40, 0x10, 0x0,

    /* U+00D9 "Ù" */
    0x7, 0x80, 0x0, 0x78, 0x0, 0x7, 0x0, 0x0,
    0x70, 0x0, 0x7, 0x0, 0x0, 0x0, 0x0, 0x0,
    0x7, 0x80, 0xf, 0xf0, 0x1, 0xfe, 0x0, 0x3f,
    0xc0, 0x7, 0xf8, 0x0, 0xff, 0x0, 0x1f, 0xe0,
    0x3, 0xfc, 0x0, 0x7f, 0x80, 0xf, 0xf0, 0x1,
    0xfe, 0x0, 0x3f, 0xc0, 0x7, 0xf8, 0x0, 0xff,
    0x0, 0x1f, 0xe0, 0x3, 0xfc, 0x0, 0x7f, 0x80,
    0xf, 0xf0, 0x1, 0xfe, 0x0, 0x3f, 0xc0, 0x7,
    0xf8, 0x0, 0xff, 0x0, 0x1f, 0xe0, 0x3, 0xfc,
    0x0, 0x7f, 0x80, 0xf, 0x78, 0x3, 0xcf, 0x80,
    0xf8, 0xff, 0xfe, 0xf, 0xff, 0x80, 0x7f, 0xc0,
    0x0, 0x80, 0x0,

    /* U+00DA "Ú" */
    0x0, 0x1c, 0x0, 0x7, 0x80, 0x1, 0xe0, 0x0,
    0x78, 0x0, 0xe, 0x0, 0x3, 0x80, 0x0, 0x0,
    0x0, 0x0, 0x0, 0xf0, 0x1, 0xfe, 0x0, 0x3f,
    0xc0, 0x7, 0xf8, 0x0, 0xff, 0x0, 0x1f, 0xe0,
    0x3, 0xfc, 0x0, 0x7f, 0x80, 0xf, 0xf0, 0x1,
    0xfe, 0x0, 0x3f, 0xc0, 0x7, 0xf8, 0x0, 0xff,
    0x0, 0x1f, 0xe0, 0x3, 0xfc, 0x0, 0x7f, 0x80,
    0xf, 0xf0, 0x1, 0xfe, 0x0, 0x3f, 0xc0, 0x7,
    0xf8, 0x0, 0xff, 0x0, 0x1f, 0xe0, 0x3, 0xfc,
    0x0, 0x7f, 0x80, 0xf, 0xf0, 0x1, 0xef, 0x0,
    0x79, 0xf0, 0x1f, 0x1f, 0xff, 0xc1, 0xff, 0xf0,
    0xf, 0xf8, 0x0, 0x10, 0x0,

    /* U+00DB "Û" */
    0x1, 0xf0, 0x0, 0x7f, 0x0, 0x1e, 0xf0, 0x3,
    0x8e, 0x0, 0xe0, 0xe0, 0x0, 0x0, 0x0, 0x0,
    0x7, 0x80, 0xf, 0xf0, 0x1, 0xfe, 0x0, 0x3f,
    0xc0, 0x7, 0xf8, 0x0, 0xff, 0x0, 0x1f, 0xe0,
    0x3, 0xfc, 0x0, 0x7f, 0x80, 0xf, 0xf0, 0x1,
    0xfe, 0x0, 0x3f, 0xc0, 0x7, 0xf8, 0x0, 0xff,
    0x0, 0x1f, 0xe0, 0x3, 0xfc, 0x0, 0x7f, 0x80,
    0xf, 0xf0, 0x1, 0xfe, 0x0, 0x3f, 0xc0, 0x7,
    0xf8, 0x0, 0xff, 0x0, 0x1f, 0xe0, 0x3, 0xfc,
    0x0, 0x7f, 0x80, 0xf, 0x78, 0x3, 0xcf, 0x80,
    0xf8, 0xff, 0xfe, 0xf, 0xff, 0x80, 0x7f, 0xc0,
    0x0, 0x80, 0x0,

    /* U+00DC "Ü" */
    0x1e, 0x1e, 0x3, 0xc3, 0xc0, 0x78, 0x78, 0xf,
    0xf, 0x0, 0x0, 0x0, 0x0, 0x0, 0x0, 0x0,
    0x7, 0x80, 0xf, 0xf0, 0x1, 0xfe, 0x0, 0x3f,
    0xc0, 0x7, 0xf8, 0x0, 0xff, 0x0, 0x1f, 0xe0,
    0x3, 0xfc, 0x0, 0x7f, 0x80, 0xf, 0xf0, 0x1,
    0xfe, 0x0, 0x3f, 0xc0, 0x7, 0xf8, 0x0, 0xff,
    0x0, 0x1f, 0xe0, 0x3, 0xfc, 0x0, 0x7f, 0x80,
    0xf, 0xf0, 0x1, 0xfe, 0x0, 0x3f, 0xc0, 0x7,
    0xf8, 0x0, 0xff, 0x0, 0x1f, 0xe0, 0x3, 0xfc,
    0x0, 0x7f, 0x80, 0xf, 0x78, 0x3, 0xcf, 0x80,
    0xf8, 0xff, 0xfe, 0xf, 0xff, 0x80, 0x7f, 0xc0,
    0x0, 0x80, 0x0,

    /* U+00DD "Ý" */
    0x0, 0x7, 0x0, 0x0, 0xe, 0x0, 0x0, 0x1e,
    0x0, 0x0, 0x3c, 0x0, 0x0, 0x38, 0x0, 0x0,
    0x0, 0x0, 0x0, 0x0, 0x0, 0x78, 0x0, 0x1e,
    0x7c, 0x0, 0x3e, 0x3c, 0x0, 0x3c, 0x3e, 0x0,
    0x7c, 0x1e, 0x0, 0x78, 0xf, 0x0, 0xf0, 0xf,
    0x0, 0xf0, 0x7, 0x81, 0xe0, 0x7, 0x81, 0xe0,
    0x3, 0xc3, 0xc0, 0x3, 0xe7, 0xc0, 0x1, 0xe7,
    0x80, 0x0, 0xff, 0x0, 0x0, 0xff, 0x0, 0x0,
    0x7e, 0x0, 0x0, 0x7e, 0x0, 0x0, 0x3c, 0x0,
    0x0, 0x3c, 0x0, 0x0, 0x3c, 0x0, 0x0, 0x3c,
    0x0, 0x0, 0x3c, 0x0, 0x0, 0x3c, 0x0, 0x0,
    0x3c, 0x0, 0x0, 0x3c, 0x0, 0x0, 0x3c, 0x0,
    0x0, 0x3c, 0x0, 0x0, 0x3c, 0x0, 0x0, 0x3c,
    0x0, 0x0, 0x3c, 0x0, 0x0, 0x3c, 0x0,

    /* U+00DE "Þ" */
    0xf0, 0x0, 0x1e, 0x0, 0x3, 0xc0, 0x0, 0x78,
    0x0, 0xf, 0x0, 0x1, 0xe0, 0x0, 0x3f, 0xfe,
    0x7, 0xff, 0xf8, 0xff, 0xff, 0x9e, 0x1, 0xfb,
    0xc0, 0xf, 0x78, 0x1, 0xff, 0x0, 0x1f, 0xe0,
    0x3, 0xfc, 0x0, 0x7f, 0x80, 0xf, 0xf0, 0x3,
    0xfe, 0x0, 0x7b, 0xc0, 0x3f, 0x7f, 0xff, 0xcf,
    0xff, 0xf1, 0xff, 0xf8, 0x3c, 0x0, 0x7, 0x80,
    0x0, 0xf0, 0x0, 0x1e, 0x0, 0x3, 0xc0, 0x0,
    0x78, 0x0, 0xf, 0x0, 0x1, 0xe0, 0x0, 0x0,

    /* U+00DF "ß" */
    0x7, 0xf0, 0x3, 0xff, 0x80, 0xff, 0xf8, 0x3e,
    0xf, 0x87, 0x80, 0xf1, 0xe0, 0xf, 0x3c, 0x1,
    0xe7, 0x80, 0x3c, 0xf0, 0x3f, 0x9e, 0xf, 0x83,
    0xc3, 0xc0, 0x78, 0xf0, 0xf, 0x1e, 0x1, 0xe3,
    0xc0, 0x3c, 0x78, 0x7, 0x8f, 0x80, 0xf0, 0xf8,
    0x1e, 0x1f, 0x83, 0xc1, 0xfc, 0x78, 0xf, 0xcf,
    0x0, 0xfd, 0xe0, 0xf, 0xbc, 0x0, 0xff, 0x80,
    0xf, 0xf0, 0x1, 0xfe, 0x0, 0x3f, 0xc0, 0x7,
    0xf8, 0x1, 0xff, 0x3f, 0xfd, 0xe7, 0xff, 0x3c,
    0xff, 0xc0, 0x1, 0x0,

    /* U+00E0 "à" */
    0x1e, 0x0, 0x0, 0xf0, 0x0, 0x7, 0x80, 0x0,
    0x38, 0x0, 0x1, 0xc0, 0x0, 0x1e, 0x0, 0x0,
    0xf0, 0x0, 0x7, 0x0, 0x0, 0x0, 0x0, 0x0,
    0x0, 0x0, 0x0, 0x0, 0x0, 0x0, 0x1f, 0xfe,
    0x3, 0xff, 0xf0, 0x3f, 0xff, 0x83, 0x0, 0x7c,
    0x0, 0x3, 0xc0, 0x0, 0x1e, 0x0, 0x1, 0xe0,
    0x0, 0x1e, 0x3, 0xff, 0xe1, 0xff, 0xfe, 0x3f,
    0xff, 0xe7, 0xe0, 0x1e, 0x78, 0x1, 0xef, 0x0,
    0x1e, 0xf0, 0x1, 0xef, 0x0, 0x3e, 0xf0, 0x3,
    0xef, 0x80, 0x7e, 0x78, 0xf, 0xe7, 0xff, 0xee,
    0x3f, 0xfc, 0xf1, 0xff, 0xf, 0x1, 0x0, 0x0,

    /* U+00E1 "á" */
    0x0, 0x7, 0x80, 0x0, 0xf0, 0x0, 0x1e, 0x0,
    0x3, 0xc0, 0x0, 0x38, 0x0, 0x7, 0x0, 0x0,
    0xe0, 0x0, 0x1e, 0x0, 0x0, 0x0, 0x0, 0x0,
    0x0, 0x0, 0x0, 0x0, 0x0, 0x0, 0x1f, 0xfe,
    0x3, 0xff, 0xf0, 0x3f, 0xff, 0x83, 0x0, 0x7c,
    0x0, 0x3, 0xc0, 0x0, 0x1e, 0x0, 0x1, 0xe0,
    0x0, 0x1e, 0x3, 0xff, 0xe1, 0xff, 0xfe, 0x3f,
    0xff, 0xe7, 0xe0, 0x1e, 0x78, 0x1, 0xef, 0x0,
    0x1e, 0xf0, 0x1, 0xef, 0x0, 0x3e, 0xf0, 0x3,
    0xef, 0x80, 0x7e, 0x78, 0xf, 0xe7, 0xff, 0xee,
    0x3f, 0xfc, 0xf1, 0xff, 0xf, 0x1, 0x0, 0x0,

    /* U+00E2 "â" */
    0x0, 0xe0, 0x0, 0xf, 0x0, 0x1, 0xf8, 0x0,
    0x3f, 0x80, 0x3, 0x9c, 0x0, 0x70, 0xe0, 0x6,
    0xe, 0x0, 0xe0, 0x70, 0x0, 0x0, 0x0, 0x0,
    0x0, 0x0, 0x0, 0x0, 0x0, 0x0, 0x1f, 0xfe,
    0x3, 0xff, 0xf0, 0x3f, 0xff, 0x83, 0x0, 0x7c,
    0x0, 0x3, 0xc0, 0x0, 0x1e, 0x0, 0x1, 0xe0,
    0x0, 0x1e, 0x3, 0xff, 0xe1, 0xff, 0xfe, 0x3f,
    0xff, 0xe7, 0xe0, 0x1e, 0x78, 0x1, 0xef, 0x0,
    0x1e, 0xf0, 0x1, 0xef, 0x0, 0x3e, 0xf0, 0x3,
    0xef, 0x80, 0x7e, 0x78, 0xf, 0xe7, 0xff, 0xee,
    0x3f, 0xfc, 0xf1, 0xff, 0xf, 0x1, 0x0, 0x0,

    /* U+00E3 "ã" */
    0x7, 0x7, 0x0, 0xfc, 0x70, 0x1f, 0xef, 0x1,
    0xcf, 0xe0, 0x1c, 0x7e, 0x1, 0xc1, 0xc0, 0x0,
    0x0, 0x0, 0x0, 0x0, 0x0, 0x0, 0x0, 0x0,
    0x0, 0x0, 0x40, 0x1, 0xff, 0xe0, 0x3f, 0xff,
    0x3, 0xff, 0xf8, 0x30, 0x7, 0xc0, 0x0, 0x3c,
    0x0, 0x1, 0xe0, 0x0, 0x1e, 0x0, 0x1, 0xe0,
    0x3f, 0xfe, 0x1f, 0xff, 0xe3, 0xff, 0xfe, 0x7e,
    0x1, 0xe7, 0x80, 0x1e, 0xf0, 0x1, 0xef, 0x0,
    0x1e, 0xf0, 0x3, 0xef, 0x0, 0x3e, 0xf8, 0x7,
    0xe7, 0x80, 0xfe, 0x7f, 0xfd, 0xe3, 0xff, 0x9f,
    0x1f, 0xf0, 0xf0, 0x10, 0x0,

    /* U+00E4 "ä" */
    0xf, 0xf, 0x0, 0xf0, 0xf0, 0xf, 0xf, 0x0,
    0xf0, 0xf0, 0x0, 0x0, 0x0, 0x0, 0x0, 0x0,
    0x0, 0x0, 0x0, 0x0, 0x0, 0x0, 0x1, 0xff,
    0xe0, 0x3f, 0xff, 0x3, 0xff, 0xf8, 0x30, 0x7,
    0xc0, 0x0, 0x3c, 0x0, 0x1, 0xe0, 0x0, 0x1e,
    0x0, 0x1, 0xe0, 0x3f, 0xfe, 0x1f, 0xff, 0xe3,
    0xff, 0xfe, 0x7e, 0x1, 0xe7, 0x80, 0x1e, 0xf0,
    0x1, 0xef, 0x0, 0x1e, 0xf0, 0x3, 0xef, 0x0,
    0x3e, 0xf8, 0x7, 0xe7, 0x80, 0xfe, 0x7f, 0xfe,
    0xe3, 0xff, 0xcf, 0x1f, 0xf0, 0xf0, 0x10, 0x0,

    /* U+00E5 "å" */
    0x1, 0xf0, 0x0, 0x3f, 0x80, 0x7, 0xfc, 0x0,
    0xe0, 0xe0, 0xc, 0x6, 0x0, 0xc0, 0x60, 0xc,
    0x6, 0x0, 0xe0, 0xe0, 0x7, 0xfc, 0x0, 0x3f,
    0x80, 0x1, 0xf0, 0x0, 0x0, 0x0, 0x0, 0x0,
    0x0, 0x0, 0x0, 0x1f, 0xfe, 0x3, 0xff, 0xf0,
    0x3f, 0xff, 0x83, 0x0, 0x7c, 0x0, 0x3, 0xc0,
    0x0, 0x1e, 0x0, 0x1, 0xe0, 0x0, 0x1e, 0x3,
    0xff, 0xe1, 0xff, 0xfe, 0x3f, 0xff, 0xe7, 0xe0,
    0x1e, 0x78, 0x1, 0xef, 0x0, 0x1e, 0xf0, 0x1,
    0xef, 0x0, 0x3e, 0xf0, 0x3, 0xef, 0x80, 0x7e,
    0x78, 0xf, 0xe7, 0xff, 0xfe, 0x3f, 0xf8, 0xf1,
    0xff, 0xf, 0x1, 0x0, 0x0,

    /* U+00E6 "æ" */
    0x0, 0x0, 0x0, 0x3f, 0xc7, 0xf8, 0x3f, 0xef,
    0xfc, 0x3f, 0xff, 0xfe, 0x20, 0x7c, 0x1e, 0x0,
    0x7c, 0xe, 0x0, 0x38, 0xf, 0x0, 0x38, 0xf,
    0x0, 0x38, 0xf, 0x0, 0x38, 0xf, 0xf, 0xff,
    0xff, 0x3f, 0xff, 0xff, 0x7f, 0xff, 0xff, 0x7c,
    0x38, 0x0, 0xf8, 0x38, 0x0, 0xf0, 0x38, 0x0,
    0xf0, 0x38, 0x0, 0xf0, 0x38, 0x0, 0xf0, 0x3c,
    0x0, 0xf8, 0x7c, 0x2, 0x7f, 0xef, 0xfe, 0x7f,
    0xef, 0xfe, 0x3f, 0xc7, 0xfc, 0x6, 0x0, 0x40,

    /* U+00E7 "ç" */
    0x0, 0x10, 0x0, 0xff, 0xc0, 0xff, 0xfc, 0x7f,
    0xff, 0x3e, 0x1, 0xcf, 0x0, 0x17, 0x80, 0x1,
    0xe0, 0x0, 0xf0, 0x0, 0x3c, 0x0, 0xf, 0x0,
    0x3, 0xc0, 0x0, 0xf0, 0x0, 0x3c, 0x0, 0xf,
    0x0, 0x3, 0xc0, 0x0, 0x78, 0x0, 0x1e, 0x0,
    0x7, 0xc0, 0x4, 0xf8, 0x3, 0x1f, 0xff, 0xc3,
    0xff, 0xf0, 0x7f, 0xf0, 0x1, 0xc0, 0x0, 0x38,
    0x0, 0x6, 0x0, 0x1, 0xc0, 0x0, 0xf0, 0x3,
    0xfc, 0x0, 0xfe, 0x0, 0x3f, 0x0,

    /* U+00E8 "è" */
    0xe, 0x0, 0x0, 0xf0, 0x0, 0x7, 0x80, 0x0,
    0x3c, 0x0, 0x1, 0xc0, 0x0, 0xe, 0x0, 0x0,
    0x70, 0x0, 0x3, 0x80, 0x0, 0x0, 0x0, 0x0,
    0x0, 0x0, 0x0, 0x0, 0x0, 0x0, 0x3, 0xfe,
    0x0, 0xff, 0xf8, 0x1f, 0xff, 0xc3, 0xe0, 0x3c,
    0x3c, 0x1, 0xe7, 0x80, 0x1e, 0x78, 0x0, 0xff,
    0x0, 0xf, 0xf0, 0x0, 0xff, 0xff, 0xff, 0xff,
    0xff, 0xff, 0xff, 0xff, 0xf0, 0x0, 0xf, 0x0,
    0x0, 0xf0, 0x0, 0x7, 0x80, 0x0, 0x78, 0x0,
    0x7, 0xc0, 0x0, 0x3e, 0x0, 0xe1, 0xff, 0xfe,
    0xf, 0xff, 0xe0, 0x3f, 0xf8, 0x0, 0x30, 0x0,

    /* U+00E9 "é" */
    0x0, 0x7, 0x80, 0x0, 0xf0, 0x0, 0x1e, 0x0,
    0x1, 0xc0, 0x0, 0x38, 0x0, 0x7, 0x80, 0x0,
    0x70, 0x0, 0xe, 0x0, 0x0, 0x0, 0x0, 0x0,
    0x0, 0x0, 0x0, 0x0, 0x0, 0x0, 0x3, 0xfe,
    0x0, 0xff, 0xf8, 0x1f, 0xff, 0xc3, 0xe0, 0x3c,
    0x3c, 0x1, 0xe7, 0x80, 0x1e, 0x78, 0x0, 0xff,
    0x0, 0xf, 0xf0, 0x0, 0xff, 0xff, 0xff, 0xff,
    0xff, 0xff, 0xff, 0xff, 0xf0, 0x0, 0xf, 0x0,
    0x0, 0xf0, 0x0, 0x7, 0x80, 0x0, 0x78, 0x0,
    0x7, 0xc0, 0x0, 0x3e, 0x0, 0xe1, 0xff, 0xfe,
    0xf, 0xff, 0xe0, 0x3f, 0xf8, 0x0, 0x30, 0x0,

    /* U+00EA "ê" */
    0x0, 0x70, 0x0, 0xf, 0x0, 0x1, 0xf8, 0x0,
    0x1f, 0xc0, 0x3, 0x9c, 0x0, 0x30, 0xe0, 0x7,
    0x7, 0x0, 0xe0, 0x70, 0x0, 0x0, 0x0, 0x0,
    0x0, 0x0, 0x0, 0x0, 0x0, 0x0, 0x3, 0xfe,
    0x0, 0xff, 0xf8, 0x1f, 0xff, 0xc3, 0xe0, 0x3c,
    0x3c, 0x1, 0xe7, 0x80, 0x1e, 0x78, 0x0, 0xff,
    0x0, 0xf, 0xf0, 0x0, 0xff, 0xff, 0xff, 0xff,
    0xff, 0xff, 0xff, 0xff, 0xf0, 0x0, 0xf, 0x0,
    0x0, 0xf0, 0x0, 0x7, 0x80, 0x0, 0x78, 0x0,
    0x7, 0xc0, 0x0, 0x3e, 0x0, 0xe1, 0xff, 0xfe,
    0xf, 0xff, 0xe0, 0x3f, 0xf8, 0x0, 0x30, 0x0,

    /* U+00EB "ë" */
    0xf, 0xf, 0x0, 0xf0, 0xf0, 0xf, 0xf, 0x0,
    0xf0, 0xf0, 0x0, 0x0, 0x0, 0x0, 0x0, 0x0,
    0x0, 0x0, 0x0, 0x0, 0x0, 0x0, 0x0, 0x3f,
    0xe0, 0xf, 0xff, 0x81, 0xff, 0xfc, 0x3e, 0x3,
    0xc3, 0xc0, 0x1e, 0x78, 0x1, 0xe7, 0x80, 0xf,
    0xf0, 0x0, 0xff, 0x0, 0xf, 0xff, 0xff, 0xff,
    0xff, 0xff, 0xff, 0xff, 0xff, 0x0, 0x0, 0xf0,
    0x0, 0xf, 0x0, 0x0, 0x78, 0x0, 0x7, 0x80,
    0x0, 0x7c, 0x0, 0x3, 0xe0, 0xe, 0x1f, 0xff,
    0xe0, 0xff, 0xfe, 0x3, 0xff, 0x80, 0x3, 0x0,

    /* U+00EC "ì" */
    0xf0, 0x0, 0x1e, 0x0, 0x3, 0xc0, 0x0, 0x78,
    0x0, 0xf, 0x0, 0x1, 0xc0, 0x0, 0x38, 0x0,
    0x7, 0x0, 0x0, 0x0, 0x0, 0x0, 0x0, 0x0,
    0x1, 0xff, 0x0, 0x7f, 0xc0, 0x1f, 0xf0, 0x0,
    0x3c, 0x0, 0xf, 0x0, 0x3, 0xc0, 0x0, 0xf0,
    0x0, 0x3c, 0x0, 0xf, 0x0, 0x3, 0xc0, 0x0,
    0xf0, 0x0, 0x3c, 0x0, 0xf, 0x0, 0x3, 0xc0,
    0x0, 0xf0, 0x0, 0x3c, 0x0, 0xf, 0x0, 0x3,
    0xe0, 0x0, 0x7c, 0x0, 0x1f, 0xfc, 0x3, 0xff,
    0x0, 0x3f, 0xc0,

    /* U+00ED "í" */
    0x0, 0x3c, 0x0, 0x1c, 0x0, 0x1e, 0x0, 0x1e,
    0x0, 0x1e, 0x0, 0xe, 0x0, 0xe, 0x0, 0xe,
    0x0, 0x0, 0x0, 0x0, 0x0, 0x0, 0x0, 0x1f,
    0xf0, 0xf, 0xf8, 0x7, 0xfc, 0x0, 0x1e, 0x0,
    0xf, 0x0, 0x7, 0x80, 0x3, 0xc0, 0x1, 0xe0,
    0x0, 0xf0, 0x0, 0x78, 0x0, 0x3c, 0x0, 0x1e,
    0x0, 0xf, 0x0, 0x7, 0x80, 0x3, 0xc0, 0x1,
    0xe0, 0x0, 0xf0, 0x0, 0x7c, 0x0, 0x1f, 0x0,
    0xf, 0xfe, 0x3, 0xff, 0x0, 0x7f, 0x80,

    /* U+00EE "î" */
    0x7, 0x80, 0x7, 0xc0, 0x7, 0xf0, 0x3, 0xb8,
    0x3, 0x8e, 0x3, 0x83, 0x81, 0xc0, 0xc1, 0xc0,
    0x70, 0x0, 0x0, 0x0, 0x0, 0x0, 0x0, 0x1f,
    0xf0, 0xf, 0xf8, 0x7, 0xfc, 0x0, 0x1e, 0x0,
    0xf, 0x0, 0x7, 0x80, 0x3, 0xc0, 0x1, 0xe0,
    0x0, 0xf0, 0x0, 0x78, 0x0, 0x3c, 0x0, 0x1e,
    0x0, 0xf, 0x0, 0x7, 0x80, 0x3, 0xc0, 0x1,
    0xe0, 0x0, 0xf0, 0x0, 0x7c, 0x0, 0x1f, 0x0,
    0xf, 0xfe, 0x3, 0xff, 0x0, 0x7f, 0x80,

    /* U+00EF "ï" */
    0x78, 0x78, 0x3c, 0x3c, 0x1e, 0x1e, 0xf, 0xf,
    0x0, 0x0, 0x0, 0x0, 0x0, 0x0, 0x0, 0x0,
    0x0, 0x0, 0x0, 0x7f, 0xc0, 0x3f, 0xe0, 0x1f,
    0xf0, 0x0, 0x78, 0x0, 0x3c, 0x0, 0x1e, 0x0,
    0xf, 0x0, 0x7, 0x80, 0x3, 0xc0, 0x1, 0xe0,
    0x0, 0xf0, 0x0, 0x78, 0x0, 0x3c, 0x0, 0x1e,
    0x0, 0xf, 0x0, 0x7, 0x80, 0x3, 0xc0, 0x1,
    0xf0, 0x0, 0x7c, 0x0, 0x3f, 0xf8, 0xf, 0xfc,
    0x1, 0xfe,

    /* U+00F0 "ð" */
    0xf, 0x0, 0x0, 0xf0, 0x60, 0xf, 0x7c, 0x1,
    0xfe, 0x0, 0x7e, 0x0, 0x7f, 0xe0, 0x6, 0x1e,
    0x0, 0x1, 0xe0, 0x0, 0x1e, 0x0, 0x7f, 0xc0,
    0x3f, 0xfc, 0xf, 0xff, 0xc3, 0xe0, 0x78, 0xf8,
    0xf, 0x9e, 0x0, 0xf3, 0xc0, 0x1e, 0xf0, 0x1,
    0xfe, 0x0, 0x3f, 0xc0, 0x7, 0xf8, 0x0, 0xff,
    0x0, 0x1f, 0xe0, 0x3, 0xfc, 0x0, 0x7f, 0x80,
    0xf, 0xf8, 0x3, 0xef, 0x0, 0x79, 0xf0, 0x1f,
    0x1e, 0x3, 0xc3, 0xff, 0xf8, 0x3f, 0xfe, 0x1,
    0xff, 0x0, 0x2, 0x0,

    /* U+00F1 "ñ" */
    0xf, 0xe, 0xf, 0xc7, 0xf, 0xff, 0x87, 0x1f,
    0x83, 0x87, 0x80, 0x0, 0x0, 0x0, 0x0, 0x0,
    0x0, 0x0, 0x20, 0x79, 0xfe, 0x3d, 0xff, 0x9f,
    0xff, 0xef, 0xc0, 0xf7, 0xc0, 0x7f, 0xe0, 0x1f,
    0xe0, 0xf, 0xf0, 0x7, 0xf8, 0x3, 0xfc, 0x1,
    0xfe, 0x0, 0xff, 0x0, 0x7f, 0x80, 0x3f, 0xc0,
    0x1f, 0xe0, 0xf, 0xf0, 0x7, 0xf8, 0x3, 0xfc,
    0x1, 0xfe, 0x0, 0xff, 0x0, 0x7f, 0x80, 0x3f,
    0xc0, 0x1e,

    /* U+00F2 "ò" */
    0x1e, 0x0, 0x1, 0xe0, 0x0, 0x1c, 0x0, 0x3,
    0xc0, 0x0, 0x3c, 0x0, 0x3, 0x80, 0x0, 0x38,
    0x0, 0x3, 0x80, 0x0, 0x0, 0x0, 0x0, 0x0,
    0x0, 0x0, 0x0, 0x20, 0x0, 0x7f, 0xc0, 0x3f,
    0xfe, 0xf, 0xff, 0xe1, 0xe0, 0x3c, 0x7c, 0x3,
    0xcf, 0x0, 0x7b, 0xe0, 0xf, 0x78, 0x0, 0xff,
    0x0, 0x1f, 0xe0, 0x3, 0xfc, 0x0, 0x7f, 0x80,
    0xf, 0xf0, 0x1, 0xfe, 0x0, 0x3f, 0xc0, 0x7,
    0xfc, 0x1, 0xf7, 0x80, 0x3c, 0xf8, 0xf, 0x8f,
    0x1, 0xe1, 0xff, 0xfc, 0x1f, 0xff, 0x0, 0xff,
    0x80, 0x1, 0x0, 0x0,

    /* U+00F3 "ó" */
    0x0, 0xf, 0x0, 0x3, 0xc0, 0x0, 0x70, 0x0,
    0x1e, 0x0, 0x7, 0x80, 0x0, 0xe0, 0x0, 0x38,
    0x0, 0xe, 0x0, 0x0, 0x0, 0x0, 0x0, 0x0,
    0x0, 0x0, 0x0, 0x20, 0x0, 0x7f, 0xc0, 0x3f,
    0xfe, 0xf, 0xff, 0xe1, 0xe0, 0x3c, 0x7c, 0x3,
    0xcf, 0x0, 0x7b, 0xe0, 0xf, 0x78, 0x0, 0xff,
    0x0, 0x1f, 0xe0, 0x3, 0xfc, 0x0, 0x7f, 0x80,
    0xf, 0xf0, 0x1, 0xfe, 0x0, 0x3f, 0xc0, 0x7,
    0xfc, 0x1, 0xf7, 0x80, 0x3c, 0xf8, 0xf, 0x8f,
    0x1, 0xe1, 0xff, 0xfc, 0x1f, 0xff, 0x0, 0xff,
    0x80, 0x1, 0x0, 0x0,

    /* U+00F4 "ô" */
    0x0, 0xe0, 0x0, 0x3e, 0x0, 0x7, 0xc0, 0x1,
    0xdc, 0x0, 0x7b, 0x80, 0xe, 0x38, 0x3, 0x83,
    0x80, 0x60, 0x30, 0x0, 0x0, 0x0, 0x0, 0x0,
    0x0, 0x0, 0x0, 0x20, 0x0, 0x7f, 0xc0, 0x3f,
    0xfe, 0xf, 0xff, 0xe1, 0xe0, 0x3c, 0x7c, 0x3,
    0xcf, 0x0, 0x7b, 0xe0, 0xf, 0x78, 0x0, 0xff,
    0x0, 0x1f, 0xe0, 0x3, 0xfc, 0x0, 0x7f, 0x80,
    0xf, 0xf0, 0x1, 0xfe, 0x0, 0x3f, 0xc0, 0x7,
    0xfc, 0x1, 0xf7, 0x80, 0x3c, 0xf8, 0xf, 0x8f,
    0x1, 0xe1, 0xff, 0xfc, 0x1f, 0xff, 0x0, 0xff,
    0x80, 0x1, 0x0, 0x0,

    /* U+00F5 "õ" */
    0x7, 0x87, 0x1, 0xf8, 0xe0, 0x7f, 0xfc, 0xe,
    0x3f, 0x1, 0xc3, 0xc0, 0x0, 0x0, 0x0, 0x0,
    0x0, 0x0, 0x0, 0x0, 0x40, 0x0, 0xff, 0x80,
    0x7f, 0xfc, 0x1f, 0xff, 0xc3, 0xc0, 0x78, 0xf8,
    0x7, 0x9e, 0x0, 0xf7, 0xc0, 0x1e, 0xf0, 0x1,
    0xfe, 0x0, 0x3f, 0xc0, 0x7, 0xf8, 0x0, 0xff,
    0x0, 0x1f, 0xe0, 0x3, 0xfc, 0x0, 0x7f, 0x80,
    0xf, 0xf8, 0x3, 0xef, 0x0, 0x79, 0xf0, 0x1f,
    0x1e, 0x3, 0xc3, 0xff, 0xf8, 0x3f, 0xfe, 0x1,
    0xff, 0x0, 0x2, 0x0,

    /* U+00F6 "ö" */
    0xf, 0xf, 0x1, 0xe1, 0xe0, 0x3c, 0x3c, 0x7,
    0x87, 0x80, 0x0, 0x0, 0x0, 0x0, 0x0, 0x0,
    0x0, 0x0, 0x0, 0x0, 0x40, 0x0, 0xff, 0x80,
    0x7f, 0xfc, 0x1f, 0xff, 0xc3, 0xc0, 0x78, 0xf8,
    0x7, 0x9e, 0x0, 0xf7, 0xc0, 0x1e, 0xf0, 0x1,
    0xfe, 0x0, 0x3f, 0xc0, 0x7, 0xf8, 0x0, 0xff,
    0x0, 0x1f, 0xe0, 0x3, 0xfc, 0x0, 0x7f, 0x80,
    0xf, 0xf8, 0x3, 0xef, 0x0, 0x79, 0xf0, 0x1f,
    0x1e, 0x3, 0xc3, 0xff, 0xf8, 0x3f, 0xfe, 0x1,
    0xff, 0x0, 0x2, 0x0,

    /* U+00F7 "÷" */
    0x0, 0xf8, 0x0, 0x7, 0xc0, 0x0, 0x3e, 0x0,
    0x1, 0xf0, 0x0, 0xf, 0x80, 0x0, 0x0, 0x0,
    0x0, 0x0, 0x0, 0x0, 0x0, 0xff, 0xff, 0xff,
    0xff, 0xff, 0xff, 0xff, 0xfe, 0x0, 0x0, 0x0,
    0x0, 0x0, 0x0, 0x0, 0x0, 0x0, 0x0, 0x0,
    0x1f, 0x0, 0x0, 0xf8, 0x0, 0x7, 0xc0, 0x0,
    0x3e, 0x0, 0x1, 0xf0, 0x0,

    /* U+00F8 "ø" */
    0x0, 0x0, 0x8, 0x0, 0x20, 0x18, 0x7, 0xfc,
    0x70, 0x3f, 0xff, 0xc0, 0xff, 0xff, 0x1, 0xf0,
    0x3c, 0x7, 0xc0, 0x3c, 0xf, 0x0, 0xf8, 0x3e,
    0x3, 0xf8, 0x78, 0xe, 0xf0, 0xf0, 0x39, 0xe1,
    0xe0, 0xe3, 0xc3, 0xc1, 0x87, 0x87, 0x87, 0xf,
    0xf, 0x1c, 0x1e, 0x1e, 0x70, 0x3c, 0x3d, 0xc0,
    0x78, 0x3f, 0x1, 0xf0, 0x7e, 0x3, 0xc0, 0xf8,
    0x7, 0x80, 0xf0, 0x1e, 0x3, 0xff, 0xfc, 0xe,
    0xff, 0xf0, 0x38, 0xff, 0x80, 0xe0, 0x10, 0x0,
    0x0, 0x0, 0x0,

    /* U+00F9 "ù" */
    0x3c, 0x0, 0xf, 0x0, 0x3, 0xc0, 0x0, 0xe0,
    0x0, 0x38, 0x0, 0x1e, 0x0, 0x7, 0x0, 0x1,
    0xc0, 0x0, 0x0, 0x0, 0x0, 0x0, 0x0, 0x1e,
    0x0, 0xff, 0x0, 0x7f, 0x80, 0x3f, 0xc0, 0x1f,
    0xe0, 0xf, 0xf0, 0x7, 0xf8, 0x3, 0xfc, 0x1,
    0xfe, 0x0, 0xff, 0x0, 0x7f, 0x80, 0x3f, 0xc0,
    0x1f, 0xe0, 0xf, 0xf0, 0x7, 0xf8, 0x3, 0xfc,
    0x1, 0xfe, 0x1, 0xff, 0x80, 0xfb, 0xc0, 0xfd,
    0xff, 0xfe, 0x7f, 0xef, 0x1f, 0xe7, 0x81, 0x0,
    0x0,

    /* U+00FA "ú" */
    0x0, 0x1c, 0x0, 0x1e, 0x0, 0x1e, 0x0, 0xe,
    0x0, 0xe, 0x0, 0xe, 0x0, 0xe, 0x0, 0x7,
    0x0, 0x0, 0x0, 0x0, 0x0, 0x0, 0x0, 0x1e,
    0x0, 0xff, 0x0, 0x7f, 0x80, 0x3f, 0xc0, 0x1f,
    0xe0, 0xf, 0xf0, 0x7, 0xf8, 0x3, 0xfc, 0x1,
    0xfe, 0x0, 0xff, 0x0, 0x7f, 0x80, 0x3f, 0xc0,
    0x1f, 0xe0, 0xf, 0xf0, 0x7, 0xf8, 0x3, 0xfc,
    0x1, 0xfe, 0x1, 0xff, 0x80, 0xfb, 0xc0, 0xfd,
    0xff, 0xfe, 0x7f, 0xef, 0x1f, 0xe7, 0x81, 0x0,
    0x0,

    /* U+00FB "û" */
    0x1, 0xc0, 0x1, 0xf0, 0x1, 0xf8, 0x0, 0xee,
    0x0, 0xe3, 0x80, 0xe1, 0xc0, 0x70, 0x70, 0x70,
    0x1c, 0x0, 0x0, 0x0, 0x0, 0x0, 0x0, 0x1e,
    0x0, 0xff, 0x0, 0x7f, 0x80, 0x3f, 0xc0, 0x1f,
    0xe0, 0xf, 0xf0, 0x7, 0xf8, 0x3, 0xfc, 0x1,
    0xfe, 0x0, 0xff, 0x0, 0x7f, 0x80, 0x3f, 0xc0,
    0x1f, 0xe0, 0xf, 0xf0, 0x7, 0xf8, 0x3, 0xfc,
    0x1, 0xfe, 0x1, 0xff, 0x80, 0xfb, 0xc0, 0xfd,
    0xff, 0xfe, 0x7f, 0xef, 0x1f, 0xe7, 0x81, 0x0,
    0x0,

    /* U+00FC "ü" */
    0x1e, 0x3c, 0xf, 0x1e, 0x7, 0x8f, 0x3, 0xc7,
    0x80, 0x0, 0x0, 0x0, 0x0, 0x0, 0x0, 0x0,
    0x0, 0x0, 0x0, 0x78, 0x3, 0xfc, 0x1, 0xfe,
    0x0, 0xff, 0x0, 0x7f, 0x80, 0x3f, 0xc0, 0x1f,
    0xe0, 0xf, 0xf0, 0x7, 0xf8, 0x3, 0xfc, 0x1,
    0xfe, 0x0, 0xff, 0x0, 0x7f, 0x80, 0x3f, 0xc0,
    0x1f, 0xe0, 0xf, 0xf0, 0x7, 0xf8, 0x7, 0xfe,
    0x3, 0xef, 0x3, 0xf7, 0xff, 0xf9, 0xff, 0xbc,
    0x7f, 0x9e, 0x4, 0x0,

    /* U+00FD "ý" */
    0x0, 0x7, 0x80, 0x0, 0x3c, 0x0, 0x3, 0xc0,
    0x0, 0x3c, 0x0, 0x3, 0xc0, 0x0, 0x1c, 0x0,
    0x1, 0xc0, 0x0, 0x1c, 0x0, 0x0, 0x0, 0x0,
    0x0, 0x0, 0x0, 0x0, 0x0, 0xe0, 0x0, 0xf7,
    0x80, 0x7, 0xbc, 0x0, 0x38, 0xf0, 0x3, 0xc7,
    0x80, 0x1e, 0x1c, 0x1, 0xe0, 0xf0, 0xf, 0x7,
    0x80, 0x78, 0x1e, 0x7, 0x80, 0xf0, 0x3c, 0x7,
    0x81, 0xc0, 0x1e, 0x1e, 0x0, 0xf0, 0xf0, 0x3,
    0x8f, 0x0, 0x1e, 0x78, 0x0, 0xf3, 0x80, 0x3,
    0xfc, 0x0, 0x1f, 0xe0, 0x0, 0x7e, 0x0, 0x3,
    0xf0, 0x0, 0x1f, 0x0, 0x0, 0x78, 0x0, 0x3,
    0xc0, 0x0, 0x1c, 0x0, 0x1, 0xe0, 0x0, 0xf,
    0x0, 0x0, 0xf0, 0x0, 0xf, 0x80, 0x7, 0xf8,
    0x0, 0x3f, 0x80, 0x1, 0xf8, 0x0, 0x0,

    /* U+00FE "þ" */
    0xf0, 0x0, 0x3c, 0x0, 0xf, 0x0, 0x3, 0xc0,
    0x0, 0xf0, 0x0, 0x3c, 0x0, 0xf, 0x0, 0x3,
    0xc0, 0x0, 0xf0, 0x0, 0x3c, 0xff, 0xf, 0x7f,
    0xe3, 0xff, 0xfc, 0xfc, 0xf, 0x3e, 0x1, 0xef,
    0x80, 0x7b, 0xe0, 0x1f, 0xf0, 0x3, 0xfc, 0x0,
    0xff, 0x0, 0x3f, 0xc0, 0xf, 0xf0, 0x3, 0xfc,
    0x0, 0xff, 0x0, 0x3f, 0xc0, 0xf, 0xf8, 0x7,
    0xfe, 0x1, 0xef, 0x80, 0x7b, 0xf0, 0x3c, 0xff,
    0xff, 0x3d, 0xff, 0x8f, 0x3f, 0xc3, 0xc1, 0x0,
    0xf0, 0x0, 0x3c, 0x0, 0xf, 0x0, 0x3, 0xc0,
    0x0, 0xf0, 0x0, 0x3c, 0x0, 0xf, 0x0, 0x3,
    0xc0, 0x0,

    /* U+00FF "ÿ" */
    0x6, 0x6, 0x0, 0x78, 0x78, 0x3, 0xc3, 0xc0,
    0x1e, 0x1e, 0x0, 0x60, 0x60, 0x0, 0x0, 0x0,
    0x0, 0x0, 0x0, 0x0, 0x0, 0x0, 0x0, 0x7,
    0x80, 0x3, 0xfc, 0x0, 0x3c, 0xf0, 0x1, 0xe7,
    0x80, 0xe, 0x1c, 0x0, 0xf0, 0xf0, 0x7, 0x87,
    0x80, 0x78, 0x1c, 0x3, 0xc0, 0xf0, 0x1e, 0x3,
    0x81, 0xe0, 0x1e, 0xf, 0x0, 0xf0, 0x70, 0x3,
    0x87, 0x80, 0x1e, 0x3c, 0x0, 0xf3, 0xc0, 0x3,
    0xde, 0x0, 0x1e, 0xe0, 0x0, 0x7f, 0x0, 0x3,
    0xf8, 0x0, 0x1f, 0x80, 0x0, 0x7c, 0x0, 0x3,
    0xe0, 0x0, 0x1e, 0x0, 0x0, 0xf0, 0x0, 0xf,
    0x0, 0x0, 0x78, 0x0, 0x7, 0xc0, 0x0, 0x7c,
    0x0, 0x3f, 0xe0, 0x1, 0xfe, 0x0, 0xf, 0xc0,
    0x0,

    /* U+20AC "€" */
    0x0, 0x0, 0x0, 0x7, 0xfe, 0x0, 0xff, 0xf0,
    0x1f, 0xff, 0x3, 0xe0, 0x30, 0x7c, 0x1, 0x7,
    0x80, 0x0, 0xf0, 0x0, 0xf, 0x0, 0x0, 0xf0,
    0x0, 0x1e, 0x0, 0x1, 0xe0, 0x0, 0xff, 0xff,
    0xf, 0xff, 0xf0, 0x1e, 0x0, 0x1, 0xe0, 0x0,
    0x1e, 0x0, 0x1, 0xe0, 0x0, 0xff, 0xfc, 0xf,
    0xff, 0x80, 0x1e, 0x0, 0x1, 0xe0, 0x0, 0xf,
    0x0, 0x0, 0xf0, 0x0, 0xf, 0x0, 0x0, 0x78,
    0x0, 0x7, 0xc0, 0x10, 0x3e, 0x3, 0x1, 0xff,
    0xf0, 0xf, 0xff, 0x0, 0x7f, 0xe0, 0x0, 0x40,

    /* U+2116 "№" */
    0xf8, 0x78, 0x78, 0xf8, 0x78, 0xfc, 0xf8, 0x79,
    0xfe, 0xf8, 0x79, 0x86, 0xf8, 0x7b, 0x87, 0xfc,
    0x7b, 0x3, 0xfc, 0x7b, 0x3, 0xfc, 0x7b, 0x3,
    0xfc, 0x7b, 0x3, 0xfe, 0x7b, 0x3, 0xfe, 0x7b,
    0x3, 0xfe, 0x7b, 0x3, 0xfe, 0x79, 0x86, 0xff,
    0x79, 0x86, 0xff, 0x79, 0xfe, 0xf7, 0x78, 0xfc,
    0xf7, 0x78, 0x10, 0xf7, 0xf8, 0x0, 0xf3, 0xf8,
    0x0, 0xf3, 0xfb, 0xff, 0xf3, 0xfb, 0xff, 0xf3,
    0xf8, 0x0, 0xf1, 0xf8, 0x0, 0xf1, 0xf8, 0x0,
    0xf1, 0xf8, 0x0, 0xf1, 0xf8, 0x0, 0xf0, 0xf8,
    0x0, 0xf0, 0xf8, 0x0, 0xf0, 0xf8, 0x0, 0xf0,
    0xf8, 0x0
};


/*---------------------
 *  GLYPH DESCRIPTION
 *--------------------*/

static const lv_font_fmt_txt_glyph_dsc_t glyph_dsc[] = {
    {.bitmap_index = 0, .adv_w = 0, .box_w = 0, .box_h = 0, .ofs_x = 0, .ofs_y = 0} /* id = 0 reserved */,
    {.bitmap_index = 0, .adv_w = 400, .box_w = 1, .box_h = 1, .ofs_x = 0, .ofs_y = 0},
    {.bitmap_index = 1, .adv_w = 400, .box_w = 6, .box_h = 31, .ofs_x = 9, .ofs_y = -1},
    {.bitmap_index = 25, .adv_w = 400, .box_w = 11, .box_h = 11, .ofs_x = 7, .ofs_y = 19},
    {.bitmap_index = 41, .adv_w = 400, .box_w = 24, .box_h = 30, .ofs_x = 1, .ofs_y = 0},
    {.bitmap_index = 131, .adv_w = 400, .box_w = 19, .box_h = 37, .ofs_x = 4, .ofs_y = -6},
    {.bitmap_index = 219, .adv_w = 400, .box_w = 23, .box_h = 29, .ofs_x = 1, .ofs_y = 0},
    {.bitmap_index = 303, .adv_w = 400, .box_w = 23, .box_h = 32, .ofs_x = 1, .ofs_y = -1},
    {.bitmap_index = 395, .adv_w = 400, .box_w = 4, .box_h = 11, .ofs_x = 11, .ofs_y = 19},
    {.bitmap_index = 401, .adv_w = 400, .box_w = 9, .box_h = 37, .ofs_x = 6, .ofs_y = -6},
    {.bitmap_index = 443, .adv_w = 400, .box_w = 9, .box_h = 37, .ofs_x = 10, .ofs_y = -6},
    {.bitmap_index = 485, .adv_w = 400, .box_w = 19, .box_h = 20, .ofs_x = 3, .ofs_y = 8},
    {.bitmap_index = 533, .adv_w = 400, .box_w = 21, .box_h = 21, .ofs_x = 2, .ofs_y = 2},
    {.bitmap_index = 589, .adv_w = 400, .box_w = 8, .box_h = 15, .ofs_x = 8, .ofs_y = -8},
    {.bitmap_index = 604, .adv_w = 400, .box_w = 16, .box_h = 3, .ofs_x = 4, .ofs_y = 10},
    {.bitmap_index = 610, .adv_w = 400, .box_w = 6, .box_h = 8, .ofs_x = 9, .ofs_y = -1},
    {.bitmap_index = 616, .adv_w = 400, .box_w = 20, .box_h = 34, .ofs_x = 2, .ofs_y = -4},
    {.bitmap_index = 701, .adv_w = 400, .box_w = 19, .box_h = 32, .ofs_x = 3, .ofs_y = -1},
    {.bitmap_index = 777, .adv_w = 400, .box_w = 18, .box_h = 30, .ofs_x = 4, .ofs_y = 0},
    {.bitmap_index = 845, .adv_w = 400, .box_w = 18, .box_h = 31, .ofs_x = 3, .ofs_y = 0},
    {.bitmap_index = 915, .adv_w = 400, .box_w = 19, .box_h = 32, .ofs_x = 3, .ofs_y = -1},
    {.bitmap_index = 991, .adv_w = 400, .box_w = 21, .box_h = 30, .ofs_x = 2, .ofs_y = 0},
    {.bitmap_index = 1070, .adv_w = 400, .box_w = 19, .box_h = 31, .ofs_x = 2, .ofs_y = -1},
    {.bitmap_index = 1144, .adv_w = 400, .box_w = 19, .box_h = 32, .ofs_x = 3, .ofs_y = -1},
    {.bitmap_index = 1220, .adv_w = 400, .box_w = 19, .box_h = 30, .ofs_x = 3, .ofs_y = 0},
    {.bitmap_index = 1292, .adv_w = 400, .box_w = 19, .box_h = 32, .ofs_x = 3, .ofs_y = -1},
    {.bitmap_index = 1368, .adv_w = 400, .box_w = 19, .box_h = 32, .ofs_x = 3, .ofs_y = -1},
    {.bitmap_index = 1444, .adv_w = 400, .box_w = 6, .box_h = 21, .ofs_x = 9, .ofs_y = 1},
    {.bitmap_index = 1460, .adv_w = 400, .box_w = 8, .box_h = 31, .ofs_x = 8, .ofs_y = -10},
    {.bitmap_index = 1491, .adv_w = 400, .box_w = 21, .box_h = 20, .ofs_x = 2, .ofs_y = 3},
    {.bitmap_index = 1544, .adv_w = 400, .box_w = 21, .box_h = 11, .ofs_x = 2, .ofs_y = 7},
    {.bitmap_index = 1573, .adv_w = 400, .box_w = 21, .box_h = 20, .ofs_x = 2, .ofs_y = 3},
    {.bitmap_index = 1626, .adv_w = 400, .box_w = 16, .box_h = 32, .ofs_x = 5, .ofs_y = -1},
    {.bitmap_index = 1690, .adv_w = 400, .box_w = 23, .box_h = 34, .ofs_x = 1, .ofs_y = -6},
    {.bitmap_index = 1788, .adv_w = 400, .box_w = 23, .box_h = 30, .ofs_x = 1, .ofs_y = 0},
    {.bitmap_index = 1875, .adv_w = 400, .box_w = 19, .box_h = 30, .ofs_x = 3, .ofs_y = 0},
    {.bitmap_index = 1947, .adv_w = 400, .box_w = 19, .box_h = 32, .ofs_x = 3, .ofs_y = -1},
    {.bitmap_index = 2023, .adv_w = 400, .box_w = 19, .box_h = 30, .ofs_x = 3, .ofs_y = 0},
    {.bitmap_index = 2095, .adv_w = 400, .box_w = 18, .box_h = 30, .ofs_x = 4, .ofs_y = 0},
    {.bitmap_index = 2163, .adv_w = 400, .box_w = 18, .box_h = 30, .ofs_x = 5, .ofs_y = 0},
    {.bitmap_index = 2231, .adv_w = 400, .box_w = 20, .box_h = 32, .ofs_x = 2, .ofs_y = -1},
    {.bitmap_index = 2311, .adv_w = 400, .box_w = 19, .box_h = 30, .ofs_x = 3, .ofs_y = 0},
    {.bitmap_index = 2383, .adv_w = 400, .box_w = 17, .box_h = 30, .ofs_x = 4, .ofs_y = 0},
    {.bitmap_index = 2447, .adv_w = 400, .box_w = 17, .box_h = 31, .ofs_x = 2, .ofs_y = -1},
    {.bitmap_index = 2513, .adv_w = 400, .box_w = 22, .box_h = 30, .ofs_x = 3, .ofs_y = 0},
    {.bitmap_index = 2596, .adv_w = 400, .box_w = 19, .box_h = 30, .ofs_x = 4, .ofs_y = 0},
    {.bitmap_index = 2668, .adv_w = 400, .box_w = 21, .box_h = 30, .ofs_x = 2, .ofs_y = 0},
    {.bitmap_index = 2747, .adv_w = 400, .box_w = 19, .box_h = 30, .ofs_x = 3, .ofs_y = 0},
    {.bitmap_index = 2819, .adv_w = 400, .box_w = 20, .box_h = 32, .ofs_x = 2, .ofs_y = -1},
    {.bitmap_index = 2899, .adv_w = 400, .box_w = 19, .box_h = 30, .ofs_x = 3, .ofs_y = 0},
    {.bitmap_index = 2971, .adv_w = 400, .box_w = 22, .box_h = 38, .ofs_x = 2, .ofs_y = -7},
    {.bitmap_index = 3076, .adv_w = 400, .box_w = 21, .box_h = 30, .ofs_x = 3, .ofs_y = 0},
    {.bitmap_index = 3155, .adv_w = 400, .box_w = 19, .box_h = 32, .ofs_x = 3, .ofs_y = -1},
    {.bitmap_index = 3231, .adv_w = 400, .box_w = 23, .box_h = 30, .ofs_x = 1, .ofs_y = 0},
    {.bitmap_index = 3318, .adv_w = 400, .box_w = 19, .box_h = 31, .ofs_x = 3, .ofs_y = -1},
    {.bitmap_index = 3392, .adv_w = 400, .box_w = 23, .box_h = 30, .ofs_x = 1, .ofs_y = 0},
    {.bitmap_index = 3479, .adv_w = 400, .box_w = 25, .box_h = 30, .ofs_x = 0, .ofs_y = 0},
    {.bitmap_index = 3573, .adv_w = 400, .box_w = 24, .box_h = 30, .ofs_x = 0, .ofs_y = 0},
    {.bitmap_index = 3663, .adv_w = 400, .box_w = 24, .box_h = 30, .ofs_x = 0, .ofs_y = 0},
    {.bitmap_index = 3753, .adv_w = 400, .box_w = 20, .box_h = 30, .ofs_x = 2, .ofs_y = 0},
    {.bitmap_index = 3828, .adv_w = 400, .box_w = 13, .box_h = 38, .ofs_x = 6, .ofs_y = -5},
    {.bitmap_index = 3890, .adv_w = 400, .box_w = 19, .box_h = 34, .ofs_x = 3, .ofs_y = -4},
    {.bitmap_index = 3971, .adv_w = 400, .box_w = 13, .box_h = 38, .ofs_x = 6, .ofs_y = -5},
    {.bitmap_index = 4033, .adv_w = 400, .box_w = 22, .box_h = 11, .ofs_x = 1, .ofs_y = 19},
    {.bitmap_index = 4064, .adv_w = 400, .box_w = 21, .box_h = 3, .ofs_x = 2, .ofs_y = -6},
    {.bitmap_index = 4072, .adv_w = 400, .box_w = 9, .box_h = 8, .ofs_x = 6, .ofs_y = 25},
    {.bitmap_index = 4081, .adv_w = 400, .box_w = 20, .box_h = 24, .ofs_x = 3, .ofs_y = -1},
    {.bitmap_index = 4141, .adv_w = 400, .box_w = 18, .box_h = 32, .ofs_x = 4, .ofs_y = -1},
    {.bitmap_index = 4213, .adv_w = 400, .box_w = 18, .box_h = 24, .ofs_x = 3, .ofs_y = -1},
    {.bitmap_index = 4267, .adv_w = 400, .box_w = 19, .box_h = 32, .ofs_x = 2, .ofs_y = -1},
    {.bitmap_index = 4343, .adv_w = 400, .box_w = 20, .box_h = 24, .ofs_x = 2, .ofs_y = -1},
    {.bitmap_index = 4403, .adv_w = 400, .box_w = 17, .box_h = 31, .ofs_x = 3, .ofs_y = 0},
    {.bitmap_index = 4469, .adv_w = 400, .box_w = 19, .box_h = 32, .ofs_x = 3, .ofs_y = -9},
    {.bitmap_index = 4545, .adv_w = 400, .box_w = 17, .box_h = 31, .ofs_x = 4, .ofs_y = 0},
    {.bitmap_index = 4611, .adv_w = 400, .box_w = 17, .box_h = 31, .ofs_x = 5, .ofs_y = 0},
    {.bitmap_index = 4677, .adv_w = 400, .box_w = 12, .box_h = 40, .ofs_x = 4, .ofs_y = -9},
    {.bitmap_index = 4737, .adv_w = 400, .box_w = 20, .box_h = 31, .ofs_x = 5, .ofs_y = 0},
    {.bitmap_index = 4815, .adv_w = 400, .box_w = 18, .box_h = 31, .ofs_x = 4, .ofs_y = 0},
    {.bitmap_index = 4885, .adv_w = 400, .box_w = 20, .box_h = 23, .ofs_x = 2, .ofs_y = 0},
    {.bitmap_index = 4943, .adv_w = 400, .box_w = 17, .box_h = 23, .ofs_x = 4, .ofs_y = 0},
    {.bitmap_index = 4992, .adv_w = 400, .box_w = 19, .box_h = 24, .ofs_x = 3, .ofs_y = -1},
    {.bitmap_index = 5049, .adv_w = 400, .box_w = 18, .box_h = 32, .ofs_x = 4, .ofs_y = -9},
    {.bitmap_index = 5121, .adv_w = 400, .box_w = 19, .box_h = 32, .ofs_x = 3, .ofs_y = -9},
    {.bitmap_index = 5197, .adv_w = 400, .box_w = 16, .box_h = 23, .ofs_x = 6, .ofs_y = 0},
    {.bitmap_index = 5243, .adv_w = 400, .box_w = 16, .box_h = 24, .ofs_x = 4, .ofs_y = -1},
    {.bitmap_index = 5291, .adv_w = 400, .box_w = 18, .box_h = 29, .ofs_x = 3, .ofs_y = 0},
    {.bitmap_index = 5357, .adv_w = 400, .box_w = 17, .box_h = 23, .ofs_x = 4, .ofs_y = -1},
    {.bitmap_index = 5406, .adv_w = 400, .box_w = 21, .box_h = 22, .ofs_x = 2, .ofs_y = 0},
    {.bitmap_index = 5464, .adv_w = 400, .box_w = 25, .box_h = 22, .ofs_x = 0, .ofs_y = 0},
    {.bitmap_index = 5533, .adv_w = 400, .box_w = 21, .box_h = 22, .ofs_x = 2, .ofs_y = 0},
    {.bitmap_index = 5591, .adv_w = 400, .box_w = 21, .box_h = 31, .ofs_x = 2, .ofs_y = -9},
    {.bitmap_index = 5673, .adv_w = 400, .box_w = 17, .box_h = 22, .ofs_x = 4, .ofs_y = 0},
    {.bitmap_index = 5720, .adv_w = 400, .box_w = 18, .box_h = 38, .ofs_x = 2, .ofs_y = -5},
    {.bitmap_index = 5806, .adv_w = 400, .box_w = 4, .box_h = 41, .ofs_x = 11, .ofs_y = -10},
    {.bitmap_index = 5827, .adv_w = 400, .box_w = 17, .box_h = 38, .ofs_x = 5, .ofs_y = -5},
    {.bitmap_index = 5908, .adv_w = 400, .box_w = 21, .box_h = 10, .ofs_x = 2, .ofs_y = 7},
    {.bitmap_index = 5935, .adv_w = 400, .box_w = 1, .box_h = 1, .ofs_x = 0, .ofs_y = 0},
    {.bitmap_index = 5936, .adv_w = 400, .box_w = 6, .box_h = 31, .ofs_x = 9, .ofs_y = -1},
    {.bitmap_index = 5960, .adv_w = 400, .box_w = 17, .box_h = 36, .ofs_x = 4, .ofs_y = -7},
    {.bitmap_index = 6037, .adv_w = 400, .box_w = 19, .box_h = 31, .ofs_x = 3, .ofs_y = 0},
    {.bitmap_index = 6111, .adv_w = 400, .box_w = 18, .box_h = 18, .ofs_x = 4, .ofs_y = 4},
    {.bitmap_index = 6152, .adv_w = 400, .box_w = 24, .box_h = 30, .ofs_x = 0, .ofs_y = 0},
    {.bitmap_index = 6242, .adv_w = 400, .box_w = 4, .box_h = 36, .ofs_x = 11, .ofs_y = -7},
    {.bitmap_index = 6260, .adv_w = 400, .box_w = 17, .box_h = 35, .ofs_x = 4, .ofs_y = -4},
    {.bitmap_index = 6335, .adv_w = 400, .box_w = 12, .box_h = 4, .ofs_x = 6, .ofs_y = 27},
    {.bitmap_index = 6341, .adv_w = 400, .box_w = 25, .box_h = 25, .ofs_x = 0, .ofs_y = 3},
    {.bitmap_index = 6420, .adv_w = 400, .box_w = 14, .box_h = 21, .ofs_x = 5, .ofs_y = 9},
    {.bitmap_index = 6457, .adv_w = 400, .box_w = 19, .box_h = 18, .ofs_x = 2, .ofs_y = 3},
    {.bitmap_index = 6500, .adv_w = 400, .box_w = 22, .box_h = 10, .ofs_x = 2, .ofs_y = 7},
    {.bitmap_index = 6528, .adv_w = 400, .box_w = 10, .box_h = 3, .ofs_x = 7, .ofs_y = 10},
    {.bitmap_index = 6532, .adv_w = 400, .box_w = 25, .box_h = 25, .ofs_x = 0, .ofs_y = 3},
    {.bitmap_index = 6611, .adv_w = 400, .box_w = 12, .box_h = 3, .ofs_x = 6, .ofs_y = 28},
    {.bitmap_index = 6616, .adv_w = 400, .box_w = 13, .box_h = 13, .ofs_x = 6, .ofs_y = 18},
    {.bitmap_index = 6638, .adv_w = 400, .box_w = 21, .box_h = 23, .ofs_x = 2, .ofs_y = 0},
    {.bitmap_index = 6699, .adv_w = 400, .box_w = 11, .box_h = 18, .ofs_x = 7, .ofs_y = 22},
    {.bitmap_index = 6724, .adv_w = 400, .box_w = 12, .box_h = 18, .ofs_x = 6, .ofs_y = 22},
    {.bitmap_index = 6751, .adv_w = 400, .box_w = 9, .box_h = 8, .ofs_x = 10, .ofs_y = 25},
    {.bitmap_index = 6760, .adv_w = 400, .box_w = 20, .box_h = 31, .ofs_x = 3, .ofs_y = -9},
    {.bitmap_index = 6838, .adv_w = 400, .box_w = 19, .box_h = 35, .ofs_x = 2, .ofs_y = -5},
    {.bitmap_index = 6922, .adv_w = 400, .box_w = 6, .box_h = 7, .ofs_x = 9, .ofs_y = 12},
    {.bitmap_index = 6928, .adv_w = 400, .box_w = 9, .box_h = 8, .ofs_x = 7, .ofs_y = -8},
    {.bitmap_index = 6937, .adv_w = 400, .box_w = 12, .box_h = 17, .ofs_x = 6, .ofs_y = 22},
    {.bitmap_index = 6963, .adv_w = 400, .box_w = 15, .box_h = 21, .ofs_x = 5, .ofs_y = 9},
    {.bitmap_index = 7003, .adv_w = 400, .box_w = 19, .box_h = 18, .ofs_x = 5, .ofs_y = 3},
    {.bitmap_index = 7046, .adv_w = 400, .box_w = 22, .box_h = 39, .ofs_x = 0, .ofs_y = -6},
    {.bitmap_index = 7154, .adv_w = 400, .box_w = 23, .box_h = 39, .ofs_x = 0, .ofs_y = -5},
    {.bitmap_index = 7267, .adv_w = 400, .box_w = 22, .box_h = 39, .ofs_x = 0, .ofs_y = -6},
    {.bitmap_index = 7375, .adv_w = 400, .box_w = 16, .box_h = 32, .ofs_x = 4, .ofs_y = -1},
    {.bitmap_index = 7439, .adv_w = 400, .box_w = 23, .box_h = 37, .ofs_x = 1, .ofs_y = 0},
    {.bitmap_index = 7546, .adv_w = 400, .box_w = 23, .box_h = 37, .ofs_x = 1, .ofs_y = 0},
    {.bitmap_index = 7653, .adv_w = 400, .box_w = 23, .box_h = 37, .ofs_x = 1, .ofs_y = 0},
    {.bitmap_index = 7760, .adv_w = 400, .box_w = 23, .box_h = 37, .ofs_x = 1, .ofs_y = 0},
    {.bitmap_index = 7867, .adv_w = 400, .box_w = 24, .box_h = 37, .ofs_x = 0, .ofs_y = 0},
    {.bitmap_index = 7978, .adv_w = 400, .box_w = 23, .box_h = 38, .ofs_x = 1, .ofs_y = 0},
    {.bitmap_index = 8088, .adv_w = 400, .box_w = 24, .box_h = 30, .ofs_x = 0, .ofs_y = 0},
    {.bitmap_index = 8178, .adv_w = 400, .box_w = 19, .box_h = 39, .ofs_x = 3, .ofs_y = -8},
    {.bitmap_index = 8271, .adv_w = 400, .box_w = 18, .box_h = 37, .ofs_x = 4, .ofs_y = 0},
    {.bitmap_index = 8355, .adv_w = 400, .box_w = 18, .box_h = 37, .ofs_x = 4, .ofs_y = 0},
    {.bitmap_index = 8439, .adv_w = 400, .box_w = 18, .box_h = 37, .ofs_x = 4, .ofs_y = 0},
    {.bitmap_index = 8523, .adv_w = 400, .box_w = 18, .box_h = 37, .ofs_x = 4, .ofs_y = 0},
    {.bitmap_index = 8607, .adv_w = 400, .box_w = 17, .box_h = 37, .ofs_x = 4, .ofs_y = 0},
    {.bitmap_index = 8686, .adv_w = 400, .box_w = 17, .box_h = 37, .ofs_x = 4, .ofs_y = 0},
    {.bitmap_index = 8765, .adv_w = 400, .box_w = 17, .box_h = 37, .ofs_x = 4, .ofs_y = 0},
    {.bitmap_index = 8844, .adv_w = 400, .box_w = 17, .box_h = 37, .ofs_x = 4, .ofs_y = 0},
    {.bitmap_index = 8923, .adv_w = 400, .box_w = 22, .box_h = 30, .ofs_x = 1, .ofs_y = 0},
    {.bitmap_index = 9006, .adv_w = 400, .box_w = 19, .box_h = 37, .ofs_x = 3, .ofs_y = 0},
    {.bitmap_index = 9094, .adv_w = 400, .box_w = 20, .box_h = 39, .ofs_x = 2, .ofs_y = -1},
    {.bitmap_index = 9192, .adv_w = 400, .box_w = 20, .box_h = 39, .ofs_x = 2, .ofs_y = -1},
    {.bitmap_index = 9290, .adv_w = 400, .box_w = 20, .box_h = 38, .ofs_x = 2, .ofs_y = -1},
    {.bitmap_index = 9385, .adv_w = 400, .box_w = 20, .box_h = 39, .ofs_x = 2, .ofs_y = -1},
    {.bitmap_index = 9483, .adv_w = 400, .box_w = 20, .box_h = 38, .ofs_x = 2, .ofs_y = -1},
    {.bitmap_index = 9578, .adv_w = 400, .box_w = 19, .box_h = 19, .ofs_x = 3, .ofs_y = 3},
    {.bitmap_index = 9624, .adv_w = 400, .box_w = 24, .box_h = 32, .ofs_x = 0, .ofs_y = -1},
    {.bitmap_index = 9720, .adv_w = 400, .box_w = 19, .box_h = 38, .ofs_x = 3, .ofs_y = -1},
    {.bitmap_index = 9811, .adv_w = 400, .box_w = 19, .box_h = 39, .ofs_x = 3, .ofs_y = -1},
    {.bitmap_index = 9904, .adv_w = 400, .box_w = 19, .box_h = 38, .ofs_x = 3, .ofs_y = -1},
    {.bitmap_index = 9995, .adv_w = 400, .box_w = 19, .box_h = 38, .ofs_x = 3, .ofs_y = -1},
    {.bitmap_index = 10086, .adv_w = 400, .box_w = 24, .box_h = 37, .ofs_x = 0, .ofs_y = 0},
    {.bitmap_index = 10197, .adv_w = 400, .box_w = 19, .box_h = 30, .ofs_x = 4, .ofs_y = 0},
    {.bitmap_index = 10269, .adv_w = 400, .box_w = 19, .box_h = 32, .ofs_x = 4, .ofs_y = -1},
    {.bitmap_index = 10345, .adv_w = 400, .box_w = 20, .box_h = 35, .ofs_x = 3, .ofs_y = -1},
    {.bitmap_index = 10433, .adv_w = 400, .box_w = 20, .box_h = 35, .ofs_x = 3, .ofs_y = -1},
    {.bitmap_index = 10521, .adv_w = 400, .box_w = 20, .box_h = 35, .ofs_x = 3, .ofs_y = -1},
    {.bitmap_index = 10609, .adv_w = 400, .box_w = 20, .box_h = 34, .ofs_x = 3, .ofs_y = -1},
    {.bitmap_index = 10694, .adv_w = 400, .box_w = 20, .box_h = 32, .ofs_x = 3, .ofs_y = -1},
    {.bitmap_index = 10774, .adv_w = 400, .box_w = 20, .box_h = 37, .ofs_x = 3, .ofs_y = -1},
    {.bitmap_index = 10867, .adv_w = 400, .box_w = 24, .box_h = 24, .ofs_x = 1, .ofs_y = -1},
    {.bitmap_index = 10939, .adv_w = 400, .box_w = 18, .box_h = 31, .ofs_x = 3, .ofs_y = -8},
    {.bitmap_index = 11009, .adv_w = 400, .box_w = 20, .box_h = 35, .ofs_x = 2, .ofs_y = -1},
    {.bitmap_index = 11097, .adv_w = 400, .box_w = 20, .box_h = 35, .ofs_x = 2, .ofs_y = -1},
    {.bitmap_index = 11185, .adv_w = 400, .box_w = 20, .box_h = 35, .ofs_x = 2, .ofs_y = -1},
    {.bitmap_index = 11273, .adv_w = 400, .box_w = 20, .box_h = 32, .ofs_x = 2, .ofs_y = -1},
    {.bitmap_index = 11353, .adv_w = 400, .box_w = 18, .box_h = 33, .ofs_x = 4, .ofs_y = 0},
    {.bitmap_index = 11428, .adv_w = 400, .box_w = 17, .box_h = 33, .ofs_x = 5, .ofs_y = 0},
    {.bitmap_index = 11499, .adv_w = 400, .box_w = 17, .box_h = 33, .ofs_x = 5, .ofs_y = 0},
    {.bitmap_index = 11570, .adv_w = 400, .box_w = 17, .box_h = 31, .ofs_x = 5, .ofs_y = 0},
    {.bitmap_index = 11636, .adv_w = 400, .box_w = 19, .box_h = 32, .ofs_x = 3, .ofs_y = -1},
    {.bitmap_index = 11712, .adv_w = 400, .box_w = 17, .box_h = 31, .ofs_x = 4, .ofs_y = 0},
    {.bitmap_index = 11778, .adv_w = 400, .box_w = 19, .box_h = 35, .ofs_x = 3, .ofs_y = -1},
    {.bitmap_index = 11862, .adv_w = 400, .box_w = 19, .box_h = 35, .ofs_x = 3, .ofs_y = -1},
    {.bitmap_index = 11946, .adv_w = 400, .box_w = 19, .box_h = 35, .ofs_x = 3, .ofs_y = -1},
    {.bitmap_index = 12030, .adv_w = 400, .box_w = 19, .box_h = 32, .ofs_x = 3, .ofs_y = -1},
    {.bitmap_index = 12106, .adv_w = 400, .box_w = 19, .box_h = 32, .ofs_x = 3, .ofs_y = -1},
    {.bitmap_index = 12182, .adv_w = 400, .box_w = 21, .box_h = 20, .ofs_x = 2, .ofs_y = 2},
    {.bitmap_index = 12235, .adv_w = 400, .box_w = 23, .box_h = 26, .ofs_x = 1, .ofs_y = -2},
    {.bitmap_index = 12310, .adv_w = 400, .box_w = 17, .box_h = 34, .ofs_x = 4, .ofs_y = -1},
    {.bitmap_index = 12383, .adv_w = 400, .box_w = 17, .box_h = 34, .ofs_x = 4, .ofs_y = -1},
    {.bitmap_index = 12456, .adv_w = 400, .box_w = 17, .box_h = 34, .ofs_x = 4, .ofs_y = -1},
    {.bitmap_index = 12529, .adv_w = 400, .box_w = 17, .box_h = 32, .ofs_x = 4, .ofs_y = -1},
    {.bitmap_index = 12597, .adv_w = 400, .box_w = 21, .box_h = 42, .ofs_x = 2, .ofs_y = -9},
    {.bitmap_index = 12708, .adv_w = 400, .box_w = 18, .box_h = 40, .ofs_x = 4, .ofs_y = -9},
    {.bitmap_index = 12798, .adv_w = 400, .box_w = 21, .box_h = 40, .ofs_x = 2, .ofs_y = -9},
    {.bitmap_index = 12903, .adv_w = 400, .box_w = 20, .box_h = 32, .ofs_x = 1, .ofs_y = -1},
    {.bitmap_index = 12983, .adv_w = 400, .box_w = 24, .box_h = 30, .ofs_x = 0, .ofs_y = 0}
};

/*---------------------
 *  CHARACTER MAPPING
 *--------------------*/

static const uint16_t unicode_list_2[] = {
    0x0, 0x6a
};

/*Collect the unicode lists and glyph_id offsets*/
static const lv_font_fmt_txt_cmap_t cmaps[] =
{
    {
        .range_start = 32, .range_length = 95, .glyph_id_start = 1,
        .unicode_list = NULL, .glyph_id_ofs_list = NULL, .list_length = 0, .type = LV_FONT_FMT_TXT_CMAP_FORMAT0_TINY
    },
    {
        .range_start = 160, .range_length = 96, .glyph_id_start = 96,
        .unicode_list = NULL, .glyph_id_ofs_list = NULL, .list_length = 0, .type = LV_FONT_FMT_TXT_CMAP_FORMAT0_TINY
    },
    {
        .range_start = 8364, .range_length = 107, .glyph_id_start = 192,
        .unicode_list = unicode_list_2, .glyph_id_ofs_list = NULL, .list_length = 2, .type = LV_FONT_FMT_TXT_CMAP_SPARSE_TINY
    }
};



/*--------------------
 *  ALL CUSTOM DATA
 *--------------------*/

#if LVGL_VERSION_MAJOR == 8
/*Store all the custom data of the font*/
static  lv_font_fmt_txt_glyph_cache_t cache;
#endif

#if LVGL_VERSION_MAJOR >= 8
static const lv_font_fmt_txt_dsc_t font_dsc = {
#else
static lv_font_fmt_txt_dsc_t font_dsc = {
#endif
    .glyph_bitmap = glyph_bitmap,
    .glyph_dsc = glyph_dsc,
    .cmaps = cmaps,
    .kern_dsc = NULL,
    .kern_scale = 0,
    .cmap_num = 3,
    .bpp = 1,
    .kern_classes = 0,
    .bitmap_format = 0,
#if LVGL_VERSION_MAJOR == 8
    .cache = &cache
#endif
};

extern const lv_font_t hack_26_ext;


/*-----------------
 *  PUBLIC FONT
 *----------------*/

/*Initialize a public general font descriptor*/
#if LVGL_VERSION_MAJOR >= 8
const lv_font_t hack_26 = {
#else
lv_font_t hack_26 = {
#endif
    .get_glyph_dsc = lv_font_get_glyph_dsc_fmt_txt,    /*Function pointer to get glyph's data*/
    .get_glyph_bitmap = lv_font_get_bitmap_fmt_txt,    /*Function pointer to get glyph's bitmap*/
    .line_height = 50,          /*The maximum line height required by the font*/
    .base_line = 10,             /*Baseline measured from the bottom of the line*/
#if !(LVGL_VERSION_MAJOR == 6 && LVGL_VERSION_MINOR == 0)
    .subpx = LV_FONT_SUBPX_NONE,
#endif
#if LV_VERSION_CHECK(7, 4, 0) || LVGL_VERSION_MAJOR >= 8
    .underline_position = -4,
    .underline_thickness = 2,
#endif
    .dsc = &font_dsc,          /*The custom font data. Will be accessed by `get_glyph_bitmap/dsc` */
#if LV_VERSION_CHECK(8, 2, 0) || LVGL_VERSION_MAJOR >= 9
    .fallback = &hack_26_ext,
#endif
    .user_data = NULL,
};



#endif /*#if HACK_26*/

