/*******************************************************************************
 * Size: 47 px
 * Bpp: 1
 * Opts: --font /tmp/hacktest/Hack-Regular.ttf -r 0x20-0x7F,0xA0-0xFF,0x20AC,0x2116 --size 47 --bpp 1 --format lvgl --no-compress --lv-fallback hack_30_ext --lv-font-name hack_30 -o /tmp/hacktest/gen/hack_30.c
 ******************************************************************************/

#include "lvgl.h"

#ifndef HACK_30
#define HACK_30 1
#endif

#if HACK_30

/*-----------------
 *    BITMAPS
 *----------------*/

/*Store the image of the glyphs*/
static LV_ATTRIBUTE_LARGE_CONST const uint8_t glyph_bitmap[] = {
    /* U+0020 " " */
    0x0,

    /* U+0021 "!" */
    0x7e, 0xfd, 0xfb, 0xf7, 0xef, 0xdf, 0xbf, 0x7e,
    0xfd, 0xfb, 0xf7, 0xef, 0xcf, 0x1e, 0x3c, 0x78,
    0xf1, 0xe3, 0xc3, 0x87, 0x0, 0x0, 0x0, 0x1,
    0xc7, 0xdf, 0xff, 0xff, 0xfe, 0xf8, 0xe0,

    /* U+0022 "\"" */
    0xf0, 0x7f, 0x83, 0xfc, 0x1f, 0xe0, 0xff, 0x7,
    0xf8, 0x3f, 0xc1, 0xfe, 0xf, 0xf0, 0x7f, 0x83,
    0xfc, 0x1f, 0xe0, 0xf0,

    /* U+0023 "#" */
    0x0, 0xf, 0x3, 0x80, 0x0, 0xe0, 0x78, 0x0,
    0x1e, 0x7, 0x80, 0x1, 0xe0, 0x78, 0x0, 0x1e,
    0x7, 0x0, 0x3, 0xc0, 0xf0, 0x0, 0x3c, 0xf,
    0x0, 0x3, 0xc0, 0xf0, 0x0, 0x3c, 0x1e, 0x0,
    0x7, 0x81, 0xe0, 0x3f, 0xff, 0xff, 0xf3, 0xff,
    0xff, 0xff, 0x3f, 0xff, 0xff, 0xf0, 0xf, 0x3,
    0xc0, 0x0, 0xf0, 0x3c, 0x0, 0xf, 0x3, 0x80,
    0x0, 0xe0, 0x78, 0x0, 0x1e, 0x7, 0x80, 0x1,
    0xe0, 0x78, 0x0, 0x1e, 0x7, 0x0, 0x3, 0xc0,
    0xf0, 0xf, 0xff, 0xff, 0xfc, 0xff, 0xff, 0xff,
    0xcf, 0xff, 0xff, 0xfc, 0x7, 0x81, 0xe0, 0x0,
    0x78, 0x1e, 0x0, 0x7, 0x81, 0xc0, 0x0, 0x70,
    0x3c, 0x0, 0xf, 0x3, 0xc0, 0x0, 0xf0, 0x3c,
    0x0, 0xf, 0x3, 0x80, 0x0, 0xe0, 0x78, 0x0,
    0x1e, 0x7, 0x80, 0x1, 0xe0, 0x78, 0x0,

    /* U+0024 "$" */
    0x0, 0xf0, 0x0, 0x7, 0x80, 0x0, 0x3c, 0x0,
    0x1, 0xe0, 0x0, 0xf, 0x0, 0x1, 0xff, 0x0,
    0x3f, 0xff, 0x87, 0xff, 0xfc, 0x7e, 0x71, 0xe3,
    0xc3, 0x81, 0x3c, 0x1c, 0x1, 0xe0, 0xe0, 0xf,
    0x7, 0x0, 0x78, 0x38, 0x3, 0xc1, 0xc0, 0x1f,
    0xe, 0x0, 0x7c, 0x70, 0x3, 0xff, 0x80, 0xf,
    0xff, 0x0, 0x3f, 0xff, 0x0, 0x7f, 0xfc, 0x0,
    0x3f, 0xf0, 0x1, 0xcf, 0xc0, 0xe, 0x1e, 0x0,
    0x70, 0xf8, 0x3, 0x83, 0xc0, 0x1c, 0x1e, 0x0,
    0xe0, 0xf0, 0x7, 0x7, 0xc0, 0x38, 0x7f, 0x81,
    0xc3, 0xdf, 0x8e, 0x7c, 0xff, 0xff, 0xc3, 0xff,
    0xfc, 0x3, 0xff, 0x80, 0x1, 0xe0, 0x0, 0xf,
    0x0, 0x0, 0x78, 0x0, 0x3, 0xc0, 0x0, 0x1e,
    0x0, 0x0, 0xf0, 0x0, 0x7, 0x80, 0x0,

    /* U+0025 "%" */
    0x7, 0xc0, 0x0, 0x3, 0xfe, 0x0, 0x0, 0xff,
    0xe0, 0x0, 0x3c, 0x1e, 0x0, 0xf, 0x1, 0xe0,
    0x1, 0xc0, 0x1c, 0x0, 0x38, 0x3, 0x80, 0x7,
    0x0, 0x70, 0x0, 0xe0, 0xe, 0x0, 0x1e, 0x3,
    0xc0, 0x1, 0xe0, 0xf0, 0x3, 0x9f, 0xfc, 0x1,
    0xf1, 0xff, 0x1, 0xfc, 0xf, 0x81, 0xfc, 0x0,
    0x0, 0xfc, 0x0, 0x0, 0xfe, 0x0, 0x0, 0x7e,
    0x0, 0x0, 0x7e, 0x0, 0x0, 0x7f, 0x1, 0xf0,
    0x3f, 0x0, 0xff, 0x8f, 0x0, 0x3f, 0xf9, 0x80,
    0xf, 0x7, 0x80, 0x3, 0xc0, 0x70, 0x0, 0x70,
    0x7, 0x0, 0xe, 0x0, 0xe0, 0x1, 0xc0, 0x1c,
    0x0, 0x38, 0x3, 0x80, 0x7, 0x80, 0xf0, 0x0,
    0x78, 0x3c, 0x0, 0x7, 0xff, 0x0, 0x0, 0x7f,
    0xc0, 0x0, 0x7, 0xe0,

    /* U+0026 "&" */
    0x0, 0x8, 0x0, 0x0, 0x3f, 0xf0, 0x0, 0x3f,
    0xfc, 0x0, 0x1f, 0xff, 0x0, 0x7, 0x80, 0x40,
    0x3, 0xc0, 0x0, 0x0, 0xf0, 0x0, 0x0, 0x3c,
    0x0, 0x0, 0xf, 0x0, 0x0, 0x3, 0xc0, 0x0,
    0x0, 0xf8, 0x0, 0x0, 0x1e, 0x0, 0x0, 0x7,
    0xc0, 0x0, 0x0, 0xf0, 0x0, 0x0, 0x3e, 0x0,
    0x0, 0x1f, 0xc0, 0x0, 0xf, 0xf8, 0x0, 0x7,
    0x9e, 0x0, 0x3, 0xc7, 0xc0, 0x3d, 0xf0, 0xf8,
    0xf, 0x78, 0x1e, 0x3, 0xde, 0x7, 0xc0, 0xff,
    0x0, 0xf8, 0x3f, 0xc0, 0x1f, 0xf, 0xf0, 0x3,
    0xc3, 0xbc, 0x0, 0xf9, 0xef, 0x0, 0x1f, 0x7b,
    0xe0, 0x3, 0xfc, 0x78, 0x0, 0xff, 0x1f, 0x0,
    0x1f, 0x83, 0xe0, 0x7, 0xe0, 0xfc, 0x3, 0xfc,
    0x1f, 0xff, 0xff, 0x3, 0xff, 0xfb, 0xe0, 0x3f,
    0xf8, 0x7c, 0x0, 0xc0, 0x0,

    /* U+0027 "'" */
    0xff, 0xff, 0xff, 0xff, 0xff, 0xff,

    /* U+0028 "(" */
    0x3, 0xc0, 0xe0, 0x78, 0x3c, 0xf, 0x7, 0x81,
    0xe0, 0x70, 0x3c, 0xf, 0x3, 0x81, 0xe0, 0x78,
    0x1e, 0x7, 0x83, 0xc0, 0xf0, 0x3c, 0xf, 0x3,
    0xc0, 0xf0, 0x3c, 0xf, 0x3, 0xc0, 0xf0, 0x3c,
    0xf, 0x1, 0xe0, 0x78, 0x1e, 0x7, 0x80, 0xf0,
    0x3c, 0xf, 0x1, 0xe0, 0x78, 0xf, 0x3, 0xc0,
    0x70, 0x1e, 0x3, 0x80, 0xf0,

    /* U+0029 ")" */
    0xf0, 0x1c, 0x7, 0x80, 0xf0, 0x3c, 0x7, 0x81,
    0xe0, 0x38, 0xf, 0x3, 0xc0, 0x70, 0x1e, 0x7,
    0x81, 0xe0, 0x78, 0xf, 0x3, 0xc0, 0xf0, 0x3c,
    0xf, 0x3, 0xc0, 0xf0, 0x3c, 0xf, 0x3, 0xc0,
    0xf0, 0x38, 0x1e, 0x7, 0x81, 0xe0, 0x78, 0x3c,
    0xf, 0x3, 0xc1, 0xe0, 0x78, 0x3c, 0xf, 0x3,
    0x81, 0xe0, 0xf0, 0x3c, 0x0,

    /* U+002A "*" */
    0x0, 0x38, 0x0, 0x0, 0x70, 0x0, 0x0, 0xe0,
    0x0, 0x1, 0xc0, 0x0, 0x3, 0x80, 0x0, 0x7,
    0x0, 0x0, 0xe, 0x0, 0x30, 0x1c, 0x6, 0x7c,
    0x38, 0x7c, 0xff, 0xff, 0xf8, 0x7f, 0xff, 0xc0,
    0x1f, 0xfc, 0x0, 0xf, 0xe0, 0x0, 0x1f, 0xc0,
    0x0, 0x3f, 0x80, 0x0, 0xf7, 0x80, 0x3, 0xc7,
    0x80, 0x7, 0x7, 0x0, 0x1e, 0x7, 0x0, 0x78,
    0xf, 0x0, 0xe0, 0xe, 0x1, 0x80, 0xc, 0x0,
    0x0, 0x0, 0x0,

    /* U+002B "+" */
    0x0, 0x3c, 0x0, 0x0, 0x3c, 0x0, 0x0, 0x3c,
    0x0, 0x0, 0x3c, 0x0, 0x0, 0x3c, 0x0, 0x0,
    0x3c, 0x0, 0x0, 0x3c, 0x0, 0x0, 0x3c, 0x0,
    0x0, 0x3c, 0x0, 0x0, 0x3c, 0x0, 0x0, 0x3c,
    0x0, 0xff, 0xff, 0xff, 0xff, 0xff, 0xff, 0xff,
    0xff, 0xff, 0x0, 0x3c, 0x0, 0x0, 0x3c, 0x0,
    0x0, 0x3c, 0x0, 0x0, 0x3c, 0x0, 0x0, 0x3c,
    0x0, 0x0, 0x3c, 0x0, 0x0, 0x3c, 0x0, 0x0,
    0x3c, 0x0, 0x0, 0x3c, 0x0, 0x0, 0x3c, 0x0,

    /* U+002C "," */
    0x1f, 0xf, 0xe3, 0xf9, 0xff, 0x3f, 0xcf, 0xf1,
    0xfc, 0xf, 0x3, 0xc0, 0xe0, 0x78, 0x3c, 0x1f,
    0xf, 0x8f, 0xc1, 0xc0, 0x40, 0x0,

    /* U+002D "-" */
    0xff, 0xff, 0xff, 0xff, 0xff, 0xff, 0xff, 0x80,

    /* U+002E "." */
    0x10, 0xfb, 0xff, 0xff, 0xff, 0xdf, 0x8,

    /* U+002F "/" */
    0x0, 0x0, 0x3e, 0x0, 0x0, 0x78, 0x0, 0x1,
    0xf0, 0x0, 0x3, 0xc0, 0x0, 0xf, 0x80, 0x0,
    0x1e, 0x0, 0x0, 0x7c, 0x0, 0x0, 0xf0, 0x0,
    0x3, 0xe0, 0x0, 0x7, 0x80, 0x0, 0x1f, 0x0,
    0x0, 0x3c, 0x0, 0x0, 0xf8, 0x0, 0x1, 0xe0,
    0x0, 0x7, 0xc0, 0x0, 0xf, 0x0, 0x0, 0x1e,
    0x0, 0x0, 0x78, 0x0, 0x0, 0xf0, 0x0, 0x3,
    0xe0, 0x0, 0x7, 0x80, 0x0, 0x1f, 0x0, 0x0,
    0x3c, 0x0, 0x0, 0xf8, 0x0, 0x1, 0xe0, 0x0,
    0x7, 0xc0, 0x0, 0xf, 0x0, 0x0, 0x3e, 0x0,
    0x0, 0x78, 0x0, 0x1, 0xf0, 0x0, 0x3, 0xc0,
    0x0, 0xf, 0x80, 0x0, 0x1e, 0x0, 0x0, 0x7c,
    0x0, 0x0, 0xf0, 0x0, 0x1, 0xe0, 0x0, 0x7,
    0x80, 0x0, 0xf, 0x0, 0x0, 0x0,

    /* U+0030 "0" */
    0x0, 0x0, 0x0, 0xf, 0xfc, 0x0, 0x7f, 0xf8,
    0x3, 0xff, 0xf0, 0x1f, 0x3, 0xe0, 0xf8, 0x7,
    0xc3, 0xc0, 0xf, 0xf, 0x0, 0x3c, 0x78, 0x0,
    0x79, 0xe0, 0x1, 0xe7, 0x83, 0x7, 0xbc, 0xc,
    0xf, 0xf0, 0x70, 0x3f, 0xc1, 0xe0, 0xff, 0x7,
    0x83, 0xfc, 0x1e, 0xf, 0xf0, 0x78, 0x3f, 0xc1,
    0xe0, 0xff, 0x7, 0x83, 0xfc, 0x1e, 0xf, 0xf0,
    0x78, 0x3f, 0xc1, 0xe0, 0xff, 0x7, 0x83, 0xfc,
    0xe, 0xf, 0xf0, 0x30, 0x3d, 0xe0, 0xc1, 0xe7,
    0x80, 0x7, 0x9e, 0x0, 0x1e, 0x3c, 0x0, 0xf0,
    0xf0, 0x3, 0xc3, 0xe0, 0x1f, 0x7, 0xc0, 0xf8,
    0xf, 0xff, 0xc0, 0x1f, 0xfe, 0x0, 0x3f, 0xf0,
    0x0, 0x8, 0x0,

    /* U+0031 "1" */
    0x0, 0xf8, 0x0, 0x1f, 0x80, 0x1, 0xf8, 0x0,
    0x3f, 0x80, 0x7, 0xf8, 0x0, 0xff, 0x80, 0x1f,
    0x78, 0x3, 0xe7, 0x80, 0x7e, 0x78, 0x7, 0xc7,
    0x80, 0x78, 0x78, 0x3, 0x7, 0x80, 0x0, 0x78,
    0x0, 0x7, 0x80, 0x0, 0x78, 0x0, 0x7, 0x80,
    0x0, 0x78, 0x0, 0x7, 0x80, 0x0, 0x78, 0x0,
    0x7, 0x80, 0x0, 0x78, 0x0, 0x7, 0x80, 0x0,
    0x78, 0x0, 0x7, 0x80, 0x0, 0x78, 0x0, 0x7,
    0x80, 0x0, 0x78, 0x0, 0x7, 0x80, 0x0, 0x78,
    0x0, 0x7, 0x80, 0x0, 0x78, 0x7, 0xff, 0xff,
    0x7f, 0xff, 0xf7, 0xff, 0xff,

    /* U+0032 "2" */
    0x0, 0x0, 0x0, 0xff, 0xf0, 0x3f, 0xff, 0xe1,
    0xff, 0xff, 0x8f, 0x80, 0x7e, 0x60, 0x0, 0xfa,
    0x0, 0x7, 0xc0, 0x0, 0x1f, 0x0, 0x0, 0xf8,
    0x0, 0x7, 0xc0, 0x0, 0x3e, 0x0, 0x1, 0xf0,
    0x0, 0x1f, 0x80, 0x0, 0xf8, 0x0, 0x7, 0xc0,
    0x0, 0x7e, 0x0, 0x7, 0xe0, 0x0, 0x7e, 0x0,
    0x3, 0xf0, 0x0, 0x3f, 0x0, 0x3, 0xf0, 0x0,
    0x3f, 0x0, 0x3, 0xf0, 0x0, 0x3f, 0x0, 0x3,
    0xf0, 0x0, 0x3f, 0x0, 0x3, 0xf0, 0x0, 0x3f,
    0x0, 0x3, 0xf0, 0x0, 0x3f, 0x0, 0x1, 0xf0,
    0x0, 0x1f, 0x0, 0x0, 0xff, 0xff, 0xff, 0xff,
    0xff, 0xff, 0xff, 0xfe,

    /* U+0033 "3" */
    0x0, 0x40, 0x1, 0xff, 0xf0, 0x1f, 0xff, 0xe0,
    0xff, 0xff, 0x87, 0x0, 0x3e, 0x0, 0x0, 0xf0,
    0x0, 0x7, 0xc0, 0x0, 0x1e, 0x0, 0x0, 0xf0,
    0x0, 0x7, 0x80, 0x0, 0x3c, 0x0, 0x1, 0xe0,
    0x0, 0x1e, 0x0, 0x1, 0xf0, 0x0, 0x3f, 0x0,
    0x7f, 0xf0, 0x3, 0xfe, 0x0, 0x1f, 0xfc, 0x0,
    0x1, 0xf0, 0x0, 0x7, 0xc0, 0x0, 0x1f, 0x0,
    0x0, 0x78, 0x0, 0x1, 0xe0, 0x0, 0xf, 0x0,
    0x0, 0x78, 0x0, 0x3, 0xc0, 0x0, 0x1e, 0x0,
    0x0, 0xf0, 0x0, 0xf, 0x80, 0x0, 0x7a, 0x0,
    0x7, 0xde, 0x0, 0x7c, 0xff, 0xff, 0xc7, 0xff,
    0xfc, 0x1f, 0xff, 0x80, 0x1, 0x80, 0x0,

    /* U+0034 "4" */
    0x0, 0x3, 0xe0, 0x0, 0x7, 0xe0, 0x0, 0x7,
    0xe0, 0x0, 0xf, 0xe0, 0x0, 0x1f, 0xe0, 0x0,
    0x1d, 0xe0, 0x0, 0x3d, 0xe0, 0x0, 0x39, 0xe0,
    0x0, 0x79, 0xe0, 0x0, 0xf1, 0xe0, 0x0, 0xe1,
    0xe0, 0x1, 0xe1, 0xe0, 0x1, 0xc1, 0xe0, 0x3,
    0xc1, 0xe0, 0x7, 0x81, 0xe0, 0x7, 0x81, 0xe0,
    0xf, 0x1, 0xe0, 0x1e, 0x1, 0xe0, 0x1e, 0x1,
    0xe0, 0x3c, 0x1, 0xe0, 0x3c, 0x1, 0xe0, 0x78,
    0x1, 0xe0, 0xf8, 0x1, 0xe0, 0xff, 0xff, 0xff,
    0xff, 0xff, 0xff, 0xff, 0xff, 0xff, 0x0, 0x1,
    0xe0, 0x0, 0x1, 0xe0, 0x0, 0x1, 0xe0, 0x0,
    0x1, 0xe0, 0x0, 0x1, 0xe0, 0x0, 0x1, 0xe0,
    0x0, 0x1, 0xe0, 0x0, 0x1, 0xe0,

    /* U+0035 "5" */
    0x3f, 0xff, 0xe1, 0xff, 0xff, 0xf, 0xff, 0xf8,
    0x78, 0x0, 0x3, 0xc0, 0x0, 0x1e, 0x0, 0x0,
    0xf0, 0x0, 0x7, 0x80, 0x0, 0x3c, 0x0, 0x1,
    0xe0, 0x0, 0xf, 0x0, 0x0, 0x78, 0x0, 0x3,
    0xff, 0xc0, 0x1f, 0xff, 0x80, 0xff, 0xfe, 0x7,
    0x1, 0xf8, 0x20, 0x3, 0xe0, 0x0, 0xf, 0x80,
    0x0, 0x3c, 0x0, 0x1, 0xf0, 0x0, 0x7, 0x80,
    0x0, 0x3c, 0x0, 0x1, 0xe0, 0x0, 0xf, 0x0,
    0x0, 0x78, 0x0, 0x3, 0xc0, 0x0, 0x1e, 0x0,
    0x1, 0xe0, 0x0, 0xf, 0x40, 0x0, 0xf3, 0xc0,
    0x1f, 0x9f, 0xff, 0xf8, 0xff, 0xff, 0x83, 0xff,
    0xf0, 0x0, 0x30, 0x0,

    /* U+0036 "6" */
    0x0, 0x0, 0x0, 0x3, 0xff, 0xc0, 0x3f, 0xff,
    0x1, 0xff, 0xfc, 0xf, 0x80, 0x30, 0x7c, 0x0,
    0x3, 0xe0, 0x0, 0xf, 0x0, 0x0, 0x78, 0x0,
    0x1, 0xe0, 0x0, 0x7, 0x80, 0x0, 0x1e, 0x0,
    0x0, 0xf0, 0x0, 0x3, 0xc3, 0xf8, 0xf, 0x3f,
    0xfc, 0x3d, 0xff, 0xf8, 0xff, 0x83, 0xf3, 0xf8,
    0x3, 0xcf, 0xc0, 0x7, 0xbf, 0x0, 0x1e, 0xf8,
    0x0, 0x3f, 0xe0, 0x0, 0xff, 0x80, 0x3, 0xfe,
    0x0, 0xf, 0xf8, 0x0, 0x3d, 0xe0, 0x0, 0xf7,
    0x80, 0x3, 0xde, 0x0, 0xf, 0x7c, 0x0, 0x78,
    0xf0, 0x1, 0xe3, 0xe0, 0xf, 0x87, 0xc0, 0x7c,
    0xf, 0xff, 0xe0, 0x1f, 0xff, 0x0, 0x3f, 0xf0,
    0x0, 0x4, 0x0,

    /* U+0037 "7" */
    0xff, 0xff, 0xff, 0xff, 0xff, 0xff, 0xff, 0xff,
    0xc0, 0x0, 0x1e, 0x0, 0x0, 0xf8, 0x0, 0x3,
    0xc0, 0x0, 0x1f, 0x0, 0x0, 0x7c, 0x0, 0x1,
    0xe0, 0x0, 0xf, 0x80, 0x0, 0x3e, 0x0, 0x1,
    0xf0, 0x0, 0x7, 0xc0, 0x0, 0x1e, 0x0, 0x0,
    0xf8, 0x0, 0x3, 0xe0, 0x0, 0x1f, 0x0, 0x0,
    0x7c, 0x0, 0x1, 0xe0, 0x0, 0xf, 0x80, 0x0,
    0x3e, 0x0, 0x1, 0xf0, 0x0, 0x7, 0xc0, 0x0,
    0x1f, 0x0, 0x0, 0xf8, 0x0, 0x3, 0xe0, 0x0,
    0x1f, 0x0, 0x0, 0x7c, 0x0, 0x1, 0xf0, 0x0,
    0xf, 0x80, 0x0, 0x3e, 0x0, 0x0, 0xf0, 0x0,
    0x7, 0xc0, 0x0, 0x1f, 0x0, 0x0,

    /* U+0038 "8" */
    0x0, 0x0, 0x0, 0xf, 0xfc, 0x0, 0xff, 0xfc,
    0x7, 0xff, 0xf8, 0x3e, 0x1, 0xf0, 0xf0, 0x3,
    0xc7, 0x80, 0xf, 0x9e, 0x0, 0x1e, 0x78, 0x0,
    0x79, 0xe0, 0x1, 0xe7, 0x80, 0x7, 0x9e, 0x0,
    0x1e, 0x3c, 0x0, 0xf0, 0xf0, 0x7, 0xc1, 0xf0,
    0x3e, 0x3, 0xff, 0xe0, 0x3, 0xff, 0x0, 0x3f,
    0xff, 0x1, 0xf0, 0x3e, 0xf, 0x0, 0x3c, 0x78,
    0x0, 0x79, 0xe0, 0x1, 0xef, 0x0, 0x3, 0xfc,
    0x0, 0xf, 0xf0, 0x0, 0x3f, 0xc0, 0x0, 0xff,
    0x0, 0x3, 0xfc, 0x0, 0xf, 0xf8, 0x0, 0x7d,
    0xe0, 0x1, 0xe7, 0xc0, 0xf, 0x8f, 0x80, 0x7c,
    0x3f, 0xff, 0xe0, 0x3f, 0xff, 0x0, 0x7f, 0xf8,
    0x0, 0xc, 0x0,

    /* U+0039 "9" */
    0x0, 0x0, 0x0, 0x1f, 0xfc, 0x0, 0xff, 0xf8,
    0x7, 0xff, 0xf0, 0x3e, 0x3, 0xe1, 0xf0, 0x7,
    0xc7, 0x80, 0xf, 0x3e, 0x0, 0x3e, 0xf0, 0x0,
    0x7b, 0xc0, 0x1, 0xef, 0x0, 0x7, 0xbc, 0x0,
    0x1f, 0xf0, 0x0, 0x7f, 0xc0, 0x1, 0xff, 0x0,
    0x7, 0xfc, 0x0, 0x1f, 0x78, 0x0, 0xfd, 0xe0,
    0x3, 0xf3, 0xc0, 0x1f, 0xcf, 0xc1, 0xff, 0x1f,
    0xff, 0xbc, 0x3f, 0xfc, 0xf0, 0x1f, 0xc3, 0xc0,
    0x0, 0xf, 0x0, 0x0, 0x78, 0x0, 0x1, 0xe0,
    0x0, 0x7, 0x80, 0x0, 0x3e, 0x0, 0x0, 0xf0,
    0x0, 0x7, 0xc0, 0x0, 0x3e, 0xc, 0x1, 0xf0,
    0x3f, 0xff, 0x80, 0xff, 0xfc, 0x3, 0xff, 0xc0,
    0x0, 0x20, 0x0,

    /* U+003A ":" */
    0x38, 0xfb, 0xff, 0xff, 0xef, 0x8e, 0x0, 0x0,
    0x0, 0x0, 0x0, 0x0, 0x0, 0x0, 0x38, 0xfb,
    0xff, 0xff, 0xef, 0x8e, 0x0,

    /* U+003B ";" */
    0x1e, 0xf, 0xc7, 0xf9, 0xfe, 0x7f, 0x9f, 0xe3,
    0xf0, 0x78, 0x0, 0x0, 0x0, 0x0, 0x0, 0x0,
    0x0, 0x0, 0x0, 0x0, 0x0, 0x1, 0x3, 0xf0,
    0xfe, 0x7f, 0xdf, 0xf3, 0xfc, 0xff, 0x3, 0xc0,
    0xf0, 0x3c, 0x1e, 0x7, 0x83, 0xc1, 0xf0, 0xf8,
    0xfc, 0x3c, 0x4, 0x0,

    /* U+003C "<" */
    0x0, 0x0, 0x1, 0x80, 0x0, 0x3, 0xc0, 0x0,
    0xf, 0xe0, 0x0, 0x1f, 0xf0, 0x0, 0x7f, 0xf0,
    0x1, 0xff, 0xc0, 0x3, 0xff, 0x0, 0xf, 0xfe,
    0x0, 0x1f, 0xf8, 0x0, 0x7f, 0xe0, 0x0, 0x3f,
    0x80, 0x0, 0x1f, 0x0, 0x0, 0xf, 0xf0, 0x0,
    0x7, 0xfe, 0x0, 0x0, 0x7f, 0xe0, 0x0, 0x7,
    0xfe, 0x0, 0x0, 0xff, 0xe0, 0x0, 0xf, 0xfc,
    0x0, 0x1, 0xff, 0xc0, 0x0, 0x1f, 0xf0, 0x0,
    0x1, 0xf8, 0x0, 0x0, 0x3c, 0x0, 0x0, 0x2,

    /* U+003D "=" */
    0xff, 0xff, 0xff, 0xff, 0xff, 0xff, 0xff, 0xff,
    0xff, 0x0, 0x0, 0x0, 0x0, 0x0, 0x0, 0x0,
    0x0, 0x0, 0x0, 0x0, 0x0, 0x0, 0x0, 0x0,
    0x0, 0x0, 0x0, 0x0, 0x0, 0x0, 0xff, 0xff,
    0xff, 0xff, 0xff, 0xff, 0xff, 0xff, 0xff,

    /* U+003E ">" */
    0x80, 0x0, 0x0, 0x78, 0x0, 0x0, 0x3f, 0x0,
    0x0, 0x1f, 0xf0, 0x0, 0x7, 0xfe, 0x0, 0x0,
    0xff, 0xe0, 0x0, 0xf, 0xfe, 0x0, 0x0, 0xff,
    0xc0, 0x0, 0xf, 0xfc, 0x0, 0x1, 0xff, 0x80,
    0x0, 0x1f, 0xe0, 0x0, 0x1, 0xf0, 0x0, 0x7,
    0xf8, 0x0, 0x1f, 0xf8, 0x0, 0x7f, 0xe0, 0x0,
    0xff, 0xc0, 0x3, 0xff, 0x0, 0xf, 0xfe, 0x0,
    0x3f, 0xf8, 0x0, 0x1f, 0xf0, 0x0, 0xf, 0xc0,
    0x0, 0x7, 0x0, 0x0, 0x2, 0x0, 0x0, 0x0,

    /* U+003F "?" */
    0x0, 0x0, 0x7, 0xff, 0x7, 0xff, 0xe3, 0xff,
    0xfc, 0xf0, 0xf, 0xb0, 0x1, 0xf8, 0x0, 0x3c,
    0x0, 0xf, 0x0, 0x3, 0xc0, 0x0, 0xf0, 0x0,
    0x7c, 0x0, 0x3e, 0x0, 0x1f, 0x80, 0xf, 0xc0,
    0x7, 0xe0, 0x3, 0xf0, 0x0, 0xf8, 0x0, 0x7c,
    0x0, 0x3e, 0x0, 0xf, 0x0, 0x3, 0xc0, 0x0,
    0xf0, 0x0, 0x3c, 0x0, 0xf, 0x0, 0x0, 0x0,
    0x0, 0x0, 0x0, 0x0, 0x0, 0x0, 0x0, 0x0,
    0x0, 0x0, 0xf8, 0x0, 0x7f, 0x0, 0x1f, 0xc0,
    0x7, 0xf0, 0x1, 0xfc, 0x0, 0x3e, 0x0, 0x2,
    0x0,

    /* U+0040 "@" */
    0x0, 0xf, 0xf0, 0x0, 0xf, 0xff, 0x80, 0x7,
    0xff, 0xfc, 0x1, 0xfc, 0xf, 0xc0, 0x7c, 0x0,
    0xf8, 0x1f, 0x0, 0xf, 0x87, 0xc0, 0x0, 0xf0,
    0xf0, 0x0, 0x1f, 0x3e, 0x0, 0x1, 0xe7, 0x80,
    0x0, 0x3d, 0xf0, 0xf, 0xc7, 0xbc, 0x3, 0xfe,
    0xf7, 0x81, 0xff, 0xfe, 0xf0, 0x3e, 0x1f, 0xfc,
    0xf, 0x81, 0xff, 0x81, 0xe0, 0x1f, 0xf0, 0x78,
    0x1, 0xfe, 0xf, 0x0, 0x3f, 0xc1, 0xe0, 0x7,
    0xf8, 0x3c, 0x0, 0xff, 0x7, 0x80, 0x1f, 0xe0,
    0xf0, 0x3, 0xfc, 0x1e, 0x0, 0x7f, 0x81, 0xe0,
    0x1f, 0xf0, 0x3e, 0x7, 0xef, 0x3, 0xe1, 0xfd,
    0xe0, 0x7f, 0xff, 0xbc, 0x3, 0xfe, 0xf3, 0xc0,
    0x3f, 0x1e, 0x78, 0x0, 0x0, 0xf, 0x80, 0x0,
    0x0, 0xf8, 0x0, 0x0, 0xf, 0x80, 0x0, 0x0,
    0xf8, 0x0, 0x0, 0xf, 0x80, 0x0, 0x0, 0xfe,
    0x2, 0x0, 0xf, 0xff, 0xe0, 0x0, 0x7f, 0xfc,
    0x0, 0x1, 0xff, 0x0,

    /* U+0041 "A" */
    0x0, 0x3f, 0x0, 0x0, 0xf, 0xc0, 0x0, 0x3,
    0xf8, 0x0, 0x1, 0xfe, 0x0, 0x0, 0x7f, 0x80,
    0x0, 0x1e, 0xf0, 0x0, 0xf, 0xbc, 0x0, 0x3,
    0xcf, 0x0, 0x0, 0xf3, 0xe0, 0x0, 0x7c, 0x78,
    0x0, 0x1e, 0x1e, 0x0, 0x7, 0x87, 0xc0, 0x3,
    0xe1, 0xf0, 0x0, 0xf8, 0x3c, 0x0, 0x3c, 0xf,
    0x0, 0xf, 0x3, 0xe0, 0x7, 0xc0, 0x78, 0x1,
    0xe0, 0x1e, 0x0, 0x78, 0x7, 0xc0, 0x3e, 0x1,
    0xf0, 0xf, 0x80, 0x3c, 0x3, 0xc0, 0xf, 0x81,
    0xff, 0xff, 0xe0, 0x7f, 0xff, 0xf8, 0x1f, 0xff,
    0xff, 0xf, 0x80, 0x7, 0xc3, 0xe0, 0x0, 0xf0,
    0xf0, 0x0, 0x3c, 0x3c, 0x0, 0xf, 0x9f, 0x0,
    0x3, 0xe7, 0xc0, 0x0, 0x79, 0xe0, 0x0, 0x1f,
    0xf8, 0x0, 0x7, 0xfe, 0x0, 0x0, 0xf0,

    /* U+0042 "B" */
    0xff, 0xfe, 0x3, 0xff, 0xfe, 0xf, 0xff, 0xfe,
    0x3c, 0x0, 0xf8, 0xf0, 0x0, 0xf3, 0xc0, 0x3,
    0xef, 0x0, 0x7, 0xbc, 0x0, 0x1e, 0xf0, 0x0,
    0x7b, 0xc0, 0x1, 0xef, 0x0, 0x7, 0xbc, 0x0,
    0x3e, 0xf0, 0x1, 0xf3, 0xc0, 0xf, 0x8f, 0xff,
    0xfc, 0x3f, 0xff, 0xc0, 0xff, 0xff, 0xc3, 0xc0,
    0xf, 0xcf, 0x0, 0xf, 0x3c, 0x0, 0x1e, 0xf0,
    0x0, 0x7b, 0xc0, 0x0, 0xff, 0x0, 0x3, 0xfc,
    0x0, 0xf, 0xf0, 0x0, 0x3f, 0xc0, 0x0, 0xff,
    0x0, 0x3, 0xfc, 0x0, 0x1f, 0xf0, 0x0, 0x7b,
    0xc0, 0x3, 0xef, 0x0, 0x3f, 0x3f, 0xff, 0xf8,
    0xff, 0xff, 0xc3, 0xff, 0xf8, 0x0,

    /* U+0043 "C" */
    0x0, 0x0, 0x0, 0x1, 0xff, 0xc0, 0x1f, 0xff,
    0xc1, 0xff, 0xff, 0xf, 0xc0, 0x3c, 0x7e, 0x0,
    0x31, 0xf0, 0x0, 0xf, 0x80, 0x0, 0x3e, 0x0,
    0x1, 0xf0, 0x0, 0x7, 0xc0, 0x0, 0x1f, 0x0,
    0x0, 0xf8, 0x0, 0x3, 0xe0, 0x0, 0xf, 0x80,
    0x0, 0x3e, 0x0, 0x0, 0xf8, 0x0, 0x3, 0xe0,
    0x0, 0xf, 0x80, 0x0, 0x3e, 0x0, 0x0, 0xf8,
    0x0, 0x3, 0xe0, 0x0, 0xf, 0x80, 0x0, 0x3e,
    0x0, 0x0, 0x7c, 0x0, 0x1, 0xf0, 0x0, 0x7,
    0xc0, 0x0, 0xf, 0x80, 0x0, 0x3e, 0x0, 0x0,
    0x7c, 0x0, 0x1, 0xf8, 0x0, 0xc3, 0xf0, 0xf,
    0x7, 0xff, 0xfc, 0xf, 0xff, 0xf0, 0xf, 0xff,
    0x0, 0x1, 0x80,

    /* U+0044 "D" */
    0xff, 0xf0, 0x3, 0xff, 0xf8, 0xf, 0xff, 0xf0,
    0x3c, 0xf, 0xf0, 0xf0, 0x7, 0xe3, 0xc0, 0xf,
    0x8f, 0x0, 0x1f, 0x3c, 0x0, 0x3c, 0xf0, 0x0,
    0xfb, 0xc0, 0x3, 0xef, 0x0, 0xf, 0xbc, 0x0,
    0x1f, 0xf0, 0x0, 0x7f, 0xc0, 0x1, 0xff, 0x0,
    0x7, 0xfc, 0x0, 0x1f, 0xf0, 0x0, 0x7f, 0xc0,
    0x1, 0xff, 0x0, 0x7, 0xfc, 0x0, 0x1f, 0xf0,
    0x0, 0x7f, 0xc0, 0x1, 0xff, 0x0, 0x7, 0xfc,
    0x0, 0x3e, 0xf0, 0x0, 0xfb, 0xc0, 0x3, 0xef,
    0x0, 0x1f, 0x3c, 0x0, 0x7c, 0xf0, 0x3, 0xe3,
    0xc0, 0x1f, 0x8f, 0x3, 0xfc, 0x3f, 0xff, 0xc0,
    0xff, 0xfe, 0x3, 0xff, 0xc0, 0x0,

    /* U+0045 "E" */
    0xff, 0xff, 0xff, 0xff, 0xff, 0xff, 0xff, 0xff,
    0xe0, 0x0, 0xf, 0x0, 0x0, 0x78, 0x0, 0x3,
    0xc0, 0x0, 0x1e, 0x0, 0x0, 0xf0, 0x0, 0x7,
    0x80, 0x0, 0x3c, 0x0, 0x1, 0xe0, 0x0, 0xf,
    0x0, 0x0, 0x78, 0x0, 0x3, 0xff, 0xff, 0xdf,
    0xff, 0xfe, 0xff, 0xff, 0xf7, 0x80, 0x0, 0x3c,
    0x0, 0x1, 0xe0, 0x0, 0xf, 0x0, 0x0, 0x78,
    0x0, 0x3, 0xc0, 0x0, 0x1e, 0x0, 0x0, 0xf0,
    0x0, 0x7, 0x80, 0x0, 0x3c, 0x0, 0x1, 0xe0,
    0x0, 0xf, 0x0, 0x0, 0x78, 0x0, 0x3, 0xc0,
    0x0, 0x1f, 0xff, 0xff, 0xff, 0xff, 0xff, 0xff,
    0xff, 0xc0,

    /* U+0046 "F" */
    0xff, 0xff, 0xff, 0xff, 0xff, 0xff, 0xff, 0xff,
    0x0, 0x0, 0xf0, 0x0, 0xf, 0x0, 0x0, 0xf0,
    0x0, 0xf, 0x0, 0x0, 0xf0, 0x0, 0xf, 0x0,
    0x0, 0xf0, 0x0, 0xf, 0x0, 0x0, 0xf0, 0x0,
    0xf, 0x0, 0x0, 0xf0, 0x0, 0xf, 0xff, 0xfe,
    0xff, 0xff, 0xef, 0xff, 0xfe, 0xf0, 0x0, 0xf,
    0x0, 0x0, 0xf0, 0x0, 0xf, 0x0, 0x0, 0xf0,
    0x0, 0xf, 0x0, 0x0, 0xf0, 0x0, 0xf, 0x0,
    0x0, 0xf0, 0x0, 0xf, 0x0, 0x0, 0xf0, 0x0,
    0xf, 0x0, 0x0, 0xf0, 0x0, 0xf, 0x0, 0x0,
    0xf0, 0x0, 0xf, 0x0, 0x0,

    /* U+0047 "G" */
    0x0, 0x0, 0x0, 0x1, 0xff, 0xe0, 0x7, 0xff,
    0xf0, 0x3f, 0xff, 0xe0, 0xfc, 0x3, 0xc3, 0xf0,
    0x1, 0x87, 0xc0, 0x1, 0x1f, 0x0, 0x0, 0x3e,
    0x0, 0x0, 0xf8, 0x0, 0x1, 0xf0, 0x0, 0x3,
    0xe0, 0x0, 0xf, 0x80, 0x0, 0x1f, 0x0, 0x0,
    0x3e, 0x0, 0x0, 0x7c, 0x0, 0x0, 0xf8, 0x0,
    0x1, 0xf0, 0x0, 0x3, 0xe0, 0xf, 0xff, 0xc0,
    0x1f, 0xff, 0x80, 0x3f, 0xff, 0x0, 0x3, 0xfe,
    0x0, 0x7, 0xfc, 0x0, 0xf, 0x7c, 0x0, 0x1e,
    0xf8, 0x0, 0x3d, 0xf0, 0x0, 0x79, 0xe0, 0x0,
    0xf3, 0xe0, 0x1, 0xe3, 0xe0, 0x3, 0xc7, 0xe0,
    0x7, 0x87, 0xe0, 0x1f, 0x7, 0xff, 0xfe, 0x7,
    0xff, 0xf8, 0x3, 0xff, 0xc0, 0x0, 0x20, 0x0,

    /* U+0048 "H" */
    0xf0, 0x0, 0x3f, 0xc0, 0x0, 0xff, 0x0, 0x3,
    0xfc, 0x0, 0xf, 0xf0, 0x0, 0x3f, 0xc0, 0x0,
    0xff, 0x0, 0x3, 0xfc, 0x0, 0xf, 0xf0, 0x0,
    0x3f, 0xc0, 0x0, 0xff, 0x0, 0x3, 0xfc, 0x0,
    0xf, 0xf0, 0x0, 0x3f, 0xc0, 0x0, 0xff, 0xff,
    0xff, 0xff, 0xff, 0xff, 0xff, 0xff, 0xff, 0xc0,
    0x0, 0xff, 0x0, 0x3, 0xfc, 0x0, 0xf, 0xf0,
    0x0, 0x3f, 0xc0, 0x0, 0xff, 0x0, 0x3, 0xfc,
    0x0, 0xf, 0xf0, 0x0, 0x3f, 0xc0, 0x0, 0xff,
    0x0, 0x3, 0xfc, 0x0, 0xf, 0xf0, 0x0, 0x3f,
    0xc0, 0x0, 0xff, 0x0, 0x3, 0xfc, 0x0, 0xf,
    0xf0, 0x0, 0x3f, 0xc0, 0x0, 0xf0,

    /* U+0049 "I" */
    0xff, 0xff, 0xff, 0xff, 0xff, 0xff, 0xff, 0x80,
    0x78, 0x0, 0xf, 0x0, 0x1, 0xe0, 0x0, 0x3c,
    0x0, 0x7, 0x80, 0x0, 0xf0, 0x0, 0x1e, 0x0,
    0x3, 0xc0, 0x0, 0x78, 0x0, 0xf, 0x0, 0x1,
    0xe0, 0x0, 0x3c, 0x0, 0x7, 0x80, 0x0, 0xf0,
    0x0, 0x1e, 0x0, 0x3, 0xc0, 0x0, 0x78, 0x0,
    0xf, 0x0, 0x1, 0xe0, 0x0, 0x3c, 0x0, 0x7,
    0x80, 0x0, 0xf0, 0x0, 0x1e, 0x0, 0x3, 0xc0,
    0x0, 0x78, 0x0, 0xf, 0x0, 0x1, 0xe0, 0x0,
    0x3c, 0x7, 0xff, 0xff, 0xff, 0xff, 0xff, 0xff,
    0xfc,

    /* U+004A "J" */
    0x3, 0xff, 0xe0, 0x7f, 0xfc, 0xf, 0xff, 0x80,
    0x0, 0xf0, 0x0, 0x1e, 0x0, 0x3, 0xc0, 0x0,
    0x78, 0x0, 0xf, 0x0, 0x1, 0xe0, 0x0, 0x3c,
    0x0, 0x7, 0x80, 0x0, 0xf0, 0x0, 0x1e, 0x0,
    0x3, 0xc0, 0x0, 0x78, 0x0, 0xf, 0x0, 0x1,
    0xe0, 0x0, 0x3c, 0x0, 0x7, 0x80, 0x0, 0xf0,
    0x0, 0x1e, 0x0, 0x3, 0xc0, 0x0, 0x78, 0x0,
    0xf, 0x0, 0x1, 0xe0, 0x0, 0x3c, 0x0, 0x7,
    0x80, 0x0, 0xf8, 0x0, 0x3d, 0x80, 0x7, 0xbc,
    0x1, 0xf7, 0xff, 0xfc, 0xff, 0xff, 0x7, 0xff,
    0x80, 0x2, 0x0, 0x0,

    /* U+004B "K" */
    0xf0, 0x0, 0x3e, 0xf0, 0x0, 0x7c, 0xf0, 0x0,
    0xfc, 0xf0, 0x1, 0xf8, 0xf0, 0x3, 0xf0, 0xf0,
    0x7, 0xe0, 0xf0, 0xf, 0xc0, 0xf0, 0x1f, 0x80,
    0xf0, 0x3f, 0x0, 0xf0, 0x7e, 0x0, 0xf0, 0xfc,
    0x0, 0xf1, 0xf8, 0x0, 0xf3, 0xf0, 0x0, 0xf3,
    0xe0, 0x0, 0xf7, 0xe0, 0x0, 0xff, 0xf0, 0x0,
    0xff, 0xf0, 0x0, 0xfe, 0xf8, 0x0, 0xfc, 0x7c,
    0x0, 0xf8, 0x7c, 0x0, 0xf0, 0x3e, 0x0, 0xf0,
    0x1f, 0x0, 0xf0, 0x1f, 0x0, 0xf0, 0xf, 0x80,
    0xf0, 0xf, 0xc0, 0xf0, 0x7, 0xe0, 0xf0, 0x3,
    0xe0, 0xf0, 0x3, 0xf0, 0xf0, 0x1, 0xf8, 0xf0,
    0x0, 0xf8, 0xf0, 0x0, 0xfc, 0xf0, 0x0, 0x7e,
    0xf0, 0x0, 0x3e, 0xf0, 0x0, 0x3f,

    /* U+004C "L" */
    0xf0, 0x0, 0x7, 0x80, 0x0, 0x3c, 0x0, 0x1,
    0xe0, 0x0, 0xf, 0x0, 0x0, 0x78, 0x0, 0x3,
    0xc0, 0x0, 0x1e, 0x0, 0x0, 0xf0, 0x0, 0x7,
    0x80, 0x0, 0x3c, 0x0, 0x1, 0xe0, 0x0, 0xf,
    0x0, 0x0, 0x78, 0x0, 0x3, 0xc0, 0x0, 0x1e,
    0x0, 0x0, 0xf0, 0x0, 0x7, 0x80, 0x0, 0x3c,
    0x0, 0x1, 0xe0, 0x0, 0xf, 0x0, 0x0, 0x78,
    0x0, 0x3, 0xc0, 0x0, 0x1e, 0x0, 0x0, 0xf0,
    0x0, 0x7, 0x80, 0x0, 0x3c, 0x0, 0x1, 0xe0,
    0x0, 0xf, 0x0, 0x0, 0x78, 0x0, 0x3, 0xc0,
    0x0, 0x1f, 0xff, 0xff, 0xff, 0xff, 0xff, 0xff,
    0xff, 0xc0,

    /* U+004D "M" */
    0xfc, 0x0, 0x3f, 0xfc, 0x0, 0x3f, 0xfe, 0x0,
    0x7f, 0xfe, 0x0, 0x7f, 0xff, 0x0, 0xff, 0xf7,
    0x0, 0xef, 0xf7, 0x0, 0xef, 0xf7, 0x81, 0xef,
    0xf3, 0x81, 0xcf, 0xf3, 0x81, 0xcf, 0xf3, 0xc3,
    0xcf, 0xf1, 0xc3, 0x8f, 0xf1, 0xc3, 0x8f, 0xf1,
    0xe7, 0x8f, 0xf0, 0xe7, 0xf, 0xf0, 0xe7, 0xf,
    0xf0, 0xff, 0xf, 0xf0, 0x7e, 0xf, 0xf0, 0x7e,
    0xf, 0xf0, 0x7e, 0xf, 0xf0, 0x3c, 0xf, 0xf0,
    0x3c, 0xf, 0xf0, 0x0, 0xf, 0xf0, 0x0, 0xf,
    0xf0, 0x0, 0xf, 0xf0, 0x0, 0xf, 0xf0, 0x0,
    0xf, 0xf0, 0x0, 0xf, 0xf0, 0x0, 0xf, 0xf0,
    0x0, 0xf, 0xf0, 0x0, 0xf, 0xf0, 0x0, 0xf,
    0xf0, 0x0, 0xf, 0xf0, 0x0, 0xf,

    /* U+004E "N" */
    0xfc, 0x0, 0x3f, 0xf0, 0x0, 0xff, 0xe0, 0x3,
    0xff, 0x80, 0xf, 0xff, 0x0, 0x3f, 0xfc, 0x0,
    0xff, 0xf0, 0x3, 0xfd, 0xe0, 0xf, 0xf7, 0x80,
    0x3f, 0xcf, 0x0, 0xff, 0x3c, 0x3, 0xfc, 0xf8,
    0xf, 0xf1, 0xe0, 0x3f, 0xc7, 0xc0, 0xff, 0xf,
    0x3, 0xfc, 0x3c, 0xf, 0xf0, 0x78, 0x3f, 0xc1,
    0xe0, 0xff, 0x3, 0xc3, 0xfc, 0xf, 0xf, 0xf0,
    0x3e, 0x3f, 0xc0, 0x78, 0xff, 0x1, 0xf3, 0xfc,
    0x3, 0xcf, 0xf0, 0xf, 0x3f, 0xc0, 0x1e, 0xff,
    0x0, 0x7b, 0xfc, 0x0, 0xff, 0xf0, 0x3, 0xff,
    0xc0, 0xf, 0xff, 0x0, 0x1f, 0xfc, 0x0, 0x7f,
    0xf0, 0x0, 0xff, 0xc0, 0x3, 0xf0,

    /* U+004F "O" */
    0x0, 0x10, 0x0, 0x3, 0xfe, 0x0, 0x1f, 0xff,
    0x0, 0x7f, 0xff, 0x1, 0xf0, 0x1f, 0x7, 0xc0,
    0x1f, 0xf, 0x80, 0x3e, 0x3e, 0x0, 0x3c, 0x7c,
    0x0, 0x7c, 0xf8, 0x0, 0xf9, 0xf0, 0x1, 0xf7,
    0xc0, 0x1, 0xff, 0x80, 0x3, 0xff, 0x0, 0x7,
    0xfe, 0x0, 0xf, 0xfc, 0x0, 0x1f, 0xf8, 0x0,
    0x3f, 0xf0, 0x0, 0x7f, 0xe0, 0x0, 0xff, 0xc0,
    0x1, 0xff, 0x80, 0x3, 0xff, 0x0, 0x7, 0xfe,
    0x0, 0xf, 0xfc, 0x0, 0x1f, 0xf8, 0x0, 0x3e,
    0xf0, 0x0, 0xf9, 0xf0, 0x1, 0xf3, 0xe0, 0x3,
    0xe7, 0xc0, 0x7, 0x87, 0xc0, 0x1f, 0xf, 0x80,
    0x3e, 0xf, 0x80, 0xf8, 0xf, 0xff, 0xe0, 0xf,
    0xff, 0x80, 0x7, 0xfc, 0x0, 0x0, 0x80, 0x0,

    /* U+0050 "P" */
    0xff, 0xfe, 0x3, 0xff, 0xfe, 0xf, 0xff, 0xfe,
    0x3c, 0x1, 0xfc, 0xf0, 0x1, 0xfb, 0xc0, 0x3,
    0xef, 0x0, 0xf, 0xfc, 0x0, 0x1f, 0xf0, 0x0,
    0x7f, 0xc0, 0x1, 0xff, 0x0, 0x7, 0xfc, 0x0,
    0x1f, 0xf0, 0x0, 0x7f, 0xc0, 0x3, 0xff, 0x0,
    0xf, 0xbc, 0x0, 0x7e, 0xf0, 0x7, 0xf3, 0xff,
    0xff, 0x8f, 0xff, 0xf8, 0x3f, 0xff, 0x0, 0xf0,
    0x0, 0x3, 0xc0, 0x0, 0xf, 0x0, 0x0, 0x3c,
    0x0, 0x0, 0xf0, 0x0, 0x3, 0xc0, 0x0, 0xf,
    0x0, 0x0, 0x3c, 0x0, 0x0, 0xf0, 0x0, 0x3,
    0xc0, 0x0, 0xf, 0x0, 0x0, 0x3c, 0x0, 0x0,
    0xf0, 0x0, 0x3, 0xc0, 0x0, 0x0,

    /* U+0051 "Q" */
    0x0, 0x10, 0x0, 0x0, 0xff, 0x80, 0x1, 0xff,
    0xf0, 0x1, 0xff, 0xfc, 0x1, 0xf0, 0x1f, 0x1,
    0xf0, 0x7, 0xc0, 0xf8, 0x3, 0xe0, 0xf8, 0x0,
    0xf0, 0x7c, 0x0, 0x7c, 0x3e, 0x0, 0x3e, 0x1f,
    0x0, 0x1f, 0x1f, 0x0, 0x7, 0x8f, 0x80, 0x3,
    0xe7, 0xc0, 0x1, 0xf3, 0xe0, 0x0, 0xf9, 0xf0,
    0x0, 0x7c, 0xf8, 0x0, 0x3e, 0x7c, 0x0, 0x1f,
    0x3e, 0x0, 0xf, 0x9f, 0x0, 0x7, 0xcf, 0x80,
    0x3, 0xe7, 0xc0, 0x1, 0xf3, 0xe0, 0x0, 0xf9,
    0xf0, 0x0, 0x7c, 0xf8, 0x0, 0x3e, 0x3c, 0x0,
    0x3e, 0x1f, 0x0, 0x1f, 0xf, 0x80, 0xf, 0x83,
    0xc0, 0x7, 0xc1, 0xf0, 0x7, 0xc0, 0x78, 0x3,
    0xe0, 0x3e, 0x3, 0xe0, 0xf, 0xff, 0xe0, 0x3,
    0xff, 0xe0, 0x0, 0x7f, 0xe0, 0x0, 0x3, 0xf8,
    0x0, 0x0, 0x7e, 0x0, 0x0, 0x1f, 0x80, 0x0,
    0x7, 0xe0, 0x0, 0x1, 0xf8, 0x0, 0x0, 0x7e,
    0x0, 0x0, 0x1f, 0x80, 0x0, 0x7, 0xe0,

    /* U+0052 "R" */
    0xff, 0xfc, 0x0, 0x7f, 0xff, 0xc0, 0x3f, 0xff,
    0xf0, 0x1e, 0x1, 0xfc, 0xf, 0x0, 0x3f, 0x7,
    0x80, 0xf, 0x83, 0xc0, 0x7, 0xe1, 0xe0, 0x1,
    0xf0, 0xf0, 0x0, 0xf8, 0x78, 0x0, 0x7c, 0x3c,
    0x0, 0x3e, 0x1e, 0x0, 0x1f, 0xf, 0x0, 0xf,
    0x87, 0x80, 0xf, 0x83, 0xc0, 0xf, 0xc1, 0xe0,
    0xf, 0xc0, 0xff, 0xff, 0x80, 0x7f, 0xff, 0x0,
    0x3f, 0xff, 0xc0, 0x1e, 0x3, 0xf0, 0xf, 0x0,
    0x7c, 0x7, 0x80, 0x1e, 0x3, 0xc0, 0xf, 0x81,
    0xe0, 0x3, 0xe0, 0xf0, 0x1, 0xf0, 0x78, 0x0,
    0x7c, 0x3c, 0x0, 0x3e, 0x1e, 0x0, 0xf, 0x8f,
    0x0, 0x7, 0xc7, 0x80, 0x1, 0xf3, 0xc0, 0x0,
    0xf9, 0xe0, 0x0, 0x3e, 0xf0, 0x0, 0x1f, 0x78,
    0x0, 0x7, 0xc0,

    /* U+0053 "S" */
    0x0, 0x10, 0x0, 0xf, 0xff, 0x80, 0xff, 0xff,
    0x7, 0xff, 0xfc, 0x3e, 0x0, 0x71, 0xe0, 0x0,
    0x47, 0x80, 0x0, 0x3c, 0x0, 0x0, 0xf0, 0x0,
    0x3, 0xc0, 0x0, 0xf, 0x0, 0x0, 0x3c, 0x0,
    0x0, 0xf8, 0x0, 0x3, 0xf8, 0x0, 0x7, 0xf8,
    0x0, 0x1f, 0xff, 0x0, 0x3f, 0xff, 0x0, 0x7f,
    0xff, 0x0, 0x7f, 0xfe, 0x0, 0x3f, 0xfc, 0x0,
    0xf, 0xf8, 0x0, 0x7, 0xe0, 0x0, 0x7, 0xc0,
    0x0, 0x1f, 0x0, 0x0, 0x3c, 0x0, 0x0, 0xf0,
    0x0, 0x3, 0xc0, 0x0, 0xf, 0x0, 0x0, 0x3e,
    0x0, 0x1, 0xee, 0x0, 0xf, 0xbe, 0x0, 0x7c,
    0xff, 0xff, 0xe3, 0xff, 0xff, 0x3, 0xff, 0xf0,
    0x0, 0x18, 0x0,

    /* U+0054 "T" */
    0xff, 0xff, 0xff, 0xff, 0xff, 0xff, 0xff, 0xff,
    0xff, 0xfc, 0x0, 0x78, 0x0, 0x0, 0x1e, 0x0,
    0x0, 0x7, 0x80, 0x0, 0x1, 0xe0, 0x0, 0x0,
    0x78, 0x0, 0x0, 0x1e, 0x0, 0x0, 0x7, 0x80,
    0x0, 0x1, 0xe0, 0x0, 0x0, 0x78, 0x0, 0x0,
    0x1e, 0x0, 0x0, 0x7, 0x80, 0x0, 0x1, 0xe0,
    0x0, 0x0, 0x78, 0x0, 0x0, 0x1e, 0x0, 0x0,
    0x7, 0x80, 0x0, 0x1, 0xe0, 0x0, 0x0, 0x78,
    0x0, 0x0, 0x1e, 0x0, 0x0, 0x7, 0x80, 0x0,
    0x1, 0xe0, 0x0, 0x0, 0x78, 0x0, 0x0, 0x1e,
    0x0, 0x0, 0x7, 0x80, 0x0, 0x1, 0xe0, 0x0,
    0x0, 0x78, 0x0, 0x0, 0x1e, 0x0, 0x0, 0x7,
    0x80, 0x0, 0x1, 0xe0, 0x0, 0x0, 0x78, 0x0,
    0x0, 0x1e, 0x0, 0x0, 0x7, 0x80, 0x0,

    /* U+0055 "U" */
    0xf0, 0x0, 0x7f, 0x80, 0x3, 0xfc, 0x0, 0x1f,
    0xe0, 0x0, 0xff, 0x0, 0x7, 0xf8, 0x0, 0x3f,
    0xc0, 0x1, 0xfe, 0x0, 0xf, 0xf0, 0x0, 0x7f,
    0x80, 0x3, 0xfc, 0x0, 0x1f, 0xe0, 0x0, 0xff,
    0x0, 0x7, 0xf8, 0x0, 0x3f, 0xc0, 0x1, 0xfe,
    0x0, 0xf, 0xf0, 0x0, 0x7f, 0x80, 0x3, 0xfc,
    0x0, 0x1f, 0xe0, 0x0, 0xff, 0x0, 0x7, 0xf8,
    0x0, 0x3f, 0xc0, 0x1, 0xfe, 0x0, 0xf, 0xf0,
    0x0, 0x7f, 0x80, 0x3, 0xfc, 0x0, 0x1f, 0xe0,
    0x0, 0xf7, 0x80, 0xf, 0x3c, 0x0, 0x78, 0xf0,
    0x7, 0x87, 0xff, 0xfc, 0xf, 0xff, 0x80, 0x3f,
    0xf8, 0x0, 0x8, 0x0,

    /* U+0056 "V" */
    0xf8, 0x0, 0x7, 0xdf, 0x0, 0x1, 0xf7, 0xc0,
    0x0, 0x79, 0xf0, 0x0, 0x3e, 0x3c, 0x0, 0xf,
    0x8f, 0x80, 0x3, 0xc3, 0xe0, 0x1, 0xf0, 0x78,
    0x0, 0x7c, 0x1e, 0x0, 0x1e, 0x7, 0xc0, 0x7,
    0x81, 0xf0, 0x3, 0xe0, 0x3c, 0x0, 0xf8, 0xf,
    0x0, 0x3c, 0x3, 0xe0, 0xf, 0x0, 0x78, 0x7,
    0xc0, 0x1e, 0x1, 0xe0, 0x7, 0xc0, 0x78, 0x1,
    0xf0, 0x1e, 0x0, 0x3c, 0xf, 0x80, 0xf, 0x3,
    0xc0, 0x3, 0xe0, 0xf0, 0x0, 0x78, 0x7c, 0x0,
    0x1e, 0x1e, 0x0, 0x7, 0x87, 0x80, 0x0, 0xf1,
    0xe0, 0x0, 0x3c, 0xf0, 0x0, 0xf, 0x3c, 0x0,
    0x3, 0xcf, 0x0, 0x0, 0x7b, 0xc0, 0x0, 0x1f,
    0xe0, 0x0, 0x7, 0xf8, 0x0, 0x0, 0xfe, 0x0,
    0x0, 0x3f, 0x0, 0x0, 0xf, 0xc0, 0x0,

    /* U+0057 "W" */
    0xf8, 0x0, 0x0, 0xff, 0x80, 0x0, 0xf, 0xf8,
    0x0, 0x1, 0xf7, 0x80, 0x0, 0x1f, 0x78, 0x0,
    0x1, 0xf7, 0x80, 0x0, 0x1e, 0x78, 0x0, 0x1,
    0xe7, 0x80, 0x0, 0x1e, 0x7c, 0x0, 0x1, 0xe7,
    0xc0, 0xf8, 0x1e, 0x3c, 0x1f, 0x81, 0xe3, 0xc1,
    0xf8, 0x3e, 0x3c, 0x1f, 0x83, 0xc3, 0xc1, 0xf8,
    0x3c, 0x3c, 0x1f, 0xc3, 0xc3, 0xc3, 0xdc, 0x3c,
    0x3c, 0x3d, 0xc3, 0xc1, 0xe3, 0x9c, 0x3c, 0x1e,
    0x39, 0xe3, 0xc1, 0xe3, 0x9e, 0x78, 0x1e, 0x78,
    0xe7, 0x81, 0xe7, 0xe, 0x78, 0x1e, 0x70, 0xe7,
    0x80, 0xe7, 0xf, 0x78, 0xe, 0xf0, 0x77, 0x80,
    0xfe, 0x7, 0x70, 0xf, 0xe0, 0x77, 0x0, 0xfe,
    0x7, 0x70, 0xf, 0xe0, 0x3f, 0x0, 0xfe, 0x3,
    0xf0, 0x7, 0xc0, 0x3f, 0x0, 0x7c, 0x3, 0xf0,
    0x7, 0xc0, 0x3e, 0x0, 0x7c, 0x1, 0xe0,

    /* U+0058 "X" */
    0x3e, 0x0, 0x3, 0xe1, 0xf0, 0x0, 0x7c, 0xf,
    0x0, 0x7, 0xc0, 0xf8, 0x0, 0xf8, 0x7, 0xc0,
    0x1f, 0x0, 0x7c, 0x1, 0xf0, 0x3, 0xe0, 0x3e,
    0x0, 0x1e, 0x3, 0xc0, 0x1, 0xf0, 0x7c, 0x0,
    0xf, 0x8f, 0x80, 0x0, 0xf8, 0xf0, 0x0, 0x7,
    0xdf, 0x0, 0x0, 0x3d, 0xe0, 0x0, 0x3, 0xfc,
    0x0, 0x0, 0x1f, 0xc0, 0x0, 0x0, 0xf8, 0x0,
    0x0, 0xf, 0x80, 0x0, 0x1, 0xfc, 0x0, 0x0,
    0x3f, 0xc0, 0x0, 0x3, 0xde, 0x0, 0x0, 0x7d,
    0xf0, 0x0, 0xf, 0x8f, 0x0, 0x0, 0xf8, 0xf8,
    0x0, 0x1f, 0x7, 0x80, 0x3, 0xe0, 0x7c, 0x0,
    0x3e, 0x3, 0xe0, 0x7, 0xc0, 0x1e, 0x0, 0x78,
    0x1, 0xf0, 0xf, 0x80, 0xf, 0x81, 0xf0, 0x0,
    0xf8, 0x1f, 0x0, 0x7, 0xc3, 0xe0, 0x0, 0x7c,
    0x7c, 0x0, 0x3, 0xe7, 0xc0, 0x0, 0x1f,

    /* U+0059 "Y" */
    0xf8, 0x0, 0x7, 0xdf, 0x0, 0x3, 0xe3, 0xc0,
    0x0, 0xf8, 0xf8, 0x0, 0x7c, 0x1e, 0x0, 0x1e,
    0x7, 0xc0, 0xf, 0x80, 0xf0, 0x3, 0xc0, 0x3e,
    0x1, 0xf0, 0x7, 0xc0, 0xf8, 0x0, 0xf0, 0x3c,
    0x0, 0x3e, 0x1f, 0x0, 0x7, 0x87, 0x80, 0x1,
    0xf3, 0xe0, 0x0, 0x3c, 0xf0, 0x0, 0x7, 0xf8,
    0x0, 0x1, 0xfe, 0x0, 0x0, 0x3f, 0x0, 0x0,
    0xf, 0xc0, 0x0, 0x1, 0xe0, 0x0, 0x0, 0x78,
    0x0, 0x0, 0x1e, 0x0, 0x0, 0x7, 0x80, 0x0,
    0x1, 0xe0, 0x0, 0x0, 0x78, 0x0, 0x0, 0x1e,
    0x0, 0x0, 0x7, 0x80, 0x0, 0x1, 0xe0, 0x0,
    0x0, 0x78, 0x0, 0x0, 0x1e, 0x0, 0x0, 0x7,
    0x80, 0x0, 0x1, 0xe0, 0x0, 0x0, 0x78, 0x0,
    0x0, 0x1e, 0x0, 0x0, 0x7, 0x80, 0x0,

    /* U+005A "Z" */
    0x7f, 0xff, 0xfe, 0xff, 0xff, 0xfd, 0xff, 0xff,
    0xf8, 0x0, 0x3, 0xf0, 0x0, 0x7, 0xc0, 0x0,
    0x1f, 0x0, 0x0, 0x3e, 0x0, 0x0, 0xf8, 0x0,
    0x3, 0xe0, 0x0, 0x7, 0xc0, 0x0, 0x1f, 0x0,
    0x0, 0x7e, 0x0, 0x0, 0xf8, 0x0, 0x3, 0xe0,
    0x0, 0x7, 0xc0, 0x0, 0x1f, 0x0, 0x0, 0x7c,
    0x0, 0x0, 0xf8, 0x0, 0x3, 0xe0, 0x0, 0xf,
    0xc0, 0x0, 0x1f, 0x0, 0x0, 0x7c, 0x0, 0x1,
    0xf8, 0x0, 0x3, 0xe0, 0x0, 0xf, 0x80, 0x0,
    0x1f, 0x0, 0x0, 0x7c, 0x0, 0x1, 0xf8, 0x0,
    0x3, 0xe0, 0x0, 0xf, 0x80, 0x0, 0x3f, 0x0,
    0x0, 0x7f, 0xff, 0xff, 0xff, 0xff, 0xff, 0xff,
    0xff, 0xfc,

    /* U+005B "[" */
    0xff, 0xff, 0xff, 0xff, 0xff, 0xff, 0x80, 0xf,
    0x0, 0x1e, 0x0, 0x3c, 0x0, 0x78, 0x0, 0xf0,
    0x1, 0xe0, 0x3, 0xc0, 0x7, 0x80, 0xf, 0x0,
    0x1e, 0x0, 0x3c, 0x0, 0x78, 0x0, 0xf0, 0x1,
    0xe0, 0x3, 0xc0, 0x7, 0x80, 0xf, 0x0, 0x1e,
    0x0, 0x3c, 0x0, 0x78, 0x0, 0xf0, 0x1, 0xe0,
    0x3, 0xc0, 0x7, 0x80, 0xf, 0x0, 0x1e, 0x0,
    0x3c, 0x0, 0x78, 0x0, 0xf0, 0x1, 0xe0, 0x3,
    0xc0, 0x7, 0x80, 0xf, 0x0, 0x1e, 0x0, 0x3c,
    0x0, 0x78, 0x0, 0xff, 0xff, 0xff, 0xff, 0xff,
    0xf8,

    /* U+005C "\\" */
    0xf8, 0x0, 0x1, 0xe0, 0x0, 0x7, 0xc0, 0x0,
    0xf, 0x0, 0x0, 0x3c, 0x0, 0x0, 0x78, 0x0,
    0x1, 0xe0, 0x0, 0x7, 0xc0, 0x0, 0xf, 0x0,
    0x0, 0x3e, 0x0, 0x0, 0x78, 0x0, 0x1, 0xf0,
    0x0, 0x3, 0xc0, 0x0, 0xf, 0x80, 0x0, 0x1e,
    0x0, 0x0, 0x7c, 0x0, 0x0, 0xf0, 0x0, 0x3,
    0xe0, 0x0, 0x7, 0x80, 0x0, 0x1f, 0x0, 0x0,
    0x3c, 0x0, 0x0, 0xf8, 0x0, 0x1, 0xe0, 0x0,
    0x7, 0x80, 0x0, 0xf, 0x0, 0x0, 0x3c, 0x0,
    0x0, 0x78, 0x0, 0x1, 0xe0, 0x0, 0x7, 0xc0,
    0x0, 0xf, 0x0, 0x0, 0x3e, 0x0, 0x0, 0x78,
    0x0, 0x1, 0xf0, 0x0, 0x3, 0xc0, 0x0, 0xf,
    0x80, 0x0, 0x1e, 0x0, 0x0, 0x7c, 0x0, 0x0,
    0xf0,

    /* U+005D "]" */
    0xff, 0xff, 0xff, 0xff, 0xff, 0xc0, 0xf, 0x0,
    0x3c, 0x0, 0xf0, 0x3, 0xc0, 0xf, 0x0, 0x3c,
    0x0, 0xf0, 0x3, 0xc0, 0xf, 0x0, 0x3c, 0x0,
    0xf0, 0x3, 0xc0, 0xf, 0x0, 0x3c, 0x0, 0xf0,
    0x3, 0xc0, 0xf, 0x0, 0x3c, 0x0, 0xf0, 0x3,
    0xc0, 0xf, 0x0, 0x3c, 0x0, 0xf0, 0x3, 0xc0,
    0xf, 0x0, 0x3c, 0x0, 0xf0, 0x3, 0xc0, 0xf,
    0x0, 0x3c, 0x0, 0xf0, 0x3, 0xc0, 0xf, 0x0,
    0x3c, 0x0, 0xf0, 0x3, 0xc0, 0xf, 0xff, 0xff,
    0xff, 0xff, 0xff, 0xc0,

    /* U+005E "^" */
    0x0, 0x3c, 0x0, 0x0, 0x3f, 0x0, 0x0, 0x3f,
    0xc0, 0x0, 0x1f, 0xf0, 0x0, 0x1f, 0xfc, 0x0,
    0x1f, 0x3e, 0x0, 0x1f, 0xf, 0x80, 0x1f, 0x3,
    0xe0, 0x1f, 0x0, 0xf8, 0xf, 0x0, 0x3e, 0xf,
    0x0, 0xf, 0x8f, 0x0, 0x3, 0xcf, 0x0, 0x0,
    0xf0,

    /* U+005F "_" */
    0xff, 0xff, 0xff, 0xff, 0xff, 0xff,

    /* U+0060 "`" */
    0xf8, 0xf, 0x80, 0xf0, 0xf, 0x0, 0xf0, 0xf,
    0x0, 0xf0, 0xe, 0x1, 0xe0,

    /* U+0061 "a" */
    0x0, 0x20, 0x0, 0x3f, 0xfc, 0x3, 0xff, 0xfc,
    0xf, 0xff, 0xf8, 0x38, 0x1, 0xf0, 0x80, 0x3,
    0xc0, 0x0, 0x7, 0x80, 0x0, 0x1e, 0x0, 0x0,
    0x78, 0x0, 0x1, 0xe0, 0x1f, 0xff, 0x83, 0xff,
    0xfe, 0x3f, 0xff, 0xf9, 0xfc, 0x1, 0xe7, 0xc0,
    0x7, 0xbe, 0x0, 0x1e, 0xf0, 0x0, 0x7b, 0xc0,
    0x1, 0xef, 0x0, 0xf, 0xbc, 0x0, 0x3e, 0xf0,
    0x1, 0xfb, 0xe0, 0xf, 0xe7, 0xc0, 0x7f, 0x8f,
    0xff, 0xcf, 0x1f, 0xfe, 0x3c, 0x3f, 0xf0, 0xf0,
    0x8, 0x0, 0x0,

    /* U+0062 "b" */
    0xf0, 0x0, 0x7, 0x80, 0x0, 0x3c, 0x0, 0x1,
    0xe0, 0x0, 0xf, 0x0, 0x0, 0x78, 0x0, 0x3,
    0xc0, 0x0, 0x1e, 0x0, 0x0, 0xf0, 0x0, 0x7,
    0x80, 0x0, 0x3c, 0x7f, 0xc1, 0xef, 0xff, 0xf,
    0xff, 0xfc, 0x7f, 0x1, 0xf3, 0xf0, 0x7, 0x9f,
    0x0, 0x1e, 0xf8, 0x0, 0xf7, 0xc0, 0x7, 0xbc,
    0x0, 0x1f, 0xe0, 0x0, 0xff, 0x0, 0x7, 0xf8,
    0x0, 0x3f, 0xc0, 0x1, 0xfe, 0x0, 0xf, 0xf0,
    0x0, 0x7f, 0x80, 0x3, 0xfc, 0x0, 0x1f, 0xf0,
    0x1, 0xef, 0x80, 0xf, 0x7c, 0x0, 0x7b, 0xf0,
    0x7, 0x9f, 0xc0, 0x7c, 0xff, 0xff, 0xc7, 0xbf,
    0xfc, 0x3c, 0x7f, 0xc0, 0x0, 0x40, 0x0,

    /* U+0063 "c" */
    0x0, 0x0, 0x0, 0x1f, 0xfc, 0x7, 0xff, 0xf0,
    0xff, 0xff, 0x1f, 0x0, 0x73, 0xe0, 0x1, 0x3c,
    0x0, 0x7, 0x80, 0x0, 0x78, 0x0, 0xf, 0x80,
    0x0, 0xf0, 0x0, 0xf, 0x0, 0x0, 0xf0, 0x0,
    0xf, 0x0, 0x0, 0xf0, 0x0, 0xf, 0x0, 0x0,
    0xf0, 0x0, 0xf, 0x80, 0x0, 0x78, 0x0, 0x7,
    0x80, 0x0, 0x3c, 0x0, 0x3, 0xe0, 0x1, 0x1f,
    0x0, 0x70, 0xff, 0xff, 0x7, 0xff, 0xf0, 0x1f,
    0xfe, 0x0, 0x8, 0x0,

    /* U+0064 "d" */
    0x0, 0x0, 0x78, 0x0, 0x3, 0xc0, 0x0, 0x1e,
    0x0, 0x0, 0xf0, 0x0, 0x7, 0x80, 0x0, 0x3c,
    0x0, 0x1, 0xe0, 0x0, 0xf, 0x0, 0x0, 0x78,
    0x0, 0x3, 0xc0, 0xff, 0x1e, 0x1f, 0xfe, 0xf1,
    0xff, 0xff, 0x9f, 0x1, 0xfc, 0xf0, 0x7, 0xef,
    0x0, 0x1f, 0x78, 0x0, 0xfb, 0xc0, 0x7, 0xfc,
    0x0, 0x1f, 0xe0, 0x0, 0xff, 0x0, 0x7, 0xf8,
    0x0, 0x3f, 0xc0, 0x1, 0xfe, 0x0, 0xf, 0xf0,
    0x0, 0x7f, 0x80, 0x3, 0xfc, 0x0, 0x1e, 0xf0,
    0x1, 0xf7, 0x80, 0xf, 0xbc, 0x0, 0x7c, 0xf0,
    0x7, 0xe7, 0xc0, 0x7f, 0x1f, 0xff, 0xf8, 0x7f,
    0xfb, 0xc1, 0xff, 0x1e, 0x0, 0xc0, 0x0,

    /* U+0065 "e" */
    0x0, 0x0, 0x0, 0x3, 0xff, 0x0, 0x1f, 0xff,
    0x80, 0x7f, 0xff, 0x81, 0xf0, 0xf, 0x87, 0xc0,
    0xf, 0x8f, 0x0, 0xf, 0x3c, 0x0, 0x1e, 0x78,
    0x0, 0x1f, 0xe0, 0x0, 0x3f, 0xc0, 0x0, 0x7f,
    0xff, 0xff, 0xff, 0xff, 0xff, 0xff, 0xff, 0xff,
    0xfc, 0x0, 0x0, 0x78, 0x0, 0x0, 0xf0, 0x0,
    0x1, 0xe0, 0x0, 0x1, 0xe0, 0x0, 0x3, 0xc0,
    0x0, 0x7, 0xc0, 0x0, 0x7, 0xc0, 0x0, 0x87,
    0xc0, 0xf, 0x7, 0xff, 0xfe, 0x7, 0xff, 0xfc,
    0x3, 0xff, 0xe0, 0x0, 0x30, 0x0,

    /* U+0066 "f" */
    0x0, 0x1f, 0xf0, 0x7, 0xff, 0x0, 0xff, 0xf0,
    0xf, 0x80, 0x1, 0xf0, 0x0, 0x1e, 0x0, 0x1,
    0xe0, 0x0, 0x1e, 0x0, 0x1, 0xe0, 0x0, 0x1e,
    0x0, 0xff, 0xff, 0xff, 0xff, 0xff, 0xff, 0xff,
    0xf0, 0x1e, 0x0, 0x1, 0xe0, 0x0, 0x1e, 0x0,
    0x1, 0xe0, 0x0, 0x1e, 0x0, 0x1, 0xe0, 0x0,
    0x1e, 0x0, 0x1, 0xe0, 0x0, 0x1e, 0x0, 0x1,
    0xe0, 0x0, 0x1e, 0x0, 0x1, 0xe0, 0x0, 0x1e,
    0x0, 0x1, 0xe0, 0x0, 0x1e, 0x0, 0x1, 0xe0,
    0x0, 0x1e, 0x0, 0x1, 0xe0, 0x0, 0x1e, 0x0,
    0x1, 0xe0, 0x0, 0x1e, 0x0, 0x1, 0xe0, 0x0,

    /* U+0067 "g" */
    0x0, 0x0, 0x0, 0x1f, 0xe3, 0xc3, 0xff, 0xde,
    0x3f, 0xff, 0xf3, 0xe0, 0x3f, 0x9e, 0x0, 0xfd,
    0xe0, 0x3, 0xef, 0x0, 0x1f, 0x78, 0x0, 0xff,
    0x80, 0x3, 0xfc, 0x0, 0x1f, 0xe0, 0x0, 0xff,
    0x0, 0x7, 0xf8, 0x0, 0x3f, 0xc0, 0x1, 0xfe,
    0x0, 0xf, 0xf0, 0x0, 0x7f, 0x80, 0x3, 0xde,
    0x0, 0x3e, 0xf0, 0x1, 0xf7, 0xc0, 0x1f, 0x9f,
    0x0, 0xfc, 0x7c, 0x1f, 0xe1, 0xff, 0xef, 0x7,
    0xfe, 0x78, 0xf, 0xc3, 0xc0, 0x0, 0x1e, 0x0,
    0x0, 0xf0, 0x0, 0x7, 0x80, 0x0, 0x78, 0x0,
    0x3, 0xc2, 0x0, 0x3c, 0x1e, 0x7, 0xe0, 0xff,
    0xfe, 0x7, 0xff, 0xe0, 0xf, 0xf8, 0x0,

    /* U+0068 "h" */
    0xf0, 0x0, 0xf, 0x0, 0x0, 0xf0, 0x0, 0xf,
    0x0, 0x0, 0xf0, 0x0, 0xf, 0x0, 0x0, 0xf0,
    0x0, 0xf, 0x0, 0x0, 0xf0, 0x0, 0xf, 0x0,
    0x0, 0xf1, 0xff, 0xf, 0x3f, 0xfc, 0xf7, 0xff,
    0xcf, 0xe0, 0x3e, 0xfc, 0x1, 0xef, 0x80, 0x1f,
    0xf8, 0x0, 0xff, 0x0, 0xf, 0xf0, 0x0, 0xff,
    0x0, 0xf, 0xf0, 0x0, 0xff, 0x0, 0xf, 0xf0,
    0x0, 0xff, 0x0, 0xf, 0xf0, 0x0, 0xff, 0x0,
    0xf, 0xf0, 0x0, 0xff, 0x0, 0xf, 0xf0, 0x0,
    0xff, 0x0, 0xf, 0xf0, 0x0, 0xff, 0x0, 0xf,
    0xf0, 0x0, 0xff, 0x0, 0xf, 0xf0, 0x0, 0xf0,

    /* U+0069 "i" */
    0x7, 0xc0, 0x0, 0xf8, 0x0, 0x1f, 0x0, 0x3,
    0xe0, 0x0, 0x7c, 0x0, 0x0, 0x0, 0x0, 0x0,
    0x0, 0x0, 0x0, 0x0, 0x0, 0x0, 0x0, 0x3,
    0xff, 0x0, 0x7f, 0xe0, 0xf, 0xfc, 0x0, 0x7,
    0x80, 0x0, 0xf0, 0x0, 0x1e, 0x0, 0x3, 0xc0,
    0x0, 0x78, 0x0, 0xf, 0x0, 0x1, 0xe0, 0x0,
    0x3c, 0x0, 0x7, 0x80, 0x0, 0xf0, 0x0, 0x1e,
    0x0, 0x3, 0xc0, 0x0, 0x78, 0x0, 0xf, 0x0,
    0x1, 0xe0, 0x0, 0x3c, 0x0, 0x7, 0x80, 0x0,
    0x78, 0x0, 0xf, 0x80, 0x0, 0xff, 0xe0, 0xf,
    0xfc, 0x0, 0x7f, 0x80,

    /* U+006A "j" */
    0x0, 0x7c, 0x1, 0xf0, 0x7, 0xc0, 0x1f, 0x0,
    0x7c, 0x0, 0x0, 0x0, 0x0, 0x0, 0x0, 0x0,
    0x0, 0x3, 0xff, 0xcf, 0xff, 0x3f, 0xfc, 0x0,
    0xf0, 0x3, 0xc0, 0xf, 0x0, 0x3c, 0x0, 0xf0,
    0x3, 0xc0, 0xf, 0x0, 0x3c, 0x0, 0xf0, 0x3,
    0xc0, 0xf, 0x0, 0x3c, 0x0, 0xf0, 0x3, 0xc0,
    0xf, 0x0, 0x3c, 0x0, 0xf0, 0x3, 0xc0, 0xf,
    0x0, 0x3c, 0x0, 0xf0, 0x3, 0xc0, 0xf, 0x0,
    0x3c, 0x0, 0xf0, 0x3, 0xc0, 0x1f, 0x0, 0x78,
    0x3, 0xef, 0xff, 0x3f, 0xf8, 0xff, 0x80,

    /* U+006B "k" */
    0xf0, 0x0, 0x3, 0xc0, 0x0, 0xf, 0x0, 0x0,
    0x3c, 0x0, 0x0, 0xf0, 0x0, 0x3, 0xc0, 0x0,
    0xf, 0x0, 0x0, 0x3c, 0x0, 0x0, 0xf0, 0x0,
    0x3, 0xc0, 0x0, 0xf, 0x0, 0x1f, 0x3c, 0x1,
    0xf8, 0xf0, 0xf, 0xc3, 0xc0, 0x7c, 0xf, 0x3,
    0xe0, 0x3c, 0x1f, 0x0, 0xf0, 0xf8, 0x3, 0xc7,
    0xc0, 0xf, 0x3e, 0x0, 0x3d, 0xf0, 0x0, 0xff,
    0xe0, 0x3, 0xff, 0xc0, 0xf, 0xff, 0x0, 0x3f,
    0x3e, 0x0, 0xf8, 0x7c, 0x3, 0xc0, 0xf8, 0xf,
    0x3, 0xe0, 0x3c, 0x7, 0xc0, 0xf0, 0xf, 0x83,
    0xc0, 0x1f, 0xf, 0x0, 0x7c, 0x3c, 0x0, 0xf8,
    0xf0, 0x1, 0xf3, 0xc0, 0x3, 0xef, 0x0, 0xf,
    0x80,

    /* U+006C "l" */
    0xff, 0xe0, 0x7, 0xff, 0x0, 0x3f, 0xf8, 0x0,
    0x3, 0xc0, 0x0, 0x1e, 0x0, 0x0, 0xf0, 0x0,
    0x7, 0x80, 0x0, 0x3c, 0x0, 0x1, 0xe0, 0x0,
    0xf, 0x0, 0x0, 0x78, 0x0, 0x3, 0xc0, 0x0,
    0x1e, 0x0, 0x0, 0xf0, 0x0, 0x7, 0x80, 0x0,
    0x3c, 0x0, 0x1, 0xe0, 0x0, 0xf, 0x0, 0x0,
    0x78, 0x0, 0x3, 0xc0, 0x0, 0x1e, 0x0, 0x0,
    0xf0, 0x0, 0x7, 0x80, 0x0, 0x3c, 0x0, 0x1,
    0xe0, 0x0, 0xf, 0x0, 0x0, 0x78, 0x0, 0x3,
    0xc0, 0x0, 0x1e, 0x0, 0x0, 0xf8, 0x0, 0x3,
    0xc0, 0x0, 0x1f, 0x0, 0x0, 0x7f, 0xf8, 0x1,
    0xff, 0xc0, 0x3, 0xfe,

    /* U+006D "m" */
    0x0, 0x0, 0x20, 0xf7, 0xf1, 0xfc, 0xff, 0xfb,
    0xfe, 0xff, 0xff, 0xfe, 0xf8, 0x7e, 0x1e, 0xf0,
    0x3c, 0xf, 0xf0, 0x3c, 0xf, 0xf0, 0x3c, 0xf,
    0xf0, 0x3c, 0xf, 0xf0, 0x3c, 0xf, 0xf0, 0x3c,
    0xf, 0xf0, 0x3c, 0xf, 0xf0, 0x3c, 0xf, 0xf0,
    0x3c, 0xf, 0xf0, 0x3c, 0xf, 0xf0, 0x3c, 0xf,
    0xf0, 0x3c, 0xf, 0xf0, 0x3c, 0xf, 0xf0, 0x3c,
    0xf, 0xf0, 0x3c, 0xf, 0xf0, 0x3c, 0xf, 0xf0,
    0x3c, 0xf, 0xf0, 0x3c, 0xf, 0xf0, 0x3c, 0xf,
    0xf0, 0x3c, 0xf, 0xf0, 0x3c, 0xf,

    /* U+006E "n" */
    0x0, 0x0, 0xf, 0x1f, 0xf0, 0xf3, 0xff, 0x8f,
    0x7f, 0xfc, 0xfe, 0x3, 0xef, 0xc0, 0x1e, 0xf8,
    0x1, 0xff, 0x80, 0xf, 0xf0, 0x0, 0xff, 0x0,
    0xf, 0xf0, 0x0, 0xff, 0x0, 0xf, 0xf0, 0x0,
    0xff, 0x0, 0xf, 0xf0, 0x0, 0xff, 0x0, 0xf,
    0xf0, 0x0, 0xff, 0x0, 0xf, 0xf0, 0x0, 0xff,
    0x0, 0xf, 0xf0, 0x0, 0xff, 0x0, 0xf, 0xf0,
    0x0, 0xff, 0x0, 0xf, 0xf0, 0x0, 0xff, 0x0,
    0xf,

    /* U+006F "o" */
    0x0, 0x0, 0x0, 0xf, 0xfc, 0x0, 0xff, 0xfc,
    0x7, 0xff, 0xf8, 0x3e, 0x1, 0xf0, 0xf0, 0x3,
    0xc7, 0xc0, 0xf, 0x9e, 0x0, 0x1e, 0x78, 0x0,
    0x7b, 0xc0, 0x0, 0xff, 0x0, 0x3, 0xfc, 0x0,
    0xf, 0xf0, 0x0, 0x3f, 0xc0, 0x0, 0xff, 0x0,
    0x3, 0xfc, 0x0, 0xf, 0xf0, 0x0, 0x3f, 0xc0,
    0x0, 0xf7, 0x80, 0x7, 0x9e, 0x0, 0x1e, 0x7c,
    0x0, 0xf8, 0xf0, 0x3, 0xc3, 0xe0, 0x1f, 0x7,
    0xff, 0xf8, 0xf, 0xff, 0xc0, 0xf, 0xfc, 0x0,
    0x3, 0x0, 0x0,

    /* U+0070 "p" */
    0x0, 0x0, 0x7, 0x8f, 0xf0, 0x3d, 0xff, 0xe1,
    0xff, 0xff, 0x8f, 0xe0, 0x3e, 0x7e, 0x0, 0xf3,
    0xe0, 0x3, 0xdf, 0x0, 0x1e, 0xf8, 0x0, 0xf7,
    0x80, 0x3, 0xfc, 0x0, 0x1f, 0xe0, 0x0, 0xff,
    0x0, 0x7, 0xf8, 0x0, 0x3f, 0xc0, 0x1, 0xfe,
    0x0, 0xf, 0xf0, 0x0, 0x7f, 0x80, 0x3, 0xfe,
    0x0, 0x3d, 0xf0, 0x1, 0xef, 0x80, 0xf, 0x7e,
    0x0, 0xf3, 0xf8, 0xf, 0x9f, 0xff, 0xf8, 0xf7,
    0xff, 0x87, 0x9f, 0xf0, 0x3c, 0xc, 0x1, 0xe0,
    0x0, 0xf, 0x0, 0x0, 0x78, 0x0, 0x3, 0xc0,
    0x0, 0x1e, 0x0, 0x0, 0xf0, 0x0, 0x7, 0x80,
    0x0, 0x3c, 0x0, 0x1, 0xe0, 0x0, 0x0,

    /* U+0071 "q" */
    0x0, 0x0, 0x0, 0x1f, 0xe3, 0xc3, 0xff, 0xde,
    0x3f, 0xff, 0xf3, 0xe0, 0x3f, 0x9e, 0x0, 0xfd,
    0xe0, 0x3, 0xef, 0x0, 0x1f, 0x78, 0x0, 0xff,
    0x80, 0x3, 0xfc, 0x0, 0x1f, 0xe0, 0x0, 0xff,
    0x0, 0x7, 0xf8, 0x0, 0x3f, 0xc0, 0x1, 0xfe,
    0x0, 0xf, 0xf0, 0x0, 0x7f, 0x80, 0x3, 0xde,
    0x0, 0x3e, 0xf0, 0x1, 0xf7, 0x80, 0xf, 0x9e,
    0x0, 0xfc, 0xf8, 0xf, 0xe3, 0xff, 0xff, 0xf,
    0xff, 0x78, 0x3f, 0xe3, 0xc0, 0x18, 0x1e, 0x0,
    0x0, 0xf0, 0x0, 0x7, 0x80, 0x0, 0x3c, 0x0,
    0x1, 0xe0, 0x0, 0xf, 0x0, 0x0, 0x78, 0x0,
    0x3, 0xc0, 0x0, 0x1e, 0x0, 0x0, 0xf0,

    /* U+0072 "r" */
    0x0, 0x8, 0x3c, 0x3f, 0xef, 0x3f, 0xff, 0xdf,
    0xff, 0xff, 0x0, 0xff, 0x80, 0xf, 0xc0, 0x3,
    0xe0, 0x0, 0xf8, 0x0, 0x3c, 0x0, 0xf, 0x0,
    0x3, 0xc0, 0x0, 0xf0, 0x0, 0x3c, 0x0, 0xf,
    0x0, 0x3, 0xc0, 0x0, 0xf0, 0x0, 0x3c, 0x0,
    0xf, 0x0, 0x3, 0xc0, 0x0, 0xf0, 0x0, 0x3c,
    0x0, 0xf, 0x0, 0x3, 0xc0, 0x0, 0xf0, 0x0,
    0x3c, 0x0, 0x0,

    /* U+0073 "s" */
    0x0, 0x0, 0x1, 0xff, 0xf0, 0x7f, 0xff, 0x3f,
    0xff, 0xe7, 0x80, 0x1d, 0xe0, 0x0, 0x3c, 0x0,
    0x7, 0x80, 0x0, 0xf0, 0x0, 0x1f, 0x0, 0x3,
    0xf8, 0x0, 0x3f, 0xf8, 0x3, 0xff, 0xe0, 0x3f,
    0xff, 0x1, 0xff, 0xf0, 0x1, 0xfe, 0x0, 0x7,
    0xe0, 0x0, 0x7c, 0x0, 0x7, 0x80, 0x0, 0xf0,
    0x0, 0x1f, 0x0, 0x7, 0xb8, 0x1, 0xf7, 0xff,
    0xfc, 0xff, 0xff, 0xf, 0xff, 0x80, 0x2, 0x0,
    0x0,

    /* U+0074 "t" */
    0x0, 0x60, 0x0, 0xf, 0x0, 0x0, 0x78, 0x0,
    0x3, 0xc0, 0x0, 0x1e, 0x0, 0x0, 0xf0, 0x0,
    0x7, 0x80, 0x0, 0x3c, 0x0, 0xff, 0xff, 0xff,
    0xff, 0xff, 0xff, 0xff, 0xfe, 0x3, 0xc0, 0x0,
    0x1e, 0x0, 0x0, 0xf0, 0x0, 0x7, 0x80, 0x0,
    0x3c, 0x0, 0x1, 0xe0, 0x0, 0xf, 0x0, 0x0,
    0x78, 0x0, 0x3, 0xc0, 0x0, 0x1e, 0x0, 0x0,
    0xf0, 0x0, 0x7, 0x80, 0x0, 0x3c, 0x0, 0x1,
    0xe0, 0x0, 0xf, 0x0, 0x0, 0x78, 0x0, 0x3,
    0xc0, 0x0, 0x1f, 0x0, 0x0, 0x7c, 0x0, 0x3,
    0xff, 0xe0, 0xf, 0xff, 0x0, 0xf, 0xf8,

    /* U+0075 "u" */
    0xf0, 0x0, 0xff, 0x0, 0xf, 0xf0, 0x0, 0xff,
    0x0, 0xf, 0xf0, 0x0, 0xff, 0x0, 0xf, 0xf0,
    0x0, 0xff, 0x0, 0xf, 0xf0, 0x0, 0xff, 0x0,
    0xf, 0xf0, 0x0, 0xff, 0x0, 0xf, 0xf0, 0x0,
    0xff, 0x0, 0xf, 0xf0, 0x0, 0xff, 0x0, 0xf,
    0xf0, 0x0, 0xff, 0x0, 0xf, 0xf0, 0x1, 0xff,
    0x80, 0x1f, 0x78, 0x3, 0xf7, 0xc0, 0x7f, 0x3f,
    0xfe, 0xf3, 0xff, 0xcf, 0xf, 0xf8, 0xf0, 0x18,
    0x0,

    /* U+0076 "v" */
    0xf8, 0x0, 0x1f, 0x78, 0x0, 0x1e, 0x7c, 0x0,
    0x1e, 0x3c, 0x0, 0x3e, 0x3c, 0x0, 0x3c, 0x3e,
    0x0, 0x3c, 0x1e, 0x0, 0x7c, 0x1e, 0x0, 0x78,
    0x1f, 0x0, 0x78, 0xf, 0x0, 0xf8, 0xf, 0x0,
    0xf0, 0xf, 0x80, 0xf0, 0x7, 0x81, 0xe0, 0x7,
    0x81, 0xe0, 0x3, 0xc3, 0xe0, 0x3, 0xc3, 0xc0,
    0x3, 0xe3, 0xc0, 0x1, 0xe7, 0xc0, 0x1, 0xe7,
    0x80, 0x1, 0xf7, 0x80, 0x0, 0xff, 0x80, 0x0,
    0xff, 0x0, 0x0, 0x7f, 0x0, 0x0, 0x7e, 0x0,
    0x0, 0x7e, 0x0,

    /* U+0077 "w" */
    0xf0, 0x0, 0x0, 0xff, 0x80, 0x0, 0xf, 0x78,
    0x0, 0x0, 0xf7, 0x80, 0x0, 0x1e, 0x78, 0x0,
    0x1, 0xe7, 0x80, 0x0, 0x1e, 0x3c, 0x0, 0x1,
    0xe3, 0xc0, 0xf0, 0x3e, 0x3c, 0xf, 0x3, 0xc3,
    0xc0, 0xf8, 0x3c, 0x1e, 0x1f, 0x83, 0xc1, 0xe1,
    0xf8, 0x3c, 0x1e, 0x1f, 0x87, 0x81, 0xe1, 0x9c,
    0x78, 0x1e, 0x39, 0xc7, 0x80, 0xf3, 0x9c, 0x78,
    0xf, 0x38, 0xef, 0x0, 0xf7, 0xe, 0xf0, 0xf,
    0x70, 0xef, 0x0, 0x7f, 0x6, 0xf0, 0x7, 0xe0,
    0x7e, 0x0, 0x7e, 0x7, 0xe0, 0x7, 0xe0, 0x7e,
    0x0, 0x3e, 0x3, 0xe0, 0x3, 0xc0, 0x3c, 0x0,

    /* U+0078 "x" */
    0x7c, 0x0, 0x1e, 0x1e, 0x0, 0x1f, 0x7, 0x80,
    0x1f, 0x3, 0xe0, 0x1f, 0x0, 0xf8, 0xf, 0x0,
    0x3c, 0xf, 0x0, 0xf, 0xf, 0x80, 0x7, 0xcf,
    0x80, 0x1, 0xf7, 0x80, 0x0, 0x7f, 0x80, 0x0,
    0x1f, 0xc0, 0x0, 0xf, 0xc0, 0x0, 0x7, 0xe0,
    0x0, 0x3, 0xf8, 0x0, 0x3, 0xfc, 0x0, 0x3,
    0xef, 0x0, 0x3, 0xe7, 0xc0, 0x1, 0xe1, 0xf0,
    0x1, 0xf0, 0x7c, 0x1, 0xf0, 0x1e, 0x1, 0xf0,
    0xf, 0x81, 0xf0, 0x3, 0xe0, 0xf8, 0x0, 0xf8,
    0xf8, 0x0, 0x3c, 0xf8, 0x0, 0x1f, 0x0,

    /* U+0079 "y" */
    0xf8, 0x0, 0xf, 0x78, 0x0, 0x1f, 0x7c, 0x0,
    0x1e, 0x3c, 0x0, 0x3e, 0x3c, 0x0, 0x3c, 0x3e,
    0x0, 0x3c, 0x1e, 0x0, 0x7c, 0x1e, 0x0, 0x78,
    0x1f, 0x0, 0x78, 0xf, 0x0, 0xf8, 0xf, 0x80,
    0xf0, 0x7, 0x81, 0xf0, 0x7, 0x81, 0xe0, 0x7,
    0xc1, 0xe0, 0x3, 0xc3, 0xe0, 0x3, 0xe3, 0xc0,
    0x1, 0xe3, 0xc0, 0x1, 0xe7, 0x80, 0x1, 0xf7,
    0x80, 0x0, 0xff, 0x80, 0x0, 0xff, 0x0, 0x0,
    0x7f, 0x0, 0x0, 0x7e, 0x0, 0x0, 0x7e, 0x0,
    0x0, 0x3e, 0x0, 0x0, 0x3c, 0x0, 0x0, 0x3c,
    0x0, 0x0, 0x7c, 0x0, 0x0, 0x78, 0x0, 0x0,
    0xf8, 0x0, 0x0, 0xf0, 0x0, 0x1, 0xf0, 0x0,
    0x3f, 0xe0, 0x0, 0x3f, 0xc0, 0x0, 0x3f, 0x0,
    0x0,

    /* U+007A "z" */
    0xff, 0xff, 0xff, 0xff, 0xff, 0xff, 0xff, 0x80,
    0x1, 0xf0, 0x0, 0x7c, 0x0, 0x1f, 0x0, 0x3,
    0xe0, 0x0, 0xf8, 0x0, 0x3e, 0x0, 0xf, 0x80,
    0x1, 0xe0, 0x0, 0x7c, 0x0, 0x1f, 0x0, 0x7,
    0xc0, 0x1, 0xf0, 0x0, 0x3c, 0x0, 0xf, 0x0,
    0x3, 0xe0, 0x0, 0xf8, 0x0, 0x1e, 0x0, 0x7,
    0x80, 0x1, 0xe0, 0x0, 0x3f, 0xff, 0xff, 0xff,
    0xff, 0xff, 0xff, 0xe0,

    /* U+007B "{" */
    0x0, 0x7, 0xf0, 0x1, 0xff, 0x0, 0x3f, 0xf0,
    0x3, 0xe0, 0x0, 0x7c, 0x0, 0x7, 0x80, 0x0,
    0x78, 0x0, 0x7, 0x80, 0x0, 0x78, 0x0, 0x7,
    0x80, 0x0, 0x78, 0x0, 0x7, 0x80, 0x0, 0x78,
    0x0, 0x7, 0x80, 0x0, 0x78, 0x0, 0x7, 0x80,
    0x0, 0x78, 0x0, 0xf, 0x80, 0x0, 0xf0, 0x0,
    0x3f, 0x0, 0xff, 0xe0, 0xf, 0xf8, 0x0, 0xff,
    0xe0, 0x0, 0x3f, 0x0, 0x0, 0xf0, 0x0, 0xf,
    0x80, 0x0, 0x78, 0x0, 0x7, 0x80, 0x0, 0x78,
    0x0, 0x7, 0x80, 0x0, 0x78, 0x0, 0x7, 0x80,
    0x0, 0x78, 0x0, 0x7, 0x80, 0x0, 0x78, 0x0,
    0x7, 0x80, 0x0, 0x78, 0x0, 0x7, 0x80, 0x0,
    0x7c, 0x0, 0x3, 0xe0, 0x0, 0x3f, 0xf0, 0x1,
    0xff, 0x0, 0x7, 0xf0,

    /* U+007C "|" */
    0xff, 0xff, 0xff, 0xff, 0xff, 0xff, 0xff, 0xff,
    0xff, 0xff, 0xff, 0xff, 0xff, 0xff, 0xff, 0xff,
    0xff, 0xff, 0xff, 0xff, 0xff, 0xff, 0xff, 0xf0,

    /* U+007D "}" */
    0xfe, 0x0, 0xf, 0xf8, 0x0, 0xff, 0xc0, 0x0,
    0x7c, 0x0, 0x3, 0xe0, 0x0, 0x1e, 0x0, 0x1,
    0xe0, 0x0, 0x1e, 0x0, 0x1, 0xe0, 0x0, 0x1e,
    0x0, 0x1, 0xe0, 0x0, 0x1e, 0x0, 0x1, 0xe0,
    0x0, 0x1e, 0x0, 0x1, 0xe0, 0x0, 0x1e, 0x0,
    0x1, 0xe0, 0x0, 0x1f, 0x0, 0x0, 0xf8, 0x0,
    0xf, 0xe0, 0x0, 0x7f, 0xf0, 0x1, 0xff, 0x0,
    0x7f, 0xf0, 0xf, 0xe0, 0x0, 0xf8, 0x0, 0x1f,
    0x0, 0x1, 0xe0, 0x0, 0x1e, 0x0, 0x1, 0xe0,
    0x0, 0x1e, 0x0, 0x1, 0xe0, 0x0, 0x1e, 0x0,
    0x1, 0xe0, 0x0, 0x1e, 0x0, 0x1, 0xe0, 0x0,
    0x1e, 0x0, 0x1, 0xe0, 0x0, 0x1e, 0x0, 0x3,
    0xe0, 0x0, 0x7c, 0x0, 0xff, 0xc0, 0xf, 0xf8,
    0x0, 0xfe, 0x0, 0x0,

    /* U+007E "~" */
    0xf, 0x80, 0x7, 0x8f, 0xf0, 0x3, 0xcf, 0xfc,
    0x1, 0xef, 0x8f, 0x0, 0xf7, 0x83, 0x80, 0x7b,
    0xc0, 0xe0, 0x7b, 0xc0, 0x78, 0x3d, 0xe0, 0x1e,
    0x3e, 0xf0, 0x7, 0xfe, 0x78, 0x1, 0xfe, 0x3c,
    0x0, 0x7e, 0x0,

    /* U+00A0 " " */
    0x0,

    /* U+00A1 "¡" */
    0x38, 0xfb, 0xff, 0xff, 0xff, 0xdf, 0x1c, 0x0,
    0x0, 0x0, 0x0, 0x3, 0x87, 0x1e, 0x3c, 0x78,
    0xf1, 0xe3, 0xc7, 0x9f, 0xbf, 0x7e, 0xfd, 0xfb,
    0xf7, 0xef, 0xdf, 0xbf, 0x7e, 0xfd, 0xfb, 0xf0,

    /* U+00A2 "¢" */
    0x0, 0x18, 0x0, 0x1, 0x80, 0x0, 0x18, 0x0,
    0x1, 0x80, 0x0, 0x18, 0x0, 0x1, 0x80, 0x0,
    0x18, 0x0, 0xf, 0xf0, 0x3, 0xff, 0xe0, 0x7f,
    0xff, 0xf, 0xff, 0xf1, 0xf1, 0x87, 0x3e, 0x18,
    0x17, 0xc1, 0x80, 0x78, 0x18, 0x7, 0x81, 0x80,
    0xf8, 0x18, 0xf, 0x1, 0x80, 0xf0, 0x18, 0xf,
    0x1, 0x80, 0xf0, 0x18, 0xf, 0x1, 0x80, 0xf0,
    0x18, 0xf, 0x1, 0x80, 0x78, 0x18, 0x7, 0x81,
    0x80, 0x78, 0x18, 0x3, 0xc1, 0x80, 0x3e, 0x18,
    0x11, 0xf1, 0x87, 0xf, 0xff, 0xf0, 0x7f, 0xff,
    0x1, 0xff, 0xe0, 0x1, 0x80, 0x0, 0x18, 0x0,
    0x1, 0x80, 0x0, 0x18, 0x0, 0x1, 0x80, 0x0,
    0x18, 0x0, 0x1, 0x80,

    /* U+00A3 "£" */
    0x0, 0x0, 0x0, 0x0, 0x7f, 0xe0, 0x7, 0xff,
    0xc0, 0x3f, 0xff, 0x0, 0xf8, 0xc, 0x7, 0xc0,
    0x0, 0x1e, 0x0, 0x0, 0xf8, 0x0, 0x3, 0xc0,
    0x0, 0xf, 0x0, 0x0, 0x3c, 0x0, 0x0, 0xf0,
    0x0, 0x3, 0xc0, 0x0, 0xf, 0x0, 0x0, 0x3c,
    0x0, 0x0, 0xf0, 0x0, 0x3, 0xc0, 0x1, 0xff,
    0xff, 0x87, 0xff, 0xfe, 0x1f, 0xff, 0xf8, 0x3,
    0xc0, 0x0, 0xf, 0x0, 0x0, 0x3c, 0x0, 0x0,
    0xf0, 0x0, 0x3, 0xc0, 0x0, 0xf, 0x0, 0x0,
    0x3c, 0x0, 0x0, 0xf0, 0x0, 0x3, 0xc0, 0x0,
    0xf, 0x0, 0x0, 0x3c, 0x0, 0x0, 0xf0, 0x0,
    0xff, 0xff, 0xff, 0xff, 0xff, 0xff, 0xff, 0xff,
    0xc0,

    /* U+00A4 "¤" */
    0x60, 0x0, 0x6f, 0x0, 0xf, 0xf9, 0xf9, 0xf7,
    0xff, 0xfe, 0x3f, 0xff, 0xc1, 0xf0, 0xf8, 0x1c,
    0x3, 0x83, 0xc0, 0x3c, 0x38, 0x1, 0xc3, 0x80,
    0x1c, 0x38, 0x1, 0xc3, 0x80, 0x1c, 0x3c, 0x3,
    0xc1, 0xc0, 0x38, 0x1f, 0xf, 0x83, 0xff, 0xfc,
    0x7f, 0xff, 0xef, 0x9f, 0x9f, 0xf0, 0x0, 0xf6,
    0x0, 0x6,

    /* U+00A5 "¥" */
    0xf8, 0x0, 0x7, 0xcf, 0x80, 0x0, 0xf8, 0xf0,
    0x0, 0x3e, 0x1f, 0x0, 0x7, 0xc1, 0xf0, 0x1,
    0xf0, 0x3e, 0x0, 0x7c, 0x3, 0xe0, 0xf, 0x80,
    0x7c, 0x3, 0xe0, 0x7, 0xc0, 0x7c, 0x0, 0x78,
    0x1f, 0x0, 0xf, 0x87, 0xc0, 0x0, 0xf0, 0xf8,
    0x0, 0x1f, 0x3e, 0x0, 0x7f, 0xe7, 0xff, 0xf,
    0xff, 0xff, 0xe0, 0x3, 0xfc, 0x0, 0x0, 0x3f,
    0x0, 0x0, 0x7, 0xe0, 0x0, 0x0, 0x78, 0x0,
    0x0, 0xf, 0x0, 0x3, 0xff, 0xff, 0xf8, 0x7f,
    0xff, 0xff, 0x0, 0x7, 0x80, 0x0, 0x0, 0xf0,
    0x0, 0x0, 0x1e, 0x0, 0x0, 0x3, 0xc0, 0x0,
    0x0, 0x78, 0x0, 0x0, 0xf, 0x0, 0x0, 0x1,
    0xe0, 0x0, 0x0, 0x3c, 0x0, 0x0, 0x7, 0x80,
    0x0, 0x0, 0xf0, 0x0, 0x0, 0x1e, 0x0, 0x0,
    0x3, 0xc0, 0x0,

    /* U+00A6 "¦" */
    0xff, 0xff, 0xff, 0xff, 0xff, 0xff, 0xff, 0xff,
    0xf0, 0x0, 0x0, 0xf, 0xff, 0xff, 0xff, 0xff,
    0xff, 0xff, 0xff, 0xff,

    /* U+00A7 "§" */
    0x0, 0x20, 0x0, 0xff, 0xe0, 0x3f, 0xfe, 0xf,
    0xff, 0xc3, 0xe0, 0x18, 0x78, 0x0, 0xf, 0x0,
    0x1, 0xe0, 0x0, 0x3e, 0x0, 0x3, 0xe0, 0x0,
    0x7e, 0x0, 0x7, 0xe0, 0x1, 0xff, 0x0, 0x7f,
    0xf8, 0x1f, 0x3f, 0x83, 0xc1, 0xf8, 0xf0, 0xf,
    0x9e, 0x0, 0xfb, 0xc0, 0xf, 0xf8, 0x0, 0xff,
    0x80, 0x1e, 0xf8, 0x3, 0xcf, 0xc0, 0x78, 0xfc,
    0x1e, 0xf, 0xe7, 0xc0, 0x7f, 0xf0, 0x7, 0xfc,
    0x0, 0x3f, 0x0, 0x1, 0xf0, 0x0, 0x1f, 0x0,
    0x1, 0xf0, 0x0, 0x1e, 0x0, 0x3, 0xc0, 0x0,
    0x78, 0x80, 0x1f, 0x1e, 0x7, 0xc3, 0xff, 0xf0,
    0x7f, 0xfc, 0x1, 0xfe, 0x0,

    /* U+00A8 "¨" */
    0xf0, 0x7f, 0x83, 0xfc, 0x1e,

    /* U+00A9 "©" */
    0x0, 0x3f, 0xc0, 0x0, 0xf, 0xff, 0x0, 0x3,
    0xc0, 0x3c, 0x0, 0x70, 0x0, 0xe0, 0xe, 0x0,
    0x7, 0x1, 0xc0, 0x0, 0x38, 0x38, 0x1f, 0xe1,
    0xc3, 0x7, 0xff, 0xc, 0x60, 0xf0, 0x30, 0x66,
    0x1e, 0x0, 0x6, 0xe1, 0xc0, 0x0, 0x7c, 0x38,
    0x0, 0x3, 0xc3, 0x80, 0x0, 0x3c, 0x38, 0x0,
    0x3, 0xc3, 0x80, 0x0, 0x3c, 0x38, 0x0, 0x3,
    0xc3, 0x80, 0x0, 0x3e, 0x1c, 0x0, 0x7, 0x61,
    0xe0, 0x0, 0x66, 0xf, 0x3, 0x6, 0x30, 0x7f,
    0xf0, 0xc3, 0x81, 0xfe, 0x1c, 0x1c, 0x0, 0x3,
    0x80, 0xe0, 0x0, 0x70, 0x7, 0x0, 0xe, 0x0,
    0x3e, 0x7, 0xc0, 0x0, 0xff, 0xf0, 0x0, 0x3,
    0xfc, 0x0,

    /* U+00AA "ª" */
    0xf, 0xf0, 0x3f, 0xfc, 0x38, 0x3e, 0x20, 0xe,
    0x0, 0x7, 0x0, 0x7, 0x0, 0x7, 0xf, 0xff,
    0x3f, 0xff, 0x7c, 0x7, 0xf8, 0x7, 0xf0, 0x7,
    0xf0, 0x7, 0xf0, 0xf, 0xf8, 0x1f, 0x7c, 0x3f,
    0x3f, 0xf7, 0xf, 0xc7, 0x0, 0x0, 0x0, 0x0,
    0x0, 0x0, 0x7f, 0xff, 0x7f, 0xff, 0x7f, 0xff,

    /* U+00AB "«" */
    0x0, 0x20, 0x8, 0x3, 0x0, 0xc0, 0x38, 0xe,
    0x3, 0xc0, 0xf0, 0x3e, 0xf, 0x83, 0xe0, 0xf8,
    0x7c, 0xf, 0x87, 0xc0, 0xf8, 0x7c, 0xf, 0x7,
    0xc1, 0xf0, 0x3c, 0xf, 0x1, 0xf0, 0x3e, 0x7,
    0xc0, 0xf8, 0xf, 0x83, 0xe0, 0x3e, 0xf, 0x80,
    0xf8, 0x3e, 0x3, 0xe0, 0xf8, 0xf, 0x3, 0xc0,
    0x38, 0xe, 0x0, 0xc0, 0x10, 0x0, 0x0, 0x0,

    /* U+00AC "¬" */
    0xff, 0xff, 0xff, 0xff, 0xff, 0xff, 0xff, 0xff,
    0xff, 0xe0, 0x0, 0x0, 0xf0, 0x0, 0x0, 0x78,
    0x0, 0x0, 0x3c, 0x0, 0x0, 0x1e, 0x0, 0x0,
    0xf, 0x0, 0x0, 0x7, 0x80, 0x0, 0x3, 0xc0,

    /* U+00AD "­" */
    0xff, 0xff, 0xff, 0xff, 0xf0,

    /* U+00AE "®" */
    0x0, 0x3f, 0xc0, 0x0, 0xf, 0xff, 0x0, 0x3,
    0xc0, 0x3c, 0x0, 0x70, 0x0, 0xe0, 0xe, 0x0,
    0x7, 0x1, 0xc0, 0x0, 0x38, 0x38, 0xff, 0x81,
    0xc3, 0xf, 0xfe, 0xc, 0x60, 0xe0, 0xf0, 0x66,
    0xe, 0x7, 0x6, 0xe0, 0xe0, 0x70, 0x7c, 0xe,
    0x7, 0x3, 0xc0, 0xe0, 0xe0, 0x3c, 0xf, 0xfe,
    0x3, 0xc0, 0xff, 0x0, 0x3c, 0xe, 0x38, 0x3,
    0xc0, 0xe1, 0xc0, 0x3e, 0xe, 0xe, 0x7, 0x60,
    0xe0, 0xe0, 0x66, 0xe, 0x7, 0x6, 0x30, 0xe0,
    0x78, 0xc3, 0x8e, 0x3, 0x9c, 0x1c, 0x0, 0x3,
    0x80, 0xe0, 0x0, 0x70, 0x7, 0x0, 0xe, 0x0,
    0x3e, 0x7, 0xc0, 0x0, 0xff, 0xf0, 0x0, 0x3,
    0xfc, 0x0,

    /* U+00AF "¯" */
    0xff, 0xff, 0xff, 0xff, 0xff, 0xc0,

    /* U+00B0 "°" */
    0x7, 0xc0, 0x3f, 0xe0, 0xff, 0xe3, 0xc1, 0xef,
    0x1, 0xdc, 0x1, 0xf8, 0x3, 0xf0, 0x7, 0xe0,
    0xf, 0xe0, 0x3d, 0xe0, 0xf1, 0xff, 0xc1, 0xff,
    0x1, 0xf8, 0x0,

    /* U+00B1 "±" */
    0x0, 0x3c, 0x0, 0x0, 0x3c, 0x0, 0x0, 0x3c,
    0x0, 0x0, 0x3c, 0x0, 0x0, 0x3c, 0x0, 0x0,
    0x3c, 0x0, 0x0, 0x3c, 0x0, 0x0, 0x3c, 0x0,
    0xff, 0xff, 0xff, 0xff, 0xff, 0xff, 0xff, 0xff,
    0xff, 0x0, 0x3c, 0x0, 0x0, 0x3c, 0x0, 0x0,
    0x3c, 0x0, 0x0, 0x3c, 0x0, 0x0, 0x3c, 0x0,
    0x0, 0x3c, 0x0, 0x0, 0x3c, 0x0, 0x0, 0x3c,
    0x0, 0x0, 0x0, 0x0, 0x0, 0x0, 0x0, 0x0,
    0x0, 0x0, 0x0, 0x0, 0x0, 0x0, 0x0, 0x0,
    0xff, 0xff, 0xff, 0xff, 0xff, 0xff, 0xff, 0xff,
    0xff,

    /* U+00B2 "²" */
    0x0, 0x7, 0xfe, 0x3f, 0xf9, 0x1, 0xe0, 0x7,
    0x80, 0x3c, 0x1, 0xe0, 0xf, 0x0, 0xf0, 0x7,
    0x80, 0x78, 0x7, 0x80, 0x78, 0x7, 0x80, 0x78,
    0x7, 0x80, 0x78, 0x3, 0x80, 0x3f, 0xff, 0xff,
    0xf0,

    /* U+00B3 "³" */
    0x2, 0x1, 0xff, 0xc7, 0xff, 0x80, 0x1f, 0x0,
    0x3c, 0x0, 0xf0, 0x3, 0xc0, 0x3e, 0xf, 0xe0,
    0x3f, 0x80, 0xf, 0x80, 0x1e, 0x0, 0x3c, 0x0,
    0xf0, 0x3, 0xc0, 0xf, 0x0, 0x7b, 0x3, 0xef,
    0xff, 0x1f, 0xe0,

    /* U+00B4 "´" */
    0x3, 0xe0, 0x78, 0x1e, 0x7, 0x81, 0xe0, 0x3c,
    0xf, 0x3, 0xc0, 0xf0, 0x0,

    /* U+00B5 "µ" */
    0xf0, 0x0, 0xf1, 0xe0, 0x1, 0xe3, 0xc0, 0x3,
    0xc7, 0x80, 0x7, 0x8f, 0x0, 0xf, 0x1e, 0x0,
    0x1e, 0x3c, 0x0, 0x3c, 0x78, 0x0, 0x78, 0xf0,
    0x0, 0xf1, 0xe0, 0x1, 0xe3, 0xc0, 0x3, 0xc7,
    0x80, 0x7, 0x8f, 0x0, 0xf, 0x1e, 0x0, 0x1e,
    0x3c, 0x0, 0x3c, 0x78, 0x0, 0x78, 0xf0, 0x0,
    0xf1, 0xe0, 0x1, 0xe3, 0xc0, 0x7, 0xc7, 0xc0,
    0xf, 0x8f, 0x80, 0x3f, 0x1f, 0x80, 0xfe, 0x3f,
    0xff, 0xff, 0xff, 0xff, 0xbf, 0xf3, 0xfc, 0x7f,
    0xe0, 0xc0, 0x23, 0xc0, 0x0, 0x7, 0x80, 0x0,
    0xf, 0x0, 0x0, 0x1e, 0x0, 0x0, 0x3c, 0x0,
    0x0, 0x78, 0x0, 0x0, 0xf0, 0x0, 0x1, 0xe0,
    0x0, 0x3, 0xc0, 0x0, 0x0,

    /* U+00B6 "¶" */
    0x0, 0xff, 0xfc, 0x1f, 0xff, 0xf0, 0xff, 0xff,
    0xc7, 0xff, 0x7, 0x3f, 0xfc, 0x1d, 0xff, 0xf0,
    0x77, 0xff, 0xc1, 0xdf, 0xff, 0x7, 0x7f, 0xfc,
    0x1f, 0xff, 0xf0, 0x77, 0xff, 0xc1, 0xdf, 0xff,
    0x7, 0x7f, 0xfc, 0x1d, 0xff, 0xf0, 0x73, 0xff,
    0xc1, 0xcf, 0xff, 0x7, 0x1f, 0xfc, 0x1c, 0x1f,
    0xf0, 0x70, 0x1f, 0xc1, 0xc0, 0x7, 0x7, 0x0,
    0x1c, 0x1c, 0x0, 0x70, 0x70, 0x1, 0xc1, 0xc0,
    0x7, 0x7, 0x0, 0x1c, 0x1c, 0x0, 0x70, 0x70,
    0x1, 0xc1, 0xc0, 0x7, 0x7, 0x0, 0x1c, 0x1c,
    0x0, 0x70, 0x70, 0x1, 0xc1, 0xc0, 0x7, 0x7,
    0x0, 0x1c, 0x1c, 0x0, 0x70, 0x70, 0x1, 0xc1,
    0xc0, 0x7, 0x7, 0x0, 0x1c, 0x1c, 0x0, 0x70,
    0x70, 0x1, 0xc1, 0xc0,

    /* U+00B7 "·" */
    0x38, 0xfb, 0xff, 0xff, 0xef, 0x8e, 0x0,

    /* U+00B8 "¸" */
    0x7, 0x0, 0xe0, 0x18, 0x7, 0x1, 0xe0, 0xff,
    0xff, 0xfe, 0x7f, 0x0,

    /* U+00B9 "¹" */
    0x1f, 0x83, 0xfe, 0xf, 0xf8, 0x20, 0xe0, 0x3,
    0x80, 0xe, 0x0, 0x38, 0x0, 0xe0, 0x3, 0x80,
    0xe, 0x0, 0x38, 0x0, 0xe0, 0x3, 0x80, 0xe,
    0x0, 0x38, 0x0, 0xe0, 0x3, 0x81, 0xff, 0xf7,
    0xff, 0xc0,

    /* U+00BA "º" */
    0x7, 0xf0, 0xf, 0xfe, 0xf, 0x8f, 0x8f, 0x1,
    0xe7, 0x80, 0xf3, 0x80, 0x3b, 0xc0, 0x1f, 0xe0,
    0xf, 0xf0, 0x7, 0xf8, 0x3, 0xfc, 0x1, 0xfe,
    0x0, 0xff, 0x0, 0x73, 0xc0, 0x79, 0xe0, 0x3c,
    0x7c, 0x7c, 0x1f, 0xfc, 0x3, 0xf8, 0x0, 0x0,
    0x0, 0x0, 0x0, 0x0, 0x7, 0xff, 0xfb, 0xff,
    0xfd, 0xff, 0xfe,

    /* U+00BB "»" */
    0x80, 0x20, 0x6, 0x1, 0x80, 0x38, 0xe, 0x1,
    0xe0, 0x78, 0xf, 0x81, 0xf0, 0x3e, 0x7, 0xc0,
    0xfc, 0x1f, 0x1, 0xf0, 0x7c, 0x7, 0xc1, 0xf0,
    0x1f, 0x7, 0xc0, 0x78, 0x1e, 0x7, 0xc1, 0xf0,
    0x7c, 0x1f, 0xf, 0x81, 0xf0, 0xf8, 0x1f, 0xf,
    0x81, 0xe0, 0xf8, 0x3e, 0x7, 0x81, 0xe0, 0x38,
    0xe, 0x1, 0x80, 0x60, 0x0, 0x2, 0x0, 0x0,

    /* U+00BC "¼" */
    0x3, 0xc0, 0x0, 0x3f, 0xe0, 0x0, 0x1f, 0xf0,
    0x0, 0xe, 0x78, 0x0, 0x0, 0x3c, 0x0, 0x0,
    0x1e, 0x0, 0x0, 0xf, 0x0, 0x0, 0x7, 0x80,
    0x0, 0x3, 0xc0, 0x0, 0x1, 0xe0, 0x0, 0x0,
    0xf0, 0x0, 0x0, 0x78, 0x0, 0x0, 0x3c, 0x0,
    0x0, 0x1e, 0x0, 0x0, 0xf, 0x0, 0x0, 0x7,
    0x80, 0x0, 0x3, 0xc0, 0x0, 0x1f, 0xff, 0x0,
    0xf, 0xff, 0x80, 0x40, 0x0, 0x3, 0xf0, 0x0,
    0x1f, 0xf8, 0x0, 0xff, 0xc0, 0x7, 0xfe, 0x0,
    0x3f, 0xf0, 0x0, 0xff, 0x80, 0x0, 0x7c, 0x0,
    0x1e, 0x0, 0x0, 0xf, 0x0, 0x0, 0xf, 0x80,
    0x0, 0xf, 0xc0, 0x0, 0x6, 0xe0, 0x0, 0x7,
    0x70, 0x0, 0x7, 0x38, 0x0, 0x3, 0x1c, 0x0,
    0x3, 0x8e, 0x0, 0x3, 0x87, 0x0, 0x3, 0x83,
    0x80, 0x1, 0xc1, 0xc0, 0x1, 0xc0, 0xe0, 0x0,
    0xff, 0xfe, 0x0, 0x7f, 0xff, 0x0, 0x0, 0x1c,
    0x0, 0x0, 0xe, 0x0, 0x0, 0x7, 0x0, 0x0,
    0x3, 0x80,

    /* U+00BD "½" */
    0x3, 0xc0, 0x0, 0x1f, 0xf0, 0x0, 0x7, 0xfc,
    0x0, 0x1, 0xcf, 0x0, 0x0, 0x3, 0xc0, 0x0,
    0x0, 0xf0, 0x0, 0x0, 0x3c, 0x0, 0x0, 0xf,
    0x0, 0x0, 0x3, 0xc0, 0x0, 0x0, 0xf0, 0x0,
    0x0, 0x3c, 0x0, 0x0, 0xf, 0x0, 0x0, 0x3,
    0xc0, 0x0, 0x0, 0xf0, 0x0, 0x0, 0x3c, 0x0,
    0x0, 0xf, 0x0, 0x0, 0x3, 0xc0, 0x0, 0xf,
    0xff, 0x80, 0x3, 0xff, 0xe0, 0x18, 0x0, 0x0,
    0x7e, 0x0, 0x1, 0xff, 0x80, 0x7, 0xfe, 0x0,
    0x3f, 0xf8, 0x0, 0xff, 0xe0, 0x0, 0xff, 0x80,
    0x0, 0x3e, 0x0, 0xfe, 0x0, 0x0, 0xff, 0xe0,
    0x0, 0x30, 0x7c, 0x0, 0x0, 0xf, 0x80, 0x0,
    0x1, 0xe0, 0x0, 0x0, 0x78, 0x0, 0x0, 0x1e,
    0x0, 0x0, 0xf, 0x80, 0x0, 0x3, 0xc0, 0x0,
    0x1, 0xe0, 0x0, 0x0, 0xf0, 0x0, 0x0, 0x78,
    0x0, 0x0, 0x3c, 0x0, 0x0, 0x1e, 0x0, 0x0,
    0xf, 0x0, 0x0, 0x7, 0x80, 0x0, 0x1, 0xc0,
    0x0, 0x0, 0xff, 0xf8, 0x0, 0x3f, 0xfe,

    /* U+00BE "¾" */
    0x1f, 0xf0, 0x0, 0xf, 0xfe, 0x0, 0x6, 0xf,
    0x80, 0x0, 0x1, 0xe0, 0x0, 0x0, 0xf0, 0x0,
    0x0, 0x78, 0x0, 0x0, 0x3c, 0x0, 0x0, 0x7c,
    0x0, 0x3, 0xf8, 0x0, 0x1, 0xfc, 0x0, 0x0,
    0xf, 0x80, 0x0, 0x3, 0xc0, 0x0, 0x0, 0xf0,
    0x0, 0x0, 0x78, 0x0, 0x0, 0x3c, 0x0, 0x0,
    0x1e, 0x0, 0x0, 0x1e, 0x0, 0x18, 0x1f, 0x0,
    0xf, 0xff, 0x0, 0x3, 0xfc, 0x0, 0x70, 0x0,
    0x3, 0xf8, 0x0, 0x1f, 0xf0, 0x1, 0xff, 0x80,
    0xf, 0xfc, 0x0, 0x7f, 0xe0, 0x0, 0x3f, 0x0,
    0x0, 0x18, 0x0, 0xf, 0x0, 0x0, 0xf, 0x80,
    0x0, 0x7, 0xc0, 0x0, 0x6, 0xe0, 0x0, 0x7,
    0x70, 0x0, 0x3, 0x38, 0x0, 0x3, 0x1c, 0x0,
    0x3, 0x8e, 0x0, 0x3, 0x87, 0x0, 0x1, 0x83,
    0x80, 0x1, 0xc1, 0xc0, 0x1, 0xc0, 0xe0, 0x0,
    0xff, 0xfe, 0x0, 0x7f, 0xff, 0x0, 0x0, 0x1c,
    0x0, 0x0, 0xe, 0x0, 0x0, 0x7, 0x0, 0x0,
    0x3, 0x80,

    /* U+00BF "¿" */
    0x0, 0x70, 0x0, 0x1f, 0x0, 0x7, 0xf0, 0x0,
    0xfe, 0x0, 0x1f, 0xc0, 0x1, 0xf0, 0x0, 0x1c,
    0x0, 0x0, 0x0, 0x0, 0x0, 0x0, 0x0, 0x0,
    0x0, 0x0, 0x0, 0x78, 0x0, 0xf, 0x0, 0x1,
    0xe0, 0x0, 0x3c, 0x0, 0x7, 0x80, 0x0, 0xf0,
    0x0, 0x3c, 0x0, 0xf, 0x80, 0x3, 0xe0, 0x0,
    0xfc, 0x0, 0x3f, 0x0, 0xf, 0xc0, 0x3, 0xf0,
    0x0, 0x7c, 0x0, 0x1f, 0x0, 0x3, 0xc0, 0x0,
    0x78, 0x0, 0xf, 0x0, 0x1, 0xe0, 0x0, 0x7e,
    0x0, 0x1b, 0xe0, 0x1f, 0x3f, 0xff, 0xe3, 0xff,
    0xf8, 0x3f, 0xfc, 0x0, 0x20, 0x0,

    /* U+00C0 "À" */
    0x0, 0xf0, 0x0, 0x0, 0x1e, 0x0, 0x0, 0x7,
    0x80, 0x0, 0x0, 0xf0, 0x0, 0x0, 0x1e, 0x0,
    0x0, 0x3, 0xc0, 0x0, 0x0, 0x0, 0x0, 0x0,
    0x0, 0x0, 0x0, 0x3f, 0x0, 0x0, 0xf, 0xc0,
    0x0, 0x3, 0xf8, 0x0, 0x1, 0xfe, 0x0, 0x0,
    0x7f, 0x80, 0x0, 0x1e, 0xf0, 0x0, 0xf, 0xbc,
    0x0, 0x3, 0xcf, 0x0, 0x0, 0xf3, 0xe0, 0x0,
    0x7c, 0x78, 0x0, 0x1e, 0x1e, 0x0, 0x7, 0x87,
    0xc0, 0x3, 0xe1, 0xf0, 0x0, 0xf8, 0x3c, 0x0,
    0x3c, 0xf, 0x0, 0xf, 0x3, 0xe0, 0x7, 0xc0,
    0x78, 0x1, 0xe0, 0x1e, 0x0, 0x78, 0x7, 0xc0,
    0x3e, 0x1, 0xf0, 0xf, 0x80, 0x3c, 0x3, 0xc0,
    0xf, 0x81, 0xff, 0xff, 0xe0, 0x7f, 0xff, 0xf8,
    0x1f, 0xff, 0xff, 0xf, 0x80, 0x7, 0xc3, 0xe0,
    0x0, 0xf0, 0xf0, 0x0, 0x3c, 0x3c, 0x0, 0xf,
    0x9f, 0x0, 0x3, 0xe7, 0xc0, 0x0, 0x79, 0xe0,
    0x0, 0x1f, 0xf8, 0x0, 0x7, 0xfe, 0x0, 0x0,
    0xf0,

    /* U+00C1 "Á" */
    0x0, 0x3, 0xe0, 0x0, 0x0, 0xf0, 0x0, 0x0,
    0x78, 0x0, 0x0, 0x3c, 0x0, 0x0, 0x1e, 0x0,
    0x0, 0x7, 0x0, 0x0, 0x0, 0x0, 0x0, 0x0,
    0x0, 0x0, 0x0, 0x3f, 0x0, 0x0, 0xf, 0xc0,
    0x0, 0x3, 0xf8, 0x0, 0x1, 0xfe, 0x0, 0x0,
    0x7f, 0x80, 0x0, 0x1e, 0xf0, 0x0, 0xf, 0xbc,
    0x0, 0x3, 0xcf, 0x0, 0x0, 0xf3, 0xe0, 0x0,
    0x7c, 0x78, 0x0, 0x1e, 0x1e, 0x0, 0x7, 0x87,
    0xc0, 0x3, 0xe1, 0xf0, 0x0, 0xf8, 0x3c, 0x0,
    0x3c, 0xf, 0x0, 0xf, 0x3, 0xe0, 0x7, 0xc0,
    0x78, 0x1, 0xe0, 0x1e, 0x0, 0x78, 0x7, 0xc0,
    0x3e, 0x1, 0xf0, 0xf, 0x80, 0x3c, 0x3, 0xc0,
    0xf, 0x81, 0xff, 0xff, 0xe0, 0x7f, 0xff, 0xf8,
    0x1f, 0xff, 0xff, 0xf, 0x80, 0x7, 0xc3, 0xe0,
    0x0, 0xf0, 0xf0, 0x0, 0x3c, 0x3c, 0x0, 0xf,
    0x9f, 0x0, 0x3, 0xe7, 0xc0, 0x0, 0x79, 0xe0,
    0x0, 0x1f, 0xf8, 0x0, 0x7, 0xfe, 0x0, 0x0,
    0xf0,

    /* U+00C2 "Â" */
    0x0, 0x1f, 0x0, 0x0, 0xf, 0xe0, 0x0, 0x7,
    0xb8, 0x0, 0x3, 0xc7, 0x0, 0x1, 0xe0, 0xe0,
    0x0, 0x70, 0x3c, 0x0, 0x0, 0x0, 0x0, 0x0,
    0x0, 0x0, 0x0, 0x3f, 0x0, 0x0, 0xf, 0xc0,
    0x0, 0x3, 0xf8, 0x0, 0x1, 0xfe, 0x0, 0x0,
    0x7f, 0x80, 0x0, 0x1e, 0xf0, 0x0, 0xf, 0xbc,
    0x0, 0x3, 0xcf, 0x0, 0x0, 0xf3, 0xe0, 0x0,
    0x7c, 0x78, 0x0, 0x1e, 0x1e, 0x0, 0x7, 0x87,
    0xc0, 0x3, 0xe1, 0xf0, 0x0, 0xf8, 0x3c, 0x0,
    0x3c, 0xf, 0x0, 0xf, 0x3, 0xe0, 0x7, 0xc0,
    0x78, 0x1, 0xe0, 0x1e, 0x0, 0x78, 0x7, 0xc0,
    0x3e, 0x1, 0xf0, 0xf, 0x80, 0x3c, 0x3, 0xc0,
    0xf, 0x81, 0xff, 0xff, 0xe0, 0x7f, 0xff, 0xf8,
    0x1f, 0xff, 0xff, 0xf, 0x80, 0x7, 0xc3, 0xe0,
    0x0, 0xf0, 0xf0, 0x0, 0x3c, 0x3c, 0x0, 0xf,
    0x9f, 0x0, 0x3, 0xe7, 0xc0, 0x0, 0x79, 0xe0,
    0x0, 0x1f, 0xf8, 0x0, 0x7, 0xfe, 0x0, 0x0,
    0xf0,

    /* U+00C3 "Ã" */
    0x0, 0xf0, 0x38, 0x0, 0x3f, 0x87, 0x0, 0xf,
    0x39, 0xe0, 0x1, 0xc3, 0xf8, 0x0, 0x38, 0x1e,
    0x0, 0x0, 0x0, 0x0, 0x0, 0x0, 0x0, 0x0,
    0x0, 0xf8, 0x0, 0x0, 0x3f, 0x80, 0x0, 0x7,
    0xf0, 0x0, 0x0, 0xfe, 0x0, 0x0, 0x3d, 0xe0,
    0x0, 0x7, 0xbc, 0x0, 0x0, 0xf7, 0x80, 0x0,
    0x3e, 0xf8, 0x0, 0x7, 0x8f, 0x0, 0x0, 0xf1,
    0xe0, 0x0, 0x1e, 0x3c, 0x0, 0x7, 0xc7, 0xc0,
    0x0, 0xf0, 0x78, 0x0, 0x1e, 0xf, 0x0, 0x7,
    0xc1, 0xf0, 0x0, 0xf8, 0x3e, 0x0, 0x1e, 0x3,
    0xc0, 0x7, 0xc0, 0x7c, 0x0, 0xf8, 0xf, 0x80,
    0x1e, 0x0, 0xf0, 0x7, 0xc0, 0x1f, 0x0, 0xf8,
    0x3, 0xe0, 0x1f, 0xff, 0xfc, 0x7, 0xff, 0xff,
    0xc0, 0xff, 0xff, 0xf8, 0x1e, 0x0, 0x1f, 0x3,
    0xc0, 0x1, 0xe0, 0xf8, 0x0, 0x3e, 0x1f, 0x0,
    0x7, 0xc3, 0xc0, 0x0, 0x78, 0xf8, 0x0, 0xf,
    0x9f, 0x0, 0x1, 0xf3, 0xc0, 0x0, 0x1e, 0xf8,
    0x0, 0x3, 0xe0,

    /* U+00C4 "Ä" */
    0x3, 0xc1, 0xe0, 0x0, 0xf0, 0x78, 0x0, 0x3c,
    0x1e, 0x0, 0x0, 0x0, 0x0, 0x0, 0x0, 0x0,
    0x0, 0x0, 0x0, 0x0, 0x0, 0x0, 0x0, 0x0,
    0x0, 0x0, 0x0, 0x7f, 0x0, 0x0, 0x1f, 0xc0,
    0x0, 0x7, 0xf0, 0x0, 0x3, 0xfe, 0x0, 0x0,
    0xf7, 0x80, 0x0, 0x3d, 0xe0, 0x0, 0xf, 0x78,
    0x0, 0x7, 0xdf, 0x0, 0x1, 0xe3, 0xc0, 0x0,
    0x78, 0xf0, 0x0, 0x3e, 0x3e, 0x0, 0xf, 0x8f,
    0x80, 0x3, 0xc1, 0xe0, 0x1, 0xf0, 0x78, 0x0,
    0x7c, 0x1f, 0x0, 0x1e, 0x3, 0xc0, 0x7, 0x80,
    0xf0, 0x3, 0xe0, 0x3e, 0x0, 0xf8, 0xf, 0x80,
    0x3c, 0x1, 0xe0, 0x1f, 0x0, 0x7c, 0x7, 0xc0,
    0x1f, 0x1, 0xff, 0xff, 0xc0, 0x7f, 0xff, 0xf0,
    0x3f, 0xff, 0xfe, 0xf, 0x80, 0xf, 0x83, 0xc0,
    0x1, 0xe1, 0xf0, 0x0, 0x7c, 0x7c, 0x0, 0x1f,
    0x1f, 0x0, 0x7, 0xc7, 0x80, 0x0, 0xf3, 0xe0,
    0x0, 0x3e, 0xf8, 0x0, 0xf, 0xbc, 0x0, 0x1,
    0xe0,

    /* U+00C5 "Å" */
    0x0, 0x1f, 0x0, 0x0, 0xf, 0xf8, 0x0, 0x3,
    0xff, 0x80, 0x0, 0x78, 0xf0, 0x0, 0x1c, 0x7,
    0x0, 0x3, 0x80, 0xe0, 0x0, 0x70, 0x1c, 0x0,
    0xe, 0x3, 0x80, 0x1, 0xf1, 0xf0, 0x0, 0x1f,
    0xfc, 0x0, 0x1, 0xff, 0x0, 0x0, 0x1f, 0xc0,
    0x0, 0x7, 0xfc, 0x0, 0x0, 0xf7, 0x80, 0x0,
    0x1e, 0xf0, 0x0, 0x3, 0xde, 0x0, 0x0, 0xf3,
    0xe0, 0x0, 0x1e, 0x3c, 0x0, 0x3, 0xc7, 0x80,
    0x0, 0xf8, 0xf8, 0x0, 0x1e, 0xf, 0x0, 0x3,
    0xc1, 0xe0, 0x0, 0xf8, 0x3e, 0x0, 0x1f, 0x7,
    0xc0, 0x3, 0xc0, 0x78, 0x0, 0xf8, 0xf, 0x80,
    0x1f, 0x1, 0xf0, 0x3, 0xc0, 0x1e, 0x0, 0xf8,
    0x3, 0xc0, 0x1f, 0x0, 0x7c, 0x3, 0xe0, 0xf,
    0x80, 0x7f, 0xff, 0xf0, 0x1f, 0xff, 0xff, 0x3,
    0xff, 0xff, 0xe0, 0x78, 0x0, 0x3c, 0x1f, 0x0,
    0x7, 0xc3, 0xe0, 0x0, 0xf8, 0x78, 0x0, 0xf,
    0x1f, 0x0, 0x1, 0xf3, 0xe0, 0x0, 0x3e, 0x7c,
    0x0, 0x7, 0xdf, 0x0, 0x0, 0x7f, 0xe0, 0x0,
    0xf, 0x80,

    /* U+00C6 "Æ" */
    0x0, 0x3f, 0xff, 0xe0, 0x7, 0xff, 0xfe, 0x0,
    0x7f, 0xff, 0xe0, 0x7, 0x1e, 0x0, 0x0, 0x71,
    0xe0, 0x0, 0xf, 0x1e, 0x0, 0x0, 0xf1, 0xe0,
    0x0, 0xe, 0x1e, 0x0, 0x1, 0xe1, 0xe0, 0x0,
    0x1e, 0x1e, 0x0, 0x1, 0xe1, 0xe0, 0x0, 0x1c,
    0x1e, 0x0, 0x3, 0xc1, 0xe0, 0x0, 0x3c, 0x1e,
    0x0, 0x3, 0xc1, 0xff, 0xe0, 0x7c, 0x1f, 0xfe,
    0x7, 0x81, 0xff, 0xe0, 0x78, 0x1e, 0x0, 0x7,
    0x81, 0xe0, 0x0, 0xf8, 0x1e, 0x0, 0xf, 0x1,
    0xe0, 0x0, 0xf0, 0x1e, 0x0, 0xf, 0xff, 0xe0,
    0x1, 0xff, 0xfe, 0x0, 0x1f, 0xff, 0xe0, 0x1,
    0xe0, 0x1e, 0x0, 0x3e, 0x1, 0xe0, 0x3, 0xc0,
    0x1e, 0x0, 0x3c, 0x1, 0xe0, 0x3, 0xc0, 0x1e,
    0x0, 0x7c, 0x1, 0xe0, 0x7, 0x80, 0x1f, 0xff,
    0x78, 0x1, 0xff, 0xf7, 0x80, 0x1f, 0xff,

    /* U+00C7 "Ç" */
    0x0, 0x0, 0x0, 0x3, 0xff, 0xc0, 0x1f, 0xff,
    0xc1, 0xff, 0xff, 0xf, 0xc0, 0x3c, 0x7e, 0x0,
    0x31, 0xf0, 0x0, 0xf, 0x80, 0x0, 0x3e, 0x0,
    0x1, 0xf0, 0x0, 0x7, 0xc0, 0x0, 0x1f, 0x0,
    0x0, 0xf8, 0x0, 0x3, 0xe0, 0x0, 0xf, 0x80,
    0x0, 0x3e, 0x0, 0x0, 0xf8, 0x0, 0x3, 0xe0,
    0x0, 0xf, 0x80, 0x0, 0x3e, 0x0, 0x0, 0xf8,
    0x0, 0x3, 0xe0, 0x0, 0xf, 0x80, 0x0, 0x3e,
    0x0, 0x0, 0x7c, 0x0, 0x1, 0xf0, 0x0, 0x7,
    0xc0, 0x0, 0xf, 0x80, 0x0, 0x3e, 0x0, 0x0,
    0x7c, 0x0, 0x1, 0xf8, 0x0, 0xc3, 0xf0, 0xf,
    0x7, 0xff, 0xfc, 0xf, 0xff, 0xf0, 0xf, 0xff,
    0x80, 0x1, 0xe0, 0x0, 0x3, 0x80, 0x0, 0x6,
    0x0, 0x0, 0x1c, 0x0, 0x0, 0x70, 0x0, 0x83,
    0xc0, 0x3, 0xff, 0x0, 0xf, 0xf8, 0x0, 0x1f,
    0xc0,

    /* U+00C8 "È" */
    0xf, 0x80, 0x0, 0x3c, 0x0, 0x0, 0xf0, 0x0,
    0x3, 0xc0, 0x0, 0xf, 0x0, 0x0, 0x3c, 0x0,
    0x0, 0x0, 0x0, 0x0, 0x0, 0xff, 0xff, 0xff,
    0xff, 0xff, 0xff, 0xff, 0xff, 0xe0, 0x0, 0xf,
    0x0, 0x0, 0x78, 0x0, 0x3, 0xc0, 0x0, 0x1e,
    0x0, 0x0, 0xf0, 0x0, 0x7, 0x80, 0x0, 0x3c,
    0x0, 0x1, 0xe0, 0x0, 0xf, 0x0, 0x0, 0x78,
    0x0, 0x3, 0xff, 0xff, 0xdf, 0xff, 0xfe, 0xff,
    0xff, 0xf7, 0x80, 0x0, 0x3c, 0x0, 0x1, 0xe0,
    0x0, 0xf, 0x0, 0x0, 0x78, 0x0, 0x3, 0xc0,
    0x0, 0x1e, 0x0, 0x0, 0xf0, 0x0, 0x7, 0x80,
    0x0, 0x3c, 0x0, 0x1, 0xe0, 0x0, 0xf, 0x0,
    0x0, 0x78, 0x0, 0x3, 0xc0, 0x0, 0x1f, 0xff,
    0xff, 0xff, 0xff, 0xff, 0xff, 0xff, 0xc0,

    /* U+00C9 "É" */
    0x0, 0x3e, 0x0, 0x1, 0xe0, 0x0, 0x1e, 0x0,
    0x1, 0xe0, 0x0, 0x1e, 0x0, 0x0, 0xe0, 0x0,
    0x0, 0x0, 0x0, 0x0, 0x0, 0xff, 0xff, 0xff,
    0xff, 0xff, 0xff, 0xff, 0xff, 0xe0, 0x0, 0xf,
    0x0, 0x0, 0x78, 0x0, 0x3, 0xc0, 0x0, 0x1e,
    0x0, 0x0, 0xf0, 0x0, 0x7, 0x80, 0x0, 0x3c,
    0x0, 0x1, 0xe0, 0x0, 0xf, 0x0, 0x0, 0x78,
    0x0, 0x3, 0xff, 0xff, 0xdf, 0xff, 0xfe, 0xff,
    0xff, 0xf7, 0x80, 0x0, 0x3c, 0x0, 0x1, 0xe0,
    0x0, 0xf, 0x0, 0x0, 0x78, 0x0, 0x3, 0xc0,
    0x0, 0x1e, 0x0, 0x0, 0xf0, 0x0, 0x7, 0x80,
    0x0, 0x3c, 0x0, 0x1, 0xe0, 0x0, 0xf, 0x0,
    0x0, 0x78, 0x0, 0x3, 0xc0, 0x0, 0x1f, 0xff,
    0xff, 0xff, 0xff, 0xff, 0xff, 0xff, 0xc0,

    /* U+00CA "Ê" */
    0x1, 0xf0, 0x0, 0x1f, 0xc0, 0x1, 0xef, 0x0,
    0xe, 0x3c, 0x0, 0xe0, 0xf0, 0xe, 0x3, 0x80,
    0x0, 0x0, 0x0, 0x0, 0x0, 0xff, 0xff, 0xff,
    0xff, 0xff, 0xff, 0xff, 0xff, 0xe0, 0x0, 0xf,
    0x0, 0x0, 0x78, 0x0, 0x3, 0xc0, 0x0, 0x1e,
    0x0, 0x0, 0xf0, 0x0, 0x7, 0x80, 0x0, 0x3c,
    0x0, 0x1, 0xe0, 0x0, 0xf, 0x0, 0x0, 0x78,
    0x0, 0x3, 0xff, 0xff, 0xdf, 0xff, 0xfe, 0xff,
    0xff, 0xf7, 0x80, 0x0, 0x3c, 0x0, 0x1, 0xe0,
    0x0, 0xf, 0x0, 0x0, 0x78, 0x0, 0x3, 0xc0,
    0x0, 0x1e, 0x0, 0x0, 0xf0, 0x0, 0x7, 0x80,
    0x0, 0x3c, 0x0, 0x1, 0xe0, 0x0, 0xf, 0x0,
    0x0, 0x78, 0x0, 0x3, 0xc0, 0x0, 0x1f, 0xff,
    0xff, 0xff, 0xff, 0xff, 0xff, 0xff, 0xc0,

    /* U+00CB "Ë" */
    0xf, 0x7, 0x80, 0x78, 0x3c, 0x3, 0xc1, 0xe0,
    0x0, 0x0, 0x0, 0x0, 0x0, 0x0, 0x0, 0x0,
    0x0, 0x0, 0x0, 0x0, 0x0, 0xff, 0xff, 0xff,
    0xff, 0xff, 0xff, 0xff, 0xff, 0xe0, 0x0, 0xf,
    0x0, 0x0, 0x78, 0x0, 0x3, 0xc0, 0x0, 0x1e,
    0x0, 0x0, 0xf0, 0x0, 0x7, 0x80, 0x0, 0x3c,
    0x0, 0x1, 0xe0, 0x0, 0xf, 0x0, 0x0, 0x78,
    0x0, 0x3, 0xff, 0xff, 0xdf, 0xff, 0xfe, 0xff,
    0xff, 0xf7, 0x80, 0x0, 0x3c, 0x0, 0x1, 0xe0,
    0x0, 0xf, 0x0, 0x0, 0x78, 0x0, 0x3, 0xc0,
    0x0, 0x1e, 0x0, 0x0, 0xf0, 0x0, 0x7, 0x80,
    0x0, 0x3c, 0x0, 0x1, 0xe0, 0x0, 0xf, 0x0,
    0x0, 0x78, 0x0, 0x3, 0xc0, 0x0, 0x1f, 0xff,
    0xff, 0xff, 0xff, 0xff, 0xff, 0xff, 0xc0,

    /* U+00CC "Ì" */
    0x7, 0x80, 0x0, 0x78, 0x0, 0x7, 0x0, 0x0,
    0xf0, 0x0, 0xf, 0x0, 0x0, 0xe0, 0x0, 0x0,
    0x0, 0x0, 0x0, 0xff, 0xff, 0xff, 0xff, 0xff,
    0xff, 0xff, 0x80, 0x78, 0x0, 0xf, 0x0, 0x1,
    0xe0, 0x0, 0x3c, 0x0, 0x7, 0x80, 0x0, 0xf0,
    0x0, 0x1e, 0x0, 0x3, 0xc0, 0x0, 0x78, 0x0,
    0xf, 0x0, 0x1, 0xe0, 0x0, 0x3c, 0x0, 0x7,
    0x80, 0x0, 0xf0, 0x0, 0x1e, 0x0, 0x3, 0xc0,
    0x0, 0x78, 0x0, 0xf, 0x0, 0x1, 0xe0, 0x0,
    0x3c, 0x0, 0x7, 0x80, 0x0, 0xf0, 0x0, 0x1e,
    0x0, 0x3, 0xc0, 0x0, 0x78, 0x0, 0xf, 0x0,
    0x1, 0xe0, 0x0, 0x3c, 0x7, 0xff, 0xff, 0xff,
    0xff, 0xff, 0xff, 0xfc,

    /* U+00CD "Í" */
    0x0, 0x1e, 0x0, 0x7, 0x80, 0x0, 0xf0, 0x0,
    0x3c, 0x0, 0xf, 0x0, 0x1, 0xc0, 0x0, 0x0,
    0x0, 0x0, 0x0, 0xff, 0xff, 0xff, 0xff, 0xff,
    0xff, 0xff, 0x80, 0x78, 0x0, 0xf, 0x0, 0x1,
    0xe0, 0x0, 0x3c, 0x0, 0x7, 0x80, 0x0, 0xf0,
    0x0, 0x1e, 0x0, 0x3, 0xc0, 0x0, 0x78, 0x0,
    0xf, 0x0, 0x1, 0xe0, 0x0, 0x3c, 0x0, 0x7,
    0x80, 0x0, 0xf0, 0x0, 0x1e, 0x0, 0x3, 0xc0,
    0x0, 0x78, 0x0, 0xf, 0x0, 0x1, 0xe0, 0x0,
    0x3c, 0x0, 0x7, 0x80, 0x0, 0xf0, 0x0, 0x1e,
    0x0, 0x3, 0xc0, 0x0, 0x78, 0x0, 0xf, 0x0,
    0x1, 0xe0, 0x0, 0x3c, 0x7, 0xff, 0xff, 0xff,
    0xff, 0xff, 0xff, 0xfc,

    /* U+00CE "Î" */
    0x0, 0xf0, 0x0, 0x3f, 0x0, 0xf, 0xf0, 0x3,
    0xcf, 0x0, 0xf0, 0xe0, 0x3c, 0xe, 0x0, 0x0,
    0x0, 0x0, 0x0, 0xff, 0xff, 0xff, 0xff, 0xff,
    0xff, 0xff, 0x80, 0x78, 0x0, 0xf, 0x0, 0x1,
    0xe0, 0x0, 0x3c, 0x0, 0x7, 0x80, 0x0, 0xf0,
    0x0, 0x1e, 0x0, 0x3, 0xc0, 0x0, 0x78, 0x0,
    0xf, 0x0, 0x1, 0xe0, 0x0, 0x3c, 0x0, 0x7,
    0x80, 0x0, 0xf0, 0x0, 0x1e, 0x0, 0x3, 0xc0,
    0x0, 0x78, 0x0, 0xf, 0x0, 0x1, 0xe0, 0x0,
    0x3c, 0x0, 0x7, 0x80, 0x0, 0xf0, 0x0, 0x1e,
    0x0, 0x3, 0xc0, 0x0, 0x78, 0x0, 0xf, 0x0,
    0x1, 0xe0, 0x0, 0x3c, 0x7, 0xff, 0xff, 0xff,
    0xff, 0xff, 0xff, 0xfc,

    /* U+00CF "Ï" */
    0x1e, 0xf, 0x3, 0xc1, 0xe0, 0x78, 0x3c, 0x0,
    0x0, 0x0, 0x0, 0x0, 0x0, 0x0, 0x0, 0x0,
    0x0, 0x0, 0x0, 0xff, 0xff, 0xff, 0xff, 0xff,
    0xff, 0xff, 0x80, 0x78, 0x0, 0xf, 0x0, 0x1,
    0xe0, 0x0, 0x3c, 0x0, 0x7, 0x80, 0x0, 0xf0,
    0x0, 0x1e, 0x0, 0x3, 0xc0, 0x0, 0x78, 0x0,
    0xf, 0x0, 0x1, 0xe0, 0x0, 0x3c, 0x0, 0x7,
    0x80, 0x0, 0xf0, 0x0, 0x1e, 0x0, 0x3, 0xc0,
    0x0, 0x78, 0x0, 0xf, 0x0, 0x1, 0xe0, 0x0,
    0x3c, 0x0, 0x7, 0x80, 0x0, 0xf0, 0x0, 0x1e,
    0x0, 0x3, 0xc0, 0x0, 0x78, 0x0, 0xf, 0x0,
    0x1, 0xe0, 0x0, 0x3c, 0x7, 0xff, 0xff, 0xff,
    0xff, 0xff, 0xff, 0xfc,

    /* U+00D0 "Ð" */
    0x1f, 0xfe, 0x0, 0xf, 0xff, 0xe0, 0x7, 0xff,
    0xf8, 0x3, 0xe0, 0x7f, 0x1, 0xf0, 0xf, 0xc0,
    0xf8, 0x3, 0xe0, 0x7c, 0x0, 0xf8, 0x3e, 0x0,
    0x3c, 0x1f, 0x0, 0x1f, 0xf, 0x80, 0xf, 0x87,
    0xc0, 0x7, 0xc3, 0xe0, 0x1, 0xf1, 0xf0, 0x0,
    0xf8, 0xf8, 0x0, 0x7c, 0x7c, 0x0, 0x3f, 0xff,
    0xf8, 0x1f, 0xff, 0xfc, 0xf, 0xff, 0xfe, 0x7,
    0xc7, 0xc0, 0x3, 0xe3, 0xe0, 0x1, 0xf1, 0xf0,
    0x0, 0xf8, 0xf8, 0x0, 0x7c, 0x7c, 0x0, 0x3e,
    0x3e, 0x0, 0x3e, 0x1f, 0x0, 0x1f, 0xf, 0x80,
    0xf, 0x87, 0xc0, 0x7, 0x83, 0xe0, 0x7, 0xc1,
    0xf0, 0x7, 0xc0, 0xf8, 0x7, 0xe0, 0x7c, 0xf,
    0xe0, 0x3f, 0xff, 0xc0, 0x1f, 0xff, 0xc0, 0xf,
    0xff, 0x0, 0x0,

    /* U+00D1 "Ñ" */
    0x7, 0xc0, 0xe0, 0x3f, 0x83, 0x81, 0xe7, 0x9e,
    0x7, 0x7, 0xf0, 0x1c, 0xf, 0x80, 0x0, 0x0,
    0x0, 0x0, 0x0, 0x0, 0x0, 0x0, 0xfc, 0x0,
    0x3f, 0xf0, 0x0, 0xff, 0xe0, 0x3, 0xff, 0x80,
    0xf, 0xff, 0x0, 0x3f, 0xfc, 0x0, 0xff, 0xf0,
    0x3, 0xfd, 0xe0, 0xf, 0xf7, 0x80, 0x3f, 0xcf,
    0x0, 0xff, 0x3c, 0x3, 0xfc, 0xf8, 0xf, 0xf1,
    0xe0, 0x3f, 0xc7, 0xc0, 0xff, 0xf, 0x3, 0xfc,
    0x3c, 0xf, 0xf0, 0x78, 0x3f, 0xc1, 0xe0, 0xff,
    0x3, 0xc3, 0xfc, 0xf, 0xf, 0xf0, 0x3e, 0x3f,
    0xc0, 0x78, 0xff, 0x1, 0xf3, 0xfc, 0x3, 0xcf,
    0xf0, 0xf, 0x3f, 0xc0, 0x1e, 0xff, 0x0, 0x7b,
    0xfc, 0x0, 0xff, 0xf0, 0x3, 0xff, 0xc0, 0xf,
    0xff, 0x0, 0x1f, 0xfc, 0x0, 0x7f, 0xf0, 0x0,
    0xff, 0xc0, 0x3, 0xf0,

    /* U+00D2 "Ò" */
    0x1, 0xe0, 0x0, 0x3, 0xc0, 0x0, 0x3, 0xc0,
    0x0, 0x3, 0xc0, 0x0, 0x3, 0xc0, 0x0, 0x3,
    0x80, 0x0, 0x0, 0x0, 0x0, 0x8, 0x0, 0x1,
    0xff, 0x0, 0xf, 0xff, 0x80, 0x3f, 0xff, 0x80,
    0xf8, 0xf, 0x83, 0xe0, 0xf, 0x87, 0xc0, 0x1f,
    0x1f, 0x0, 0x1e, 0x3e, 0x0, 0x3e, 0x7c, 0x0,
    0x7c, 0xf8, 0x0, 0xfb, 0xe0, 0x0, 0xff, 0xc0,
    0x1, 0xff, 0x80, 0x3, 0xff, 0x0, 0x7, 0xfe,
    0x0, 0xf, 0xfc, 0x0, 0x1f, 0xf8, 0x0, 0x3f,
    0xf0, 0x0, 0x7f, 0xe0, 0x0, 0xff, 0xc0, 0x1,
    0xff, 0x80, 0x3, 0xff, 0x0, 0x7, 0xfe, 0x0,
    0xf, 0xfc, 0x0, 0x1f, 0x78, 0x0, 0x7c, 0xf8,
    0x0, 0xf9, 0xf0, 0x1, 0xf3, 0xe0, 0x3, 0xc3,
    0xe0, 0xf, 0x87, 0xc0, 0x1f, 0x7, 0xc0, 0x7c,
    0x7, 0xff, 0xf0, 0x7, 0xff, 0xc0, 0x3, 0xfe,
    0x0, 0x0, 0x40, 0x0,

    /* U+00D3 "Ó" */
    0x0, 0x7, 0x80, 0x0, 0x1e, 0x0, 0x0, 0x38,
    0x0, 0x0, 0xf0, 0x0, 0x3, 0xc0, 0x0, 0xf,
    0x0, 0x0, 0x0, 0x0, 0x0, 0x8, 0x0, 0x1,
    0xff, 0x0, 0xf, 0xff, 0x80, 0x3f, 0xff, 0x80,
    0xf8, 0xf, 0x83, 0xe0, 0xf, 0x87, 0xc0, 0x1f,
    0x1f, 0x0, 0x1e, 0x3e, 0x0, 0x3e, 0x7c, 0x0,
    0x7c, 0xf8, 0x0, 0xfb, 0xe0, 0x0, 0xff, 0xc0,
    0x1, 0xff, 0x80, 0x3, 0xff, 0x0, 0x7, 0xfe,
    0x0, 0xf, 0xfc, 0x0, 0x1f, 0xf8, 0x0, 0x3f,
    0xf0, 0x0, 0x7f, 0xe0, 0x0, 0xff, 0xc0, 0x1,
    0xff, 0x80, 0x3, 0xff, 0x0, 0x7, 0xfe, 0x0,
    0xf, 0xfc, 0x0, 0x1f, 0x78, 0x0, 0x7c, 0xf8,
    0x0, 0xf9, 0xf0, 0x1, 0xf3, 0xe0, 0x3, 0xc3,
    0xe0, 0xf, 0x87, 0xc0, 0x1f, 0x7, 0xc0, 0x7c,
    0x7, 0xff, 0xf0, 0x7, 0xff, 0xc0, 0x3, 0xfe,
    0x0, 0x0, 0x40, 0x0,

    /* U+00D4 "Ô" */
    0x0, 0x7c, 0x0, 0x0, 0xfc, 0x0, 0x3, 0xbc,
    0x0, 0xe, 0x3c, 0x0, 0x3c, 0x3c, 0x0, 0xf0,
    0x38, 0x0, 0x0, 0x0, 0x0, 0x8, 0x0, 0x1,
    0xff, 0x0, 0xf, 0xff, 0x80, 0x3f, 0xff, 0x80,
    0xf8, 0xf, 0x83, 0xe0, 0xf, 0x87, 0xc0, 0x1f,
    0x1f, 0x0, 0x1e, 0x3e, 0x0, 0x3e, 0x7c, 0x0,
    0x7c, 0xf8, 0x0, 0xfb, 0xe0, 0x0, 0xff, 0xc0,
    0x1, 0xff, 0x80, 0x3, 0xff, 0x0, 0x7, 0xfe,
    0x0, 0xf, 0xfc, 0x0, 0x1f, 0xf8, 0x0, 0x3f,
    0xf0, 0x0, 0x7f, 0xe0, 0x0, 0xff, 0xc0, 0x1,
    0xff, 0x80, 0x3, 0xff, 0x0, 0x7, 0xfe, 0x0,
    0xf, 0xfc, 0x0, 0x1f, 0x78, 0x0, 0x7c, 0xf8,
    0x0, 0xf9, 0xf0, 0x1, 0xf3, 0xe0, 0x3, 0xc3,
    0xe0, 0xf, 0x87, 0xc0, 0x1f, 0x7, 0xc0, 0x7c,
    0x7, 0xff, 0xf0, 0x7, 0xff, 0xc0, 0x3, 0xfe,
    0x0, 0x0, 0x40, 0x0,

    /* U+00D5 "Õ" */
    0x3, 0xe0, 0xe0, 0xf, 0xf3, 0xc0, 0x38, 0xff,
    0x0, 0x70, 0x7c, 0x0, 0x0, 0x0, 0x0, 0x0,
    0x0, 0x0, 0x0, 0x0, 0x0, 0x8, 0x0, 0x1,
    0xff, 0x0, 0xf, 0xff, 0x80, 0x3f, 0xff, 0x80,
    0xf8, 0xf, 0x83, 0xe0, 0xf, 0x87, 0xc0, 0x1f,
    0x1f, 0x0, 0x1e, 0x3e, 0x0, 0x3e, 0x7c, 0x0,
    0x7c, 0xf8, 0x0, 0xfb, 0xe0, 0x0, 0xff, 0xc0,
    0x1, 0xff, 0x80, 0x3, 0xff, 0x0, 0x7, 0xfe,
    0x0, 0xf, 0xfc, 0x0, 0x1f, 0xf8, 0x0, 0x3f,
    0xf0, 0x0, 0x7f, 0xe0, 0x0, 0xff, 0xc0, 0x1,
    0xff, 0x80, 0x3, 0xff, 0x0, 0x7, 0xfe, 0x0,
    0xf, 0xfc, 0x0, 0x1f, 0x78, 0x0, 0x7c, 0xf8,
    0x0, 0xf9, 0xf0, 0x1, 0xf3, 0xe0, 0x3, 0xc3,
    0xe0, 0xf, 0x87, 0xc0, 0x1f, 0x7, 0xc0, 0x7c,
    0x7, 0xff, 0xf0, 0x7, 0xff, 0xc0, 0x3, 0xfe,
    0x0, 0x0, 0x40, 0x0,

    /* U+00D6 "Ö" */
    0x7, 0x83, 0xc0, 0xf, 0x7, 0x80, 0x1e, 0xf,
    0x0, 0x0, 0x0, 0x0, 0x0, 0x0, 0x0, 0x0,
    0x0, 0x0, 0x0, 0x0, 0x0, 0x8, 0x0, 0x1,
    0xff, 0x0, 0xf, 0xff, 0x80, 0x3f, 0xff, 0x80,
    0xf8, 0xf, 0x83, 0xe0, 0xf, 0x87, 0xc0, 0x1f,
    0x1f, 0x0, 0x1e, 0x3e, 0x0, 0x3e, 0x7c, 0x0,
    0x7c, 0xf8, 0x0, 0xfb, 0xe0, 0x0, 0xff, 0xc0,
    0x1, 0xff, 0x80, 0x3, 0xff, 0x0, 0x7, 0xfe,
    0x0, 0xf, 0xfc, 0x0, 0x1f, 0xf8, 0x0, 0x3f,
    0xf0, 0x0, 0x7f, 0xe0, 0x0, 0xff, 0xc0, 0x1,
    0xff, 0x80, 0x3, 0xff, 0x0, 0x7, 0xfe, 0x0,
    0xf, 0xfc, 0x0, 0x1f, 0x78, 0x0, 0x7c, 0xf8,
    0x0, 0xf9, 0xf0, 0x1, 0xf3, 0xe0, 0x3, 0xc3,
    0xe0, 0xf, 0x87, 0xc0, 0x1f, 0x7, 0xc0, 0x7c,
    0x7, 0xff, 0xf0, 0x7, 0xff, 0xc0, 0x3, 0xfe,
    0x0, 0x0, 0x40, 0x0,

    /* U+00D7 "×" */
    0x30, 0x0, 0x11, 0xe0, 0x0, 0xef, 0xc0, 0x7,
    0xdf, 0x80, 0x3e, 0x3f, 0x3, 0xf0, 0x7e, 0x1f,
    0x80, 0xfc, 0xfc, 0x1, 0xff, 0xe0, 0x3, 0xff,
    0x0, 0x7, 0xf8, 0x0, 0xf, 0xc0, 0x0, 0x7f,
    0x80, 0x3, 0xff, 0x0, 0x1f, 0xbe, 0x0, 0xfc,
    0x7c, 0x7, 0xe0, 0xf8, 0x3f, 0x1, 0xf1, 0xf8,
    0x3, 0xe7, 0xc0, 0x7, 0xce, 0x0, 0xe, 0x10,
    0x0, 0x10,

    /* U+00D8 "Ø" */
    0x0, 0x2, 0x0, 0x60, 0x3, 0xff, 0xf, 0x0,
    0xff, 0xf9, 0xe0, 0x1f, 0xff, 0xfc, 0x3, 0xe0,
    0x3f, 0x80, 0x7c, 0x1, 0xf8, 0x7, 0xc0, 0x1f,
    0x0, 0x78, 0x0, 0xf8, 0xf, 0x80, 0x1f, 0x80,
    0xf8, 0x3, 0xf8, 0xf, 0x80, 0x3f, 0x81, 0xf0,
    0x7, 0x7c, 0x1f, 0x0, 0xf7, 0xc1, 0xf0, 0xe,
    0x7c, 0x1f, 0x1, 0xc7, 0xc1, 0xf0, 0x3c, 0x7c,
    0x1f, 0x3, 0x87, 0xc1, 0xf0, 0x70, 0x7c, 0x1f,
    0xf, 0x7, 0xc1, 0xf0, 0xe0, 0x7c, 0x1f, 0x1c,
    0x7, 0xc1, 0xf3, 0xc0, 0x7c, 0x1f, 0x38, 0x7,
    0xc1, 0xf7, 0x0, 0x7c, 0x1f, 0xf0, 0x7, 0x80,
    0xfe, 0x0, 0xf8, 0xf, 0xc0, 0xf, 0x80, 0xfc,
    0x0, 0xf8, 0xf, 0x80, 0xf, 0x0, 0x78, 0x1,
    0xf0, 0xf, 0xc0, 0x1f, 0x1, 0xfe, 0x3, 0xe0,
    0x3f, 0xff, 0xfc, 0x3, 0x9f, 0xff, 0x80, 0x78,
    0x7f, 0xe0, 0x7, 0x0, 0x60, 0x0,

    /* U+00D9 "Ù" */
    0x7, 0xc0, 0x0, 0x1e, 0x0, 0x0, 0x78, 0x0,
    0x1, 0xe0, 0x0, 0x7, 0x80, 0x0, 0x1e, 0x0,
    0x0, 0x0, 0x0, 0x0, 0x0, 0xf0, 0x0, 0x7f,
    0x80, 0x3, 0xfc, 0x0, 0x1f, 0xe0, 0x0, 0xff,
    0x0, 0x7, 0xf8, 0x0, 0x3f, 0xc0, 0x1, 0xfe,
    0x0, 0xf, 0xf0, 0x0, 0x7f, 0x80, 0x3, 0xfc,
    0x0, 0x1f, 0xe0, 0x0, 0xff, 0x0, 0x7, 0xf8,
    0x0, 0x3f, 0xc0, 0x1, 0xfe, 0x0, 0xf, 0xf0,
    0x0, 0x7f, 0x80, 0x3, 0xfc, 0x0, 0x1f, 0xe0,
    0x0, 0xff, 0x0, 0x7, 0xf8, 0x0, 0x3f, 0xc0,
    0x1, 0xfe, 0x0, 0xf, 0xf0, 0x0, 0x7f, 0x80,
    0x3, 0xfc, 0x0, 0x1f, 0xe0, 0x0, 0xf7, 0x80,
    0xf, 0x3c, 0x0, 0x78, 0xf0, 0x7, 0x87, 0xff,
    0xfc, 0xf, 0xff, 0x80, 0x3f, 0xf8, 0x0, 0x8,
    0x0,

    /* U+00DA "Ú" */
    0x0, 0x1f, 0x0, 0x0, 0xf0, 0x0, 0xf, 0x0,
    0x0, 0xf0, 0x0, 0xf, 0x0, 0x0, 0xf0, 0x0,
    0x0, 0x0, 0x0, 0x0, 0x0, 0xf0, 0x0, 0x7f,
    0x80, 0x3, 0xfc, 0x0, 0x1f, 0xe0, 0x0, 0xff,
    0x0, 0x7, 0xf8, 0x0, 0x3f, 0xc0, 0x1, 0xfe,
    0x0, 0xf, 0xf0, 0x0, 0x7f, 0x80, 0x3, 0xfc,
    0x0, 0x1f, 0xe0, 0x0, 0xff, 0x0, 0x7, 0xf8,
    0x0, 0x3f, 0xc0, 0x1, 0xfe, 0x0, 0xf, 0xf0,
    0x0, 0x7f, 0x80, 0x3, 0xfc, 0x0, 0x1f, 0xe0,
    0x0, 0xff, 0x0, 0x7, 0xf8, 0x0, 0x3f, 0xc0,
    0x1, 0xfe, 0x0, 0xf, 0xf0, 0x0, 0x7f, 0x80,
    0x3, 0xfc, 0x0, 0x1f, 0xe0, 0x0, 0xf7, 0x80,
    0xf, 0x3c, 0x0, 0x78, 0xf0, 0x7, 0x87, 0xff,
    0xfc, 0xf, 0xff, 0x80, 0x3f, 0xf8, 0x0, 0x8,
    0x0,

    /* U+00DB "Û" */
    0x0, 0xf8, 0x0, 0xf, 0xe0, 0x0, 0xf7, 0x80,
    0xf, 0x1e, 0x0, 0xf0, 0x78, 0x7, 0x1, 0xc0,
    0x0, 0x0, 0x0, 0x0, 0x0, 0xf0, 0x0, 0x7f,
    0x80, 0x3, 0xfc, 0x0, 0x1f, 0xe0, 0x0, 0xff,
    0x0, 0x7, 0xf8, 0x0, 0x3f, 0xc0, 0x1, 0xfe,
    0x0, 0xf, 0xf0, 0x0, 0x7f, 0x80, 0x3, 0xfc,
    0x0, 0x1f, 0xe0, 0x0, 0xff, 0x0, 0x7, 0xf8,
    0x0, 0x3f, 0xc0, 0x1, 0xfe, 0x0, 0xf, 0xf0,
    0x0, 0x7f, 0x80, 0x3, 0xfc, 0x0, 0x1f, 0xe0,
    0x0, 0xff, 0x0, 0x7, 0xf8, 0x0, 0x3f, 0xc0,
    0x1, 0xfe, 0x0, 0xf, 0xf0, 0x0, 0x7f, 0x80,
    0x3, 0xfc, 0x0, 0x1f, 0xe0, 0x0, 0xf7, 0x80,
    0xf, 0x3c, 0x0, 0x78, 0xf0, 0x7, 0x87, 0xff,
    0xfc, 0xf, 0xff, 0x80, 0x3f, 0xf8, 0x0, 0x8,
    0x0,

    /* U+00DC "Ü" */
    0xf, 0x7, 0x80, 0x78, 0x3c, 0x3, 0xc1, 0xe0,
    0x0, 0x0, 0x0, 0x0, 0x0, 0x0, 0x0, 0x0,
    0x0, 0x0, 0x0, 0x0, 0x0, 0xf0, 0x0, 0x7f,
    0x80, 0x3, 0xfc, 0x0, 0x1f, 0xe0, 0x0, 0xff,
    0x0, 0x7, 0xf8, 0x0, 0x3f, 0xc0, 0x1, 0xfe,
    0x0, 0xf, 0xf0, 0x0, 0x7f, 0x80, 0x3, 0xfc,
    0x0, 0x1f, 0xe0, 0x0, 0xff, 0x0, 0x7, 0xf8,
    0x0, 0x3f, 0xc0, 0x1, 0xfe, 0x0, 0xf, 0xf0,
    0x0, 0x7f, 0x80, 0x3, 0xfc, 0x0, 0x1f, 0xe0,
    0x0, 0xff, 0x0, 0x7, 0xf8, 0x0, 0x3f, 0xc0,
    0x1, 0xfe, 0x0, 0xf, 0xf0, 0x0, 0x7f, 0x80,
    0x3, 0xfc, 0x0, 0x1f, 0xe0, 0x0, 0xf7, 0x80,
    0xf, 0x3c, 0x0, 0x78, 0xf0, 0x7, 0x87, 0xff,
    0xfc, 0xf, 0xff, 0x80, 0x3f, 0xf8, 0x0, 0x8,
    0x0,

    /* U+00DD "Ý" */
    0x0, 0x3, 0xc0, 0x0, 0x1, 0xe0, 0x0, 0x0,
    0xf0, 0x0, 0x0, 0x38, 0x0, 0x0, 0x1e, 0x0,
    0x0, 0xf, 0x0, 0x0, 0x0, 0x0, 0x0, 0x0,
    0x0, 0x0, 0xf8, 0x0, 0x7, 0xdf, 0x0, 0x3,
    0xe3, 0xc0, 0x0, 0xf8, 0xf8, 0x0, 0x7c, 0x1e,
    0x0, 0x1e, 0x7, 0xc0, 0xf, 0x80, 0xf0, 0x3,
    0xc0, 0x3e, 0x1, 0xf0, 0x7, 0xc0, 0xf8, 0x0,
    0xf0, 0x3c, 0x0, 0x3e, 0x1f, 0x0, 0x7, 0x87,
    0x80, 0x1, 0xf3, 0xe0, 0x0, 0x3c, 0xf0, 0x0,
    0x7, 0xf8, 0x0, 0x1, 0xfe, 0x0, 0x0, 0x3f,
    0x0, 0x0, 0xf, 0xc0, 0x0, 0x1, 0xe0, 0x0,
    0x0, 0x78, 0x0, 0x0, 0x1e, 0x0, 0x0, 0x7,
    0x80, 0x0, 0x1, 0xe0, 0x0, 0x0, 0x78, 0x0,
    0x0, 0x1e, 0x0, 0x0, 0x7, 0x80, 0x0, 0x1,
    0xe0, 0x0, 0x0, 0x78, 0x0, 0x0, 0x1e, 0x0,
    0x0, 0x7, 0x80, 0x0, 0x1, 0xe0, 0x0, 0x0,
    0x78, 0x0, 0x0, 0x1e, 0x0, 0x0, 0x7, 0x80,
    0x0,

    /* U+00DE "Þ" */
    0xf0, 0x0, 0x3, 0xc0, 0x0, 0xf, 0x0, 0x0,
    0x3c, 0x0, 0x0, 0xf0, 0x0, 0x3, 0xc0, 0x0,
    0xf, 0x0, 0x0, 0x3f, 0xff, 0x80, 0xff, 0xff,
    0xc3, 0xff, 0xff, 0x8f, 0x0, 0x7f, 0x3c, 0x0,
    0x7e, 0xf0, 0x0, 0xfb, 0xc0, 0x1, 0xff, 0x0,
    0x7, 0xfc, 0x0, 0x1f, 0xf0, 0x0, 0x7f, 0xc0,
    0x1, 0xff, 0x0, 0x7, 0xfc, 0x0, 0x3e, 0xf0,
    0x1, 0xfb, 0xc0, 0x1f, 0xcf, 0xff, 0xfe, 0x3f,
    0xff, 0xf0, 0xff, 0xfe, 0x3, 0xc0, 0x0, 0xf,
    0x0, 0x0, 0x3c, 0x0, 0x0, 0xf0, 0x0, 0x3,
    0xc0, 0x0, 0xf, 0x0, 0x0, 0x3c, 0x0, 0x0,
    0xf0, 0x0, 0x3, 0xc0, 0x0, 0x0,

    /* U+00DF "ß" */
    0x3, 0xf8, 0x0, 0x7f, 0xfc, 0x3, 0xff, 0xf8,
    0x1f, 0x83, 0xf0, 0x78, 0x3, 0xc1, 0xe0, 0xf,
    0xf, 0x0, 0x1e, 0x3c, 0x0, 0x78, 0xf0, 0x3,
    0xe3, 0xc0, 0x7f, 0x8f, 0x3, 0xe0, 0x3c, 0x1f,
    0x0, 0xf0, 0x78, 0x3, 0xc3, 0xc0, 0xf, 0xf,
    0x0, 0x3c, 0x3c, 0x0, 0xf0, 0xf0, 0x3, 0xc3,
    0xe0, 0xf, 0x7, 0xc0, 0x3c, 0x1f, 0xc0, 0xf0,
    0x3f, 0xc3, 0xc0, 0x7f, 0x8f, 0x0, 0x7f, 0x3c,
    0x0, 0x7e, 0xf0, 0x0, 0xfb, 0xc0, 0x1, 0xff,
    0x0, 0x3, 0xfc, 0x0, 0xf, 0xf0, 0x0, 0x3f,
    0xc0, 0x0, 0xff, 0x0, 0x7, 0xfc, 0x80, 0x3e,
    0xf3, 0xff, 0xf3, 0xcf, 0xff, 0x8f, 0x3f, 0xfc,
    0x0, 0x6, 0x0,

    /* U+00E0 "à" */
    0xf, 0x0, 0x0, 0x3e, 0x0, 0x0, 0x7c, 0x0,
    0x0, 0xf0, 0x0, 0x1, 0xe0, 0x0, 0x3, 0xc0,
    0x0, 0x7, 0x80, 0x0, 0xf, 0x0, 0x0, 0x1c,
    0x0, 0x0, 0x0, 0x0, 0x0, 0x0, 0x0, 0x0,
    0x0, 0x0, 0x20, 0x0, 0x7f, 0xfc, 0x3, 0xff,
    0xfc, 0xf, 0xff, 0xf8, 0x38, 0x1, 0xf0, 0x80,
    0x3, 0xc0, 0x0, 0xf, 0x80, 0x0, 0x1e, 0x0,
    0x0, 0x78, 0x0, 0x1, 0xe0, 0x1f, 0xff, 0x83,
    0xff, 0xfe, 0x3f, 0xff, 0xf8, 0xfc, 0x1, 0xe7,
    0xc0, 0x7, 0xbe, 0x0, 0x1e, 0xf0, 0x0, 0x7b,
    0xc0, 0x1, 0xef, 0x0, 0xf, 0xbc, 0x0, 0x3e,
    0xf0, 0x1, 0xfb, 0xe0, 0xf, 0xe7, 0xc0, 0x7f,
    0x8f, 0xff, 0xce, 0x1f, 0xfe, 0x3c, 0x3f, 0xf0,
    0xf0, 0x8, 0x0, 0x0,

    /* U+00E1 "á" */
    0x0, 0x3, 0xc0, 0x0, 0x1e, 0x0, 0x0, 0xf8,
    0x0, 0x3, 0xc0, 0x0, 0x1e, 0x0, 0x0, 0xf0,
    0x0, 0x7, 0x80, 0x0, 0x3c, 0x0, 0x0, 0xe0,
    0x0, 0x0, 0x0, 0x0, 0x0, 0x0, 0x0, 0x0,
    0x0, 0x0, 0x20, 0x0, 0x7f, 0xfc, 0x3, 0xff,
    0xfc, 0xf, 0xff, 0xf8, 0x38, 0x1, 0xf0, 0x80,
    0x3, 0xc0, 0x0, 0xf, 0x80, 0x0, 0x1e, 0x0,
    0x0, 0x78, 0x0, 0x1, 0xe0, 0x1f, 0xff, 0x83,
    0xff, 0xfe, 0x3f, 0xff, 0xf8, 0xfc, 0x1, 0xe7,
    0xc0, 0x7, 0xbe, 0x0, 0x1e, 0xf0, 0x0, 0x7b,
    0xc0, 0x1, 0xef, 0x0, 0xf, 0xbc, 0x0, 0x3e,
    0xf0, 0x1, 0xfb, 0xe0, 0xf, 0xe7, 0xc0, 0x7f,
    0x8f, 0xff, 0xce, 0x1f, 0xfe, 0x3c, 0x3f, 0xf0,
    0xf0, 0x8, 0x0, 0x0,

    /* U+00E2 "â" */
    0x0, 0x78, 0x0, 0x3, 0xf0, 0x0, 0xf, 0xc0,
    0x0, 0x7f, 0x80, 0x3, 0xcf, 0x0, 0xe, 0x1c,
    0x0, 0x70, 0x38, 0x3, 0xc0, 0xf0, 0xe, 0x1,
    0xc0, 0x0, 0x0, 0x0, 0x0, 0x0, 0x0, 0x0,
    0x0, 0x0, 0x20, 0x0, 0x7f, 0xfc, 0x3, 0xff,
    0xfc, 0xf, 0xff, 0xf8, 0x38, 0x1, 0xf0, 0x80,
    0x3, 0xc0, 0x0, 0xf, 0x80, 0x0, 0x1e, 0x0,
    0x0, 0x78, 0x0, 0x1, 0xe0, 0x1f, 0xff, 0x83,
    0xff, 0xfe, 0x3f, 0xff, 0xf8, 0xfc, 0x1, 0xe7,
    0xc0, 0x7, 0xbe, 0x0, 0x1e, 0xf0, 0x0, 0x7b,
    0xc0, 0x1, 0xef, 0x0, 0xf, 0xbc, 0x0, 0x3e,
    0xf0, 0x1, 0xfb, 0xe0, 0xf, 0xe7, 0xc0, 0x7f,
    0x8f, 0xff, 0xce, 0x1f, 0xfe, 0x3c, 0x3f, 0xf0,
    0xf0, 0x8, 0x0, 0x0,

    /* U+00E3 "ã" */
    0x3, 0xc0, 0xe0, 0x3f, 0x83, 0x80, 0xff, 0xe,
    0x7, 0x9e, 0x78, 0x1c, 0x3f, 0xc0, 0x70, 0x7f,
    0x1, 0xc0, 0xf0, 0x0, 0x0, 0x0, 0x0, 0x0,
    0x0, 0x0, 0x0, 0x0, 0x0, 0x0, 0x0, 0x8,
    0x0, 0x1f, 0xff, 0x0, 0xff, 0xff, 0x3, 0xff,
    0xfe, 0xe, 0x0, 0x7c, 0x0, 0x0, 0xf0, 0x0,
    0x3, 0xe0, 0x0, 0x7, 0x80, 0x0, 0x1e, 0x0,
    0x0, 0x78, 0x7, 0xff, 0xe0, 0xff, 0xff, 0x8f,
    0xff, 0xfe, 0x3f, 0x0, 0x79, 0xf0, 0x1, 0xef,
    0x80, 0x7, 0xbc, 0x0, 0x1e, 0xf0, 0x0, 0x7b,
    0xc0, 0x3, 0xef, 0x0, 0xf, 0xbc, 0x0, 0x7e,
    0xf8, 0x3, 0xf9, 0xf0, 0x1e, 0xe3, 0xff, 0xfb,
    0x87, 0xff, 0xcf, 0xf, 0xfc, 0x3c, 0x3, 0x0,
    0x0,

    /* U+00E4 "ä" */
    0x7, 0x83, 0xc0, 0x1e, 0xf, 0x0, 0x78, 0x3c,
    0x0, 0x0, 0x0, 0x0, 0x0, 0x0, 0x0, 0x0,
    0x0, 0x0, 0x0, 0x0, 0x0, 0x0, 0x0, 0x0,
    0x0, 0x0, 0x80, 0x1, 0xff, 0xf0, 0xf, 0xff,
    0xf0, 0x3f, 0xff, 0xe0, 0xe0, 0x7, 0xc2, 0x0,
    0xf, 0x0, 0x0, 0x3e, 0x0, 0x0, 0x78, 0x0,
    0x1, 0xe0, 0x0, 0x7, 0x80, 0x7f, 0xfe, 0xf,
    0xff, 0xf8, 0xff, 0xff, 0xe3, 0xf0, 0x7, 0x9f,
    0x0, 0x1e, 0xf8, 0x0, 0x7b, 0xc0, 0x1, 0xef,
    0x0, 0x7, 0xbc, 0x0, 0x3e, 0xf0, 0x0, 0xfb,
    0xc0, 0x7, 0xef, 0x80, 0x3f, 0x9f, 0x1, 0xfe,
    0x3f, 0xff, 0x38, 0x7f, 0xf8, 0xf0, 0xff, 0xc3,
    0xc0, 0x20, 0x0,

    /* U+00E5 "å" */
    0x0, 0x78, 0x0, 0x7, 0xf8, 0x0, 0x3f, 0xf0,
    0x0, 0xe1, 0xc0, 0x7, 0x87, 0x80, 0x1c, 0xe,
    0x0, 0x70, 0x38, 0x1, 0xc0, 0xe0, 0x7, 0x87,
    0x80, 0xe, 0x1c, 0x0, 0x3f, 0xf0, 0x0, 0x7f,
    0x80, 0x0, 0x78, 0x0, 0x0, 0x0, 0x0, 0x0,
    0x0, 0x0, 0x8, 0x0, 0x1f, 0xff, 0x0, 0xff,
    0xff, 0x3, 0xff, 0xfe, 0xe, 0x0, 0x7c, 0x20,
    0x0, 0xf0, 0x0, 0x3, 0xe0, 0x0, 0x7, 0x80,
    0x0, 0x1e, 0x0, 0x0, 0x78, 0x7, 0xff, 0xe0,
    0xff, 0xff, 0x8f, 0xff, 0xfe, 0x3f, 0x0, 0x79,
    0xf0, 0x1, 0xef, 0x80, 0x7, 0xbc, 0x0, 0x1e,
    0xf0, 0x0, 0x7b, 0xc0, 0x3, 0xef, 0x0, 0xf,
    0xbc, 0x0, 0x7e, 0xf8, 0x3, 0xf9, 0xf0, 0x1f,
    0xe3, 0xff, 0xf7, 0x8f, 0xff, 0x9f, 0xf, 0xf8,
    0x3c, 0x2, 0x0, 0x0,

    /* U+00E6 "æ" */
    0x1, 0x0, 0x0, 0x7, 0xfe, 0x3f, 0xe0, 0xff,
    0xff, 0xfe, 0x1f, 0xff, 0xff, 0xe2, 0x3, 0xf0,
    0x3c, 0x0, 0x7e, 0x7, 0x80, 0x7, 0x80, 0x78,
    0x0, 0xf0, 0xf, 0x0, 0x1e, 0x1, 0xe0, 0x3,
    0xc0, 0x3c, 0x0, 0x78, 0x7, 0x83, 0xff, 0xff,
    0xf1, 0xff, 0xff, 0xfe, 0x7f, 0xff, 0xff, 0xdf,
    0x7, 0x80, 0x3, 0xc0, 0xf0, 0x0, 0xf0, 0x1e,
    0x0, 0x1e, 0x3, 0xc0, 0x3, 0xc0, 0x78, 0x0,
    0x78, 0xf, 0x0, 0xf, 0x1, 0xf0, 0x1, 0xe0,
    0x7e, 0x0, 0x1e, 0xf, 0xe0, 0x33, 0xff, 0xff,
    0xfe, 0x3f, 0xf3, 0xff, 0xc3, 0xfc, 0x3f, 0xf0,
    0xc, 0x0, 0x60, 0x0,

    /* U+00E7 "ç" */
    0x0, 0x0, 0x0, 0x1f, 0xfc, 0x7, 0xff, 0xf0,
    0xff, 0xff, 0x1f, 0x0, 0x73, 0xe0, 0x1, 0x3c,
    0x0, 0x7, 0x80, 0x0, 0x78, 0x0, 0xf, 0x0,
    0x0, 0xf0, 0x0, 0xf, 0x0, 0x0, 0xf0, 0x0,
    0xf, 0x0, 0x0, 0xf0, 0x0, 0xf, 0x0, 0x0,
    0xf0, 0x0, 0xf, 0x0, 0x0, 0x78, 0x0, 0x7,
    0x80, 0x0, 0x7c, 0x0, 0x3, 0xe0, 0x1, 0x1f,
    0x0, 0x71, 0xff, 0xff, 0x7, 0xff, 0xf0, 0x3f,
    0xfe, 0x0, 0x3e, 0x0, 0x0, 0xe0, 0x0, 0x6,
    0x0, 0x0, 0x70, 0x0, 0x7, 0x0, 0x0, 0xf0,
    0x1, 0xff, 0x0, 0x1f, 0xe0, 0x1, 0xfc, 0x0,

    /* U+00E8 "è" */
    0xf, 0x80, 0x0, 0xf, 0x80, 0x0, 0xf, 0x0,
    0x0, 0xf, 0x0, 0x0, 0xf, 0x0, 0x0, 0xf,
    0x0, 0x0, 0xf, 0x0, 0x0, 0x1e, 0x0, 0x0,
    0x1e, 0x0, 0x0, 0x0, 0x0, 0x0, 0x0, 0x0,
    0x0, 0x0, 0x0, 0x0, 0x0, 0x0, 0x3f, 0xf0,
    0x1, 0xff, 0xf8, 0x7, 0xff, 0xf8, 0x1f, 0x0,
    0xf8, 0x7c, 0x0, 0xf8, 0xf0, 0x0, 0xf3, 0xc0,
    0x1, 0xe7, 0x80, 0x1, 0xfe, 0x0, 0x3, 0xfc,
    0x0, 0x7, 0xff, 0xff, 0xff, 0xff, 0xff, 0xff,
    0xff, 0xff, 0xff, 0xc0, 0x0, 0x7, 0x80, 0x0,
    0xf, 0x0, 0x0, 0x1e, 0x0, 0x0, 0x1e, 0x0,
    0x0, 0x3c, 0x0, 0x0, 0x3c, 0x0, 0x0, 0x7c,
    0x0, 0x8, 0x7c, 0x0, 0xf0, 0x7f, 0xff, 0xe0,
    0x7f, 0xff, 0xc0, 0x3f, 0xfe, 0x0, 0x3, 0x0,
    0x0,

    /* U+00E9 "é" */
    0x0, 0x1, 0xe0, 0x0, 0x7, 0xc0, 0x0, 0x1f,
    0x0, 0x0, 0x7c, 0x0, 0x1, 0xf0, 0x0, 0x3,
    0xc0, 0x0, 0xf, 0x0, 0x0, 0x3c, 0x0, 0x0,
    0xf0, 0x0, 0x0, 0x0, 0x0, 0x0, 0x0, 0x0,
    0x0, 0x0, 0x0, 0x0, 0x0, 0x0, 0x3f, 0xf0,
    0x1, 0xff, 0xf8, 0x7, 0xff, 0xf8, 0x1f, 0x0,
    0xf8, 0x7c, 0x0, 0xf8, 0xf0, 0x0, 0xf3, 0xc0,
    0x1, 0xe7, 0x80, 0x1, 0xfe, 0x0, 0x3, 0xfc,
    0x0, 0x7, 0xff, 0xff, 0xff, 0xff, 0xff, 0xff,
    0xff, 0xff, 0xff, 0xc0, 0x0, 0x7, 0x80, 0x0,
    0xf, 0x0, 0x0, 0x1e, 0x0, 0x0, 0x1e, 0x0,
    0x0, 0x3c, 0x0, 0x0, 0x3c, 0x0, 0x0, 0x7c,
    0x0, 0x8, 0x7c, 0x0, 0xf0, 0x7f, 0xff, 0xe0,
    0x7f, 0xff, 0xc0, 0x3f, 0xfe, 0x0, 0x3, 0x0,
    0x0,

    /* U+00EA "ê" */
    0x0, 0x3c, 0x0, 0x0, 0xfc, 0x0, 0x3, 0xf8,
    0x0, 0xf, 0x78, 0x0, 0x1e, 0x78, 0x0, 0x78,
    0x70, 0x1, 0xe0, 0x70, 0x3, 0x80, 0xf0, 0xe,
    0x0, 0xf0, 0x0, 0x0, 0x0, 0x0, 0x0, 0x0,
    0x0, 0x0, 0x0, 0x0, 0x0, 0x0, 0x3f, 0xf0,
    0x1, 0xff, 0xf8, 0x7, 0xff, 0xf8, 0x1f, 0x0,
    0xf8, 0x7c, 0x0, 0xf8, 0xf0, 0x0, 0xf3, 0xc0,
    0x1, 0xe7, 0x80, 0x1, 0xfe, 0x0, 0x3, 0xfc,
    0x0, 0x7, 0xff, 0xff, 0xff, 0xff, 0xff, 0xff,
    0xff, 0xff, 0xff, 0xc0, 0x0, 0x7, 0x80, 0x0,
    0xf, 0x0, 0x0, 0x1e, 0x0, 0x0, 0x1e, 0x0,
    0x0, 0x3c, 0x0, 0x0, 0x3c, 0x0, 0x0, 0x7c,
    0x0, 0x8, 0x7c, 0x0, 0xf0, 0x7f, 0xff, 0xe0,
    0x7f, 0xff, 0xc0, 0x3f, 0xfe, 0x0, 0x3, 0x0,
    0x0,

    /* U+00EB "ë" */
    0x7, 0x83, 0xc0, 0xf, 0x7, 0x80, 0x1e, 0xf,
    0x0, 0x0, 0x0, 0x0, 0x0, 0x0, 0x0, 0x0,
    0x0, 0x0, 0x0, 0x0, 0x0, 0x0, 0x0, 0x0,
    0x0, 0x0, 0x0, 0x0, 0x0, 0x7, 0xfe, 0x0,
    0x3f, 0xff, 0x0, 0xff, 0xff, 0x3, 0xe0, 0x1f,
    0xf, 0x80, 0x1f, 0x1e, 0x0, 0x1e, 0x78, 0x0,
    0x3c, 0xf0, 0x0, 0x3f, 0xe0, 0x0, 0x7f, 0x80,
    0x0, 0xff, 0xff, 0xff, 0xff, 0xff, 0xff, 0xff,
    0xff, 0xff, 0xf8, 0x0, 0x0, 0xf0, 0x0, 0x1,
    0xe0, 0x0, 0x3, 0xc0, 0x0, 0x3, 0xc0, 0x0,
    0x7, 0x80, 0x0, 0x7, 0x80, 0x0, 0xf, 0x80,
    0x1, 0xf, 0x80, 0x1e, 0xf, 0xff, 0xfc, 0xf,
    0xff, 0xf8, 0x7, 0xff, 0xc0, 0x0, 0x60, 0x0,

    /* U+00EC "ì" */
    0xf8, 0x0, 0x3, 0xe0, 0x0, 0xf, 0x0, 0x0,
    0x3c, 0x0, 0x0, 0xf0, 0x0, 0x3, 0x80, 0x0,
    0x1e, 0x0, 0x0, 0x78, 0x0, 0x1, 0xe0, 0x0,
    0x0, 0x0, 0x0, 0x0, 0x0, 0x0, 0x0, 0x0,
    0x0, 0x0, 0x3f, 0xf0, 0x1, 0xff, 0x80, 0xf,
    0xfc, 0x0, 0x1, 0xe0, 0x0, 0xf, 0x0, 0x0,
    0x78, 0x0, 0x3, 0xc0, 0x0, 0x1e, 0x0, 0x0,
    0xf0, 0x0, 0x7, 0x80, 0x0, 0x3c, 0x0, 0x1,
    0xe0, 0x0, 0xf, 0x0, 0x0, 0x78, 0x0, 0x3,
    0xc0, 0x0, 0x1e, 0x0, 0x0, 0xf0, 0x0, 0x7,
    0x80, 0x0, 0x3c, 0x0, 0x1, 0xe0, 0x0, 0x7,
    0x80, 0x0, 0x3e, 0x0, 0x0, 0xff, 0xf0, 0x3,
    0xff, 0x80, 0x7, 0xfc,

    /* U+00ED "í" */
    0x0, 0xf, 0x80, 0x0, 0xf0, 0x0, 0x1e, 0x0,
    0x3, 0xc0, 0x0, 0x78, 0x0, 0x7, 0x80, 0x0,
    0xf0, 0x0, 0x1e, 0x0, 0x3, 0xc0, 0x0, 0x0,
    0x0, 0x0, 0x0, 0x0, 0x0, 0x0, 0x0, 0x0,
    0xf, 0xfc, 0x0, 0xff, 0xc0, 0xf, 0xfc, 0x0,
    0x3, 0xc0, 0x0, 0x3c, 0x0, 0x3, 0xc0, 0x0,
    0x3c, 0x0, 0x3, 0xc0, 0x0, 0x3c, 0x0, 0x3,
    0xc0, 0x0, 0x3c, 0x0, 0x3, 0xc0, 0x0, 0x3c,
    0x0, 0x3, 0xc0, 0x0, 0x3c, 0x0, 0x3, 0xc0,
    0x0, 0x3c, 0x0, 0x3, 0xc0, 0x0, 0x3c, 0x0,
    0x3, 0xc0, 0x0, 0x1e, 0x0, 0x1, 0xf0, 0x0,
    0xf, 0xff, 0x0, 0x7f, 0xf0, 0x1, 0xff,

    /* U+00EE "î" */
    0x3, 0x80, 0x0, 0x7c, 0x0, 0x7, 0xe0, 0x0,
    0xfe, 0x0, 0x1e, 0xf0, 0x1, 0xc7, 0x80, 0x38,
    0x38, 0x7, 0x81, 0xc0, 0x70, 0x1e, 0x0, 0x0,
    0x0, 0x0, 0x0, 0x0, 0x0, 0x0, 0x0, 0x0,
    0xf, 0xfc, 0x0, 0xff, 0xc0, 0xf, 0xfc, 0x0,
    0x3, 0xc0, 0x0, 0x3c, 0x0, 0x3, 0xc0, 0x0,
    0x3c, 0x0, 0x3, 0xc0, 0x0, 0x3c, 0x0, 0x3,
    0xc0, 0x0, 0x3c, 0x0, 0x3, 0xc0, 0x0, 0x3c,
    0x0, 0x3, 0xc0, 0x0, 0x3c, 0x0, 0x3, 0xc0,
    0x0, 0x3c, 0x0, 0x3, 0xc0, 0x0, 0x3c, 0x0,
    0x3, 0xc0, 0x0, 0x1e, 0x0, 0x1, 0xf0, 0x0,
    0xf, 0xff, 0x0, 0x7f, 0xf0, 0x1, 0xff,

    /* U+00EF "ï" */
    0x78, 0x3c, 0xf, 0x7, 0x81, 0xe0, 0xf0, 0x0,
    0x0, 0x0, 0x0, 0x0, 0x0, 0x0, 0x0, 0x0,
    0x0, 0x0, 0x0, 0x0, 0x0, 0x0, 0x0, 0x3,
    0xff, 0x0, 0x7f, 0xe0, 0xf, 0xfc, 0x0, 0x7,
    0x80, 0x0, 0xf0, 0x0, 0x1e, 0x0, 0x3, 0xc0,
    0x0, 0x78, 0x0, 0xf, 0x0, 0x1, 0xe0, 0x0,
    0x3c, 0x0, 0x7, 0x80, 0x0, 0xf0, 0x0, 0x1e,
    0x0, 0x3, 0xc0, 0x0, 0x78, 0x0, 0xf, 0x0,
    0x1, 0xe0, 0x0, 0x3c, 0x0, 0x7, 0x80, 0x0,
    0x78, 0x0, 0xf, 0x80, 0x0, 0xff, 0xe0, 0xf,
    0xfc, 0x0, 0x7f, 0x80,

    /* U+00F0 "ð" */
    0xf, 0x80, 0x0, 0x1f, 0x1, 0x80, 0x3e, 0x3e,
    0x0, 0x7f, 0xf0, 0x1, 0xfe, 0x0, 0x3f, 0xf0,
    0x3, 0xf3, 0xe0, 0x6, 0x7, 0xc0, 0x0, 0x1f,
    0x0, 0x0, 0x3e, 0x0, 0x1f, 0xfc, 0x1, 0xff,
    0xf8, 0xf, 0xff, 0xe0, 0x7e, 0x7, 0xc3, 0xe0,
    0xf, 0x1f, 0x0, 0x3e, 0x78, 0x0, 0x79, 0xe0,
    0x1, 0xef, 0x0, 0x7, 0xfc, 0x0, 0xf, 0xf0,
    0x0, 0x3f, 0xc0, 0x0, 0xff, 0x0, 0x3, 0xfc,
    0x0, 0xf, 0xf0, 0x0, 0x3f, 0xc0, 0x0, 0xff,
    0x0, 0x3, 0xde, 0x0, 0x1e, 0x78, 0x0, 0x79,
    0xf0, 0x3, 0xe3, 0xc0, 0xf, 0xf, 0x80, 0x7c,
    0x1f, 0xff, 0xe0, 0x3f, 0xff, 0x0, 0x3f, 0xf0,
    0x0, 0xc, 0x0,

    /* U+00F1 "ñ" */
    0xf, 0x3, 0x81, 0xfc, 0x38, 0x1f, 0xe7, 0x83,
    0xcf, 0xf0, 0x38, 0x7f, 0x3, 0x81, 0xe0, 0x0,
    0x0, 0x0, 0x0, 0x0, 0x0, 0x0, 0x0, 0x0,
    0x0, 0xf1, 0xff, 0xf, 0x3f, 0xfc, 0xf7, 0xff,
    0xcf, 0xe0, 0x3e, 0xfc, 0x1, 0xef, 0x80, 0x1f,
    0xf8, 0x0, 0xff, 0x0, 0xf, 0xf0, 0x0, 0xff,
    0x0, 0xf, 0xf0, 0x0, 0xff, 0x0, 0xf, 0xf0,
    0x0, 0xff, 0x0, 0xf, 0xf0, 0x0, 0xff, 0x0,
    0xf, 0xf0, 0x0, 0xff, 0x0, 0xf, 0xf0, 0x0,
    0xff, 0x0, 0xf, 0xf0, 0x0, 0xff, 0x0, 0xf,
    0xf0, 0x0, 0xff, 0x0, 0xf, 0xf0, 0x0, 0xf0,

    /* U+00F2 "ò" */
    0x1f, 0x0, 0x0, 0x3e, 0x0, 0x0, 0x7c, 0x0,
    0x0, 0xf0, 0x0, 0x1, 0xe0, 0x0, 0x3, 0xc0,
    0x0, 0x7, 0x80, 0x0, 0xf, 0x0, 0x0, 0x1c,
    0x0, 0x0, 0x0, 0x0, 0x0, 0x0, 0x0, 0x0,
    0x0, 0x0, 0x0, 0x0, 0xf, 0xfc, 0x0, 0xff,
    0xfc, 0x7, 0xff, 0xf8, 0x3e, 0x1, 0xf0, 0xf0,
    0x3, 0xc7, 0x80, 0x7, 0x9e, 0x0, 0x1e, 0x78,
    0x0, 0x7b, 0xc0, 0x0, 0xff, 0x0, 0x3, 0xfc,
    0x0, 0xf, 0xf0, 0x0, 0x3f, 0xc0, 0x0, 0xff,
    0x0, 0x3, 0xfc, 0x0, 0xf, 0xf0, 0x0, 0x3f,
    0xc0, 0x0, 0xf7, 0x80, 0x7, 0x9e, 0x0, 0x1e,
    0x78, 0x0, 0x78, 0xf0, 0x3, 0xc3, 0xe0, 0x1f,
    0x7, 0xff, 0xf8, 0xf, 0xff, 0xc0, 0xf, 0xfc,
    0x0, 0x3, 0x0, 0x0,

    /* U+00F3 "ó" */
    0x0, 0x3, 0xe0, 0x0, 0x1f, 0x0, 0x0, 0xf8,
    0x0, 0x3, 0xc0, 0x0, 0x1e, 0x0, 0x0, 0xf0,
    0x0, 0x7, 0x80, 0x0, 0x3c, 0x0, 0x0, 0xe0,
    0x0, 0x0, 0x0, 0x0, 0x0, 0x0, 0x0, 0x0,
    0x0, 0x0, 0x0, 0x0, 0xf, 0xfc, 0x0, 0xff,
    0xfc, 0x7, 0xff, 0xf8, 0x3e, 0x1, 0xf0, 0xf0,
    0x3, 0xc7, 0x80, 0x7, 0x9e, 0x0, 0x1e, 0x78,
    0x0, 0x7b, 0xc0, 0x0, 0xff, 0x0, 0x3, 0xfc,
    0x0, 0xf, 0xf0, 0x0, 0x3f, 0xc0, 0x0, 0xff,
    0x0, 0x3, 0xfc, 0x0, 0xf, 0xf0, 0x0, 0x3f,
    0xc0, 0x0, 0xf7, 0x80, 0x7, 0x9e, 0x0, 0x1e,
    0x78, 0x0, 0x78, 0xf0, 0x3, 0xc3, 0xe0, 0x1f,
    0x7, 0xff, 0xf8, 0xf, 0xff, 0xc0, 0xf, 0xfc,
    0x0, 0x3, 0x0, 0x0,

    /* U+00F4 "ô" */
    0x0, 0x78, 0x0, 0x3, 0xf0, 0x0, 0x1f, 0xe0,
    0x0, 0x7f, 0x80, 0x3, 0xcf, 0x0, 0x1e, 0x1e,
    0x0, 0x70, 0x38, 0x3, 0x80, 0x70, 0x1e, 0x1,
    0xe0, 0x0, 0x0, 0x0, 0x0, 0x0, 0x0, 0x0,
    0x0, 0x0, 0x0, 0x0, 0xf, 0xfc, 0x0, 0xff,
    0xfc, 0x7, 0xff, 0xf8, 0x3e, 0x1, 0xf0, 0xf0,
    0x3, 0xc7, 0x80, 0x7, 0x9e, 0x0, 0x1e, 0x78,
    0x0, 0x7b, 0xc0, 0x0, 0xff, 0x0, 0x3, 0xfc,
    0x0, 0xf, 0xf0, 0x0, 0x3f, 0xc0, 0x0, 0xff,
    0x0, 0x3, 0xfc, 0x0, 0xf, 0xf0, 0x0, 0x3f,
    0xc0, 0x0, 0xf7, 0x80, 0x7, 0x9e, 0x0, 0x1e,
    0x78, 0x0, 0x78, 0xf0, 0x3, 0xc3, 0xe0, 0x1f,
    0x7, 0xff, 0xf8, 0xf, 0xff, 0xc0, 0xf, 0xfc,
    0x0, 0x3, 0x0, 0x0,

    /* U+00F5 "õ" */
    0x3, 0xc0, 0xe0, 0x3f, 0xc3, 0x80, 0xff, 0x9e,
    0x7, 0x9f, 0xf0, 0x1c, 0x3f, 0xc0, 0x70, 0x3c,
    0x0, 0x0, 0x0, 0x0, 0x0, 0x0, 0x0, 0x0,
    0x0, 0x0, 0x0, 0x0, 0x3f, 0xf0, 0x3, 0xff,
    0xf0, 0x1f, 0xff, 0xe0, 0xf8, 0x7, 0xc3, 0xc0,
    0xf, 0x1e, 0x0, 0x1e, 0x78, 0x0, 0x79, 0xe0,
    0x1, 0xef, 0x0, 0x3, 0xfc, 0x0, 0xf, 0xf0,
    0x0, 0x3f, 0xc0, 0x0, 0xff, 0x0, 0x3, 0xfc,
    0x0, 0xf, 0xf0, 0x0, 0x3f, 0xc0, 0x0, 0xff,
    0x0, 0x3, 0xde, 0x0, 0x1e, 0x78, 0x0, 0x79,
    0xe0, 0x1, 0xe3, 0xc0, 0xf, 0xf, 0x80, 0x7c,
    0x1f, 0xff, 0xe0, 0x3f, 0xff, 0x0, 0x3f, 0xf0,
    0x0, 0xc, 0x0,

    /* U+00F6 "ö" */
    0x7, 0x87, 0x80, 0x1e, 0x1e, 0x0, 0x78, 0x78,
    0x0, 0x0, 0x0, 0x0, 0x0, 0x0, 0x0, 0x0,
    0x0, 0x0, 0x0, 0x0, 0x0, 0x0, 0x0, 0x0,
    0x0, 0x0, 0x0, 0x0, 0x3f, 0xf0, 0x3, 0xff,
    0xf0, 0x1f, 0xff, 0xe0, 0xfc, 0x7, 0xc3, 0xe0,
    0xf, 0x1f, 0x0, 0x1e, 0x7c, 0x0, 0x79, 0xf0,
    0x1, 0xef, 0x80, 0x3, 0xfe, 0x0, 0xf, 0xf8,
    0x0, 0x3f, 0xe0, 0x0, 0xff, 0x80, 0x3, 0xfe,
    0x0, 0xf, 0xf8, 0x0, 0x3f, 0xe0, 0x0, 0xff,
    0x80, 0x3, 0xdf, 0x0, 0x1e, 0x7c, 0x0, 0x79,
    0xf0, 0x1, 0xe3, 0xe0, 0xf, 0xf, 0xc0, 0x7c,
    0x1f, 0xff, 0xe0, 0x3f, 0xff, 0x0, 0x3f, 0xf0,
    0x0, 0xc, 0x0,

    /* U+00F7 "÷" */
    0x0, 0x7e, 0x0, 0x0, 0x7e, 0x0, 0x0, 0x7e,
    0x0, 0x0, 0x7e, 0x0, 0x0, 0x7e, 0x0, 0x0,
    0x0, 0x0, 0x0, 0x0, 0x0, 0x0, 0x0, 0x0,
    0x0, 0x0, 0x0, 0xff, 0xff, 0xff, 0xff, 0xff,
    0xff, 0xff, 0xff, 0xff, 0x0, 0x0, 0x0, 0x0,
    0x0, 0x0, 0x0, 0x0, 0x0, 0x0, 0x0, 0x0,
    0x0, 0x7e, 0x0, 0x0, 0x7e, 0x0, 0x0, 0x7e,
    0x0, 0x0, 0x7e, 0x0, 0x0, 0x7e, 0x0,

    /* U+00F8 "ø" */
    0x0, 0x0, 0x1, 0x0, 0x0, 0x0, 0xf0, 0xf,
    0xfe, 0x38, 0xf, 0xff, 0xdc, 0x7, 0xff, 0xfe,
    0x3, 0xe0, 0x3f, 0x0, 0xf0, 0x7, 0xe0, 0x78,
    0x1, 0xf8, 0x1e, 0x0, 0xfe, 0x7, 0x80, 0x7f,
    0xc3, 0xc0, 0x3c, 0xf0, 0xf0, 0x1f, 0x3c, 0x3c,
    0xf, 0x8f, 0xf, 0x3, 0xc3, 0xc3, 0xc1, 0xe0,
    0xf0, 0xf0, 0xf0, 0x3c, 0x3c, 0x78, 0xf, 0xf,
    0x3c, 0x3, 0xc3, 0xce, 0x0, 0xf0, 0xff, 0x80,
    0x78, 0x1f, 0xc0, 0x1e, 0x7, 0xe0, 0x7, 0x81,
    0xf0, 0x3, 0xc0, 0x7e, 0x1, 0xf0, 0x1f, 0xff,
    0xf8, 0xe, 0xff, 0xfc, 0x7, 0x1f, 0xfc, 0x3,
    0x80, 0x20, 0x0, 0x60, 0x0, 0x0, 0x0,

    /* U+00F9 "ù" */
    0x3c, 0x0, 0x1, 0xe0, 0x0, 0xf, 0x0, 0x0,
    0x78, 0x0, 0x7, 0xc0, 0x0, 0x3e, 0x0, 0x1,
    0xe0, 0x0, 0xf, 0x0, 0x0, 0x78, 0x0, 0x0,
    0x0, 0x0, 0x0, 0x0, 0x0, 0x0, 0x0, 0x0,
    0xf, 0x0, 0xf, 0xf0, 0x0, 0xff, 0x0, 0xf,
    0xf0, 0x0, 0xff, 0x0, 0xf, 0xf0, 0x0, 0xff,
    0x0, 0xf, 0xf0, 0x0, 0xff, 0x0, 0xf, 0xf0,
    0x0, 0xff, 0x0, 0xf, 0xf0, 0x0, 0xff, 0x0,
    0xf, 0xf0, 0x0, 0xff, 0x0, 0xf, 0xf0, 0x0,
    0xff, 0x0, 0xf, 0xf0, 0x0, 0xff, 0x0, 0x1f,
    0xf8, 0x1, 0xf7, 0x80, 0x3f, 0x7c, 0x7, 0xf3,
    0xff, 0xef, 0x3f, 0xfc, 0xf0, 0xff, 0x8f, 0x1,
    0x80, 0x0,

    /* U+00FA "ú" */
    0x0, 0x7, 0xc0, 0x0, 0xf8, 0x0, 0xf, 0x0,
    0x1, 0xe0, 0x0, 0x3c, 0x0, 0x7, 0x80, 0x0,
    0xf0, 0x0, 0xf, 0x0, 0x1, 0xe0, 0x0, 0x0,
    0x0, 0x0, 0x0, 0x0, 0x0, 0x0, 0x0, 0x0,
    0xf, 0x0, 0xf, 0xf0, 0x0, 0xff, 0x0, 0xf,
    0xf0, 0x0, 0xff, 0x0, 0xf, 0xf0, 0x0, 0xff,
    0x0, 0xf, 0xf0, 0x0, 0xff, 0x0, 0xf, 0xf0,
    0x0, 0xff, 0x0, 0xf, 0xf0, 0x0, 0xff, 0x0,
    0xf, 0xf0, 0x0, 0xff, 0x0, 0xf, 0xf0, 0x0,
    0xff, 0x0, 0xf, 0xf0, 0x0, 0xff, 0x0, 0x1f,
    0xf8, 0x1, 0xf7, 0x80, 0x3f, 0x7c, 0x7, 0xf3,
    0xff, 0xef, 0x3f, 0xfc, 0xf0, 0xff, 0x8f, 0x1,
    0x80, 0x0,

    /* U+00FB "û" */
    0x0, 0xf0, 0x0, 0x1f, 0x0, 0x1, 0xf8, 0x0,
    0x3f, 0xc0, 0x7, 0x9c, 0x0, 0x71, 0xe0, 0xe,
    0xf, 0x1, 0xe0, 0x70, 0x1c, 0x3, 0x80, 0x0,
    0x0, 0x0, 0x0, 0x0, 0x0, 0x0, 0x0, 0x0,
    0xf, 0x0, 0xf, 0xf0, 0x0, 0xff, 0x0, 0xf,
    0xf0, 0x0, 0xff, 0x0, 0xf, 0xf0, 0x0, 0xff,
    0x0, 0xf, 0xf0, 0x0, 0xff, 0x0, 0xf, 0xf0,
    0x0, 0xff, 0x0, 0xf, 0xf0, 0x0, 0xff, 0x0,
    0xf, 0xf0, 0x0, 0xff, 0x0, 0xf, 0xf0, 0x0,
    0xff, 0x0, 0xf, 0xf0, 0x0, 0xff, 0x0, 0x1f,
    0xf8, 0x1, 0xf7, 0x80, 0x3f, 0x7c, 0x7, 0xf3,
    0xff, 0xef, 0x3f, 0xfc, 0xf0, 0xff, 0x8f, 0x1,
    0x80, 0x0,

    /* U+00FC "ü" */
    0x1e, 0xf, 0x1, 0xe0, 0xf0, 0x1e, 0xf, 0x0,
    0x0, 0x0, 0x0, 0x0, 0x0, 0x0, 0x0, 0x0,
    0x0, 0x0, 0x0, 0x0, 0x0, 0x0, 0x0, 0x0,
    0x0, 0xf0, 0x0, 0xff, 0x0, 0xf, 0xf0, 0x0,
    0xff, 0x0, 0xf, 0xf0, 0x0, 0xff, 0x0, 0xf,
    0xf0, 0x0, 0xff, 0x0, 0xf, 0xf0, 0x0, 0xff,
    0x0, 0xf, 0xf0, 0x0, 0xff, 0x0, 0xf, 0xf0,
    0x0, 0xff, 0x0, 0xf, 0xf0, 0x0, 0xff, 0x0,
    0xf, 0xf0, 0x0, 0xff, 0x0, 0xf, 0xf0, 0x1,
    0xff, 0x80, 0x1f, 0x78, 0x3, 0xf7, 0xc0, 0x7f,
    0x3f, 0xfe, 0xf3, 0xff, 0xcf, 0xf, 0xf8, 0xf0,
    0x18, 0x0,

    /* U+00FD "ý" */
    0x0, 0x1, 0xe0, 0x0, 0x3, 0xc0, 0x0, 0x7,
    0x80, 0x0, 0xf, 0x80, 0x0, 0xf, 0x0, 0x0,
    0x1e, 0x0, 0x0, 0x3c, 0x0, 0x0, 0x78, 0x0,
    0x0, 0x70, 0x0, 0x0, 0x0, 0x0, 0x0, 0x0,
    0x0, 0x0, 0x0, 0x0, 0xf8, 0x0, 0xf, 0x78,
    0x0, 0x1f, 0x7c, 0x0, 0x1e, 0x3c, 0x0, 0x3e,
    0x3c, 0x0, 0x3c, 0x3e, 0x0, 0x3c, 0x1e, 0x0,
    0x7c, 0x1e, 0x0, 0x78, 0x1f, 0x0, 0x78, 0xf,
    0x0, 0xf8, 0xf, 0x80, 0xf0, 0x7, 0x81, 0xf0,
    0x7, 0x81, 0xe0, 0x7, 0xc1, 0xe0, 0x3, 0xc3,
    0xe0, 0x3, 0xe3, 0xc0, 0x1, 0xe3, 0xc0, 0x1,
    0xe7, 0x80, 0x1, 0xf7, 0x80, 0x0, 0xff, 0x80,
    0x0, 0xff, 0x0, 0x0, 0x7f, 0x0, 0x0, 0x7e,
    0x0, 0x0, 0x7e, 0x0, 0x0, 0x3e, 0x0, 0x0,
    0x3c, 0x0, 0x0, 0x3c, 0x0, 0x0, 0x7c, 0x0,
    0x0, 0x78, 0x0, 0x0, 0xf8, 0x0, 0x0, 0xf0,
    0x0, 0x1, 0xf0, 0x0, 0x3f, 0xe0, 0x0, 0x3f,
    0xc0, 0x0, 0x3f, 0x0, 0x0,

    /* U+00FE "þ" */
    0xf0, 0x0, 0x7, 0x80, 0x0, 0x3c, 0x0, 0x1,
    0xe0, 0x0, 0xf, 0x0, 0x0, 0x78, 0x0, 0x3,
    0xc0, 0x0, 0x1e, 0x0, 0x0, 0xf0, 0x0, 0x7,
    0x80, 0x0, 0x3c, 0x7f, 0x81, 0xef, 0xff, 0xf,
    0xff, 0xfc, 0x7f, 0x1, 0xf3, 0xf0, 0x7, 0x9f,
    0x0, 0x1e, 0xf8, 0x0, 0xf7, 0xc0, 0x7, 0xbc,
    0x0, 0x1f, 0xe0, 0x0, 0xff, 0x0, 0x7, 0xf8,
    0x0, 0x3f, 0xc0, 0x1, 0xfe, 0x0, 0xf, 0xf0,
    0x0, 0x7f, 0x80, 0x3, 0xfc, 0x0, 0x1f, 0xf0,
    0x1, 0xef, 0x80, 0xf, 0x7c, 0x0, 0x7b, 0xf0,
    0x7, 0x9f, 0xc0, 0x7c, 0xff, 0xff, 0xc7, 0xbf,
    0xfc, 0x3c, 0x7f, 0x81, 0xe0, 0x60, 0xf, 0x0,
    0x0, 0x78, 0x0, 0x3, 0xc0, 0x0, 0x1e, 0x0,
    0x0, 0xf0, 0x0, 0x7, 0x80, 0x0, 0x3c, 0x0,
    0x1, 0xe0, 0x0, 0xf, 0x0, 0x0, 0x0,

    /* U+00FF "ÿ" */
    0x3, 0x1, 0x80, 0x7, 0x83, 0xc0, 0x7, 0x83,
    0xc0, 0x3, 0x1, 0x80, 0x0, 0x0, 0x0, 0x0,
    0x0, 0x0, 0x0, 0x0, 0x0, 0x0, 0x0, 0x0,
    0x0, 0x0, 0x0, 0x0, 0x0, 0x0, 0xf8, 0x0,
    0x1e, 0x78, 0x0, 0x3e, 0x78, 0x0, 0x3e, 0x7c,
    0x0, 0x3c, 0x3c, 0x0, 0x7c, 0x3e, 0x0, 0x78,
    0x1e, 0x0, 0x78, 0x1e, 0x0, 0xf8, 0x1f, 0x0,
    0xf0, 0xf, 0x0, 0xf0, 0xf, 0x1, 0xf0, 0xf,
    0x81, 0xe0, 0x7, 0x81, 0xe0, 0x7, 0x83, 0xc0,
    0x7, 0xc3, 0xc0, 0x3, 0xc3, 0xc0, 0x3, 0xe7,
    0x80, 0x1, 0xe7, 0x80, 0x1, 0xef, 0x0, 0x1,
    0xff, 0x0, 0x0, 0xff, 0x0, 0x0, 0xfe, 0x0,
    0x0, 0xfe, 0x0, 0x0, 0x7e, 0x0, 0x0, 0x7c,
    0x0, 0x0, 0x7c, 0x0, 0x0, 0x7c, 0x0, 0x0,
    0x78, 0x0, 0x0, 0xf8, 0x0, 0x0, 0xf0, 0x0,
    0x1, 0xf0, 0x0, 0x3, 0xe0, 0x0, 0x3f, 0xe0,
    0x0, 0x3f, 0xc0, 0x0, 0x3f, 0x0, 0x0,

    /* U+20AC "€" */
    0x0, 0x0, 0x0, 0x0, 0xf, 0xfc, 0x0, 0x3f,
    0xff, 0x0, 0x7f, 0xff, 0x0, 0xf8, 0xf, 0x1,
    0xe0, 0x3, 0x1, 0xe0, 0x1, 0x3, 0xc0, 0x0,
    0x3, 0xc0, 0x0, 0x7, 0x80, 0x0, 0x7, 0x80,
    0x0, 0x7, 0x80, 0x0, 0xf, 0x0, 0x0, 0xf,
    0x0, 0x0, 0x7f, 0xff, 0xe0, 0x7f, 0xff, 0xe0,
    0xf, 0x0, 0x0, 0xf, 0x0, 0x0, 0xf, 0x0,
    0x0, 0xf, 0x0, 0x0, 0x7f, 0xff, 0x0, 0x7f,
    0xff, 0x0, 0xf, 0x0, 0x0, 0xf, 0x0, 0x0,
    0x7, 0x80, 0x0, 0x7, 0x80, 0x0, 0x7, 0x80,
    0x0, 0x3, 0xc0, 0x0, 0x3, 0xc0, 0x0, 0x3,
    0xe0, 0x1, 0x1, 0xe0, 0x3, 0x0, 0xf8, 0xf,
    0x0, 0x7f, 0xff, 0x0, 0x3f, 0xff, 0x0, 0x1f,
    0xfc, 0x0, 0x0, 0x80,

    /* U+2116 "№" */
    0xf8, 0x3c, 0xe, 0x1f, 0x7, 0x87, 0xf3, 0xe0,
    0xf0, 0xfe, 0x7c, 0x1e, 0x38, 0xef, 0xc3, 0xc6,
    0xd, 0xf8, 0x79, 0xc1, 0xff, 0xf, 0x30, 0x1f,
    0xe1, 0xe6, 0x3, 0xfe, 0x3c, 0xc0, 0x7f, 0xc7,
    0x98, 0xf, 0xf8, 0xf3, 0x1, 0xff, 0x1e, 0x60,
    0x3f, 0xf3, 0xcc, 0x7, 0xfe, 0x79, 0xc1, 0xff,
    0xcf, 0x18, 0x37, 0xf9, 0xe3, 0x8e, 0xf7, 0xbc,
    0x3f, 0x9e, 0xf7, 0x87, 0xe3, 0xde, 0xf0, 0x38,
    0x7b, 0xde, 0x0, 0xf, 0x3f, 0xc0, 0x1, 0xe7,
    0xf9, 0xff, 0xfc, 0xff, 0x3f, 0xff, 0x8f, 0xe7,
    0xff, 0xf1, 0xfc, 0x0, 0x1e, 0x3f, 0x80, 0x3,
    0xc7, 0xf0, 0x0, 0x78, 0x7e, 0x0, 0xf, 0xf,
    0xc0, 0x1, 0xe1, 0xf8, 0x0, 0x3c, 0x1f, 0x0,
    0x7, 0x83, 0xe0, 0x0, 0xf0, 0x7c, 0x0, 0x1e,
    0xf, 0x80, 0x0
};


/*---------------------
 *  GLYPH DESCRIPTION
 *--------------------*/

static const lv_font_fmt_txt_glyph_dsc_t glyph_dsc[] = {
    {.bitmap_index = 0, .adv_w = 0, .box_w = 0, .box_h = 0, .ofs_x = 0, .ofs_y = 0} /* id = 0 reserved */,
    {.bitmap_index = 0, .adv_w = 448, .box_w = 1, .box_h = 1, .ofs_x = 0, .ofs_y = 0},
    {.bitmap_index = 1, .adv_w = 448, .box_w = 7, .box_h = 35, .ofs_x = 10, .ofs_y = -1},
    {.bitmap_index = 32, .adv_w = 448, .box_w = 13, .box_h = 12, .ofs_x = 8, .ofs_y = 22},
    {.bitmap_index = 52, .adv_w = 448, .box_w = 28, .box_h = 34, .ofs_x = 1, .ofs_y = 0},
    {.bitmap_index = 171, .adv_w = 448, .box_w = 21, .box_h = 42, .ofs_x = 4, .ofs_y = -7},
    {.bitmap_index = 282, .adv_w = 448, .box_w = 27, .box_h = 32, .ofs_x = 1, .ofs_y = 0},
    {.bitmap_index = 390, .adv_w = 448, .box_w = 26, .box_h = 36, .ofs_x = 1, .ofs_y = -1},
    {.bitmap_index = 507, .adv_w = 448, .box_w = 4, .box_h = 12, .ofs_x = 12, .ofs_y = 22},
    {.bitmap_index = 513, .adv_w = 448, .box_w = 10, .box_h = 42, .ofs_x = 7, .ofs_y = -7},
    {.bitmap_index = 566, .adv_w = 448, .box_w = 10, .box_h = 42, .ofs_x = 11, .ofs_y = -7},
    {.bitmap_index = 619, .adv_w = 448, .box_w = 23, .box_h = 23, .ofs_x = 3, .ofs_y = 9},
    {.bitmap_index = 686, .adv_w = 448, .box_w = 24, .box_h = 24, .ofs_x = 2, .ofs_y = 3},
    {.bitmap_index = 758, .adv_w = 448, .box_w = 10, .box_h = 17, .ofs_x = 9, .ofs_y = -9},
    {.bitmap_index = 780, .adv_w = 448, .box_w = 19, .box_h = 3, .ofs_x = 5, .ofs_y = 12},
    {.bitmap_index = 788, .adv_w = 448, .box_w = 7, .box_h = 8, .ofs_x = 10, .ofs_y = -1},
    {.bitmap_index = 795, .adv_w = 448, .box_w = 23, .box_h = 38, .ofs_x = 2, .ofs_y = -4},
    {.bitmap_index = 905, .adv_w = 448, .box_w = 22, .box_h = 36, .ofs_x = 3, .ofs_y = -1},
    {.bitmap_index = 1004, .adv_w = 448, .box_w = 20, .box_h = 34, .ofs_x = 5, .ofs_y = 0},
    {.bitmap_index = 1089, .adv_w = 448, .box_w = 21, .box_h = 35, .ofs_x = 3, .ofs_y = 0},
    {.bitmap_index = 1181, .adv_w = 448, .box_w = 21, .box_h = 36, .ofs_x = 3, .ofs_y = -1},
    {.bitmap_index = 1276, .adv_w = 448, .box_w = 24, .box_h = 34, .ofs_x = 2, .ofs_y = 0},
    {.bitmap_index = 1378, .adv_w = 448, .box_w = 21, .box_h = 35, .ofs_x = 3, .ofs_y = -1},
    {.bitmap_index = 1470, .adv_w = 448, .box_w = 22, .box_h = 36, .ofs_x = 3, .ofs_y = -1},
    {.bitmap_index = 1569, .adv_w = 448, .box_w = 22, .box_h = 34, .ofs_x = 3, .ofs_y = 0},
    {.bitmap_index = 1663, .adv_w = 448, .box_w = 22, .box_h = 36, .ofs_x = 3, .ofs_y = -1},
    {.bitmap_index = 1762, .adv_w = 448, .box_w = 22, .box_h = 36, .ofs_x = 3, .ofs_y = -1},
    {.bitmap_index = 1861, .adv_w = 448, .box_w = 7, .box_h = 23, .ofs_x = 11, .ofs_y = 2},
    {.bitmap_index = 1882, .adv_w = 448, .box_w = 10, .box_h = 35, .ofs_x = 9, .ofs_y = -11},
    {.bitmap_index = 1926, .adv_w = 448, .box_w = 25, .box_h = 23, .ofs_x = 2, .ofs_y = 3},
    {.bitmap_index = 1998, .adv_w = 448, .box_w = 24, .box_h = 13, .ofs_x = 2, .ofs_y = 8},
    {.bitmap_index = 2037, .adv_w = 448, .box_w = 25, .box_h = 23, .ofs_x = 2, .ofs_y = 3},
    {.bitmap_index = 2109, .adv_w = 448, .box_w = 18, .box_h = 36, .ofs_x = 5, .ofs_y = -1},
    {.bitmap_index = 2190, .adv_w = 448, .box_w = 27, .box_h = 39, .ofs_x = 1, .ofs_y = -7},
    {.bitmap_index = 2322, .adv_w = 448, .box_w = 26, .box_h = 34, .ofs_x = 1, .ofs_y = 0},
    {.bitmap_index = 2433, .adv_w = 448, .box_w = 22, .box_h = 34, .ofs_x = 4, .ofs_y = 0},
    {.bitmap_index = 2527, .adv_w = 448, .box_w = 22, .box_h = 36, .ofs_x = 3, .ofs_y = -1},
    {.bitmap_index = 2626, .adv_w = 448, .box_w = 22, .box_h = 34, .ofs_x = 3, .ofs_y = 0},
    {.bitmap_index = 2720, .adv_w = 448, .box_w = 21, .box_h = 34, .ofs_x = 5, .ofs_y = 0},
    {.bitmap_index = 2810, .adv_w = 448, .box_w = 20, .box_h = 34, .ofs_x = 5, .ofs_y = 0},
    {.bitmap_index = 2895, .adv_w = 448, .box_w = 23, .box_h = 36, .ofs_x = 2, .ofs_y = -1},
    {.bitmap_index = 2999, .adv_w = 448, .box_w = 22, .box_h = 34, .ofs_x = 3, .ofs_y = 0},
    {.bitmap_index = 3093, .adv_w = 448, .box_w = 19, .box_h = 34, .ofs_x = 5, .ofs_y = 0},
    {.bitmap_index = 3174, .adv_w = 448, .box_w = 19, .box_h = 35, .ofs_x = 2, .ofs_y = -1},
    {.bitmap_index = 3258, .adv_w = 448, .box_w = 24, .box_h = 34, .ofs_x = 3, .ofs_y = 0},
    {.bitmap_index = 3360, .adv_w = 448, .box_w = 21, .box_h = 34, .ofs_x = 5, .ofs_y = 0},
    {.bitmap_index = 3450, .adv_w = 448, .box_w = 24, .box_h = 34, .ofs_x = 2, .ofs_y = 0},
    {.bitmap_index = 3552, .adv_w = 448, .box_w = 22, .box_h = 34, .ofs_x = 3, .ofs_y = 0},
    {.bitmap_index = 3646, .adv_w = 448, .box_w = 23, .box_h = 36, .ofs_x = 3, .ofs_y = -1},
    {.bitmap_index = 3750, .adv_w = 448, .box_w = 22, .box_h = 34, .ofs_x = 4, .ofs_y = 0},
    {.bitmap_index = 3844, .adv_w = 448, .box_w = 25, .box_h = 43, .ofs_x = 3, .ofs_y = -8},
    {.bitmap_index = 3979, .adv_w = 448, .box_w = 25, .box_h = 34, .ofs_x = 3, .ofs_y = 0},
    {.bitmap_index = 4086, .adv_w = 448, .box_w = 22, .box_h = 36, .ofs_x = 3, .ofs_y = -1},
    {.bitmap_index = 4185, .adv_w = 448, .box_w = 26, .box_h = 34, .ofs_x = 1, .ofs_y = 0},
    {.bitmap_index = 4296, .adv_w = 448, .box_w = 21, .box_h = 35, .ofs_x = 3, .ofs_y = -1},
    {.bitmap_index = 4388, .adv_w = 448, .box_w = 26, .box_h = 34, .ofs_x = 1, .ofs_y = 0},
    {.bitmap_index = 4499, .adv_w = 448, .box_w = 28, .box_h = 34, .ofs_x = 0, .ofs_y = 0},
    {.bitmap_index = 4618, .adv_w = 448, .box_w = 28, .box_h = 34, .ofs_x = 0, .ofs_y = 0},
    {.bitmap_index = 4737, .adv_w = 448, .box_w = 26, .box_h = 34, .ofs_x = 1, .ofs_y = 0},
    {.bitmap_index = 4848, .adv_w = 448, .box_w = 23, .box_h = 34, .ofs_x = 3, .ofs_y = 0},
    {.bitmap_index = 4946, .adv_w = 448, .box_w = 15, .box_h = 43, .ofs_x = 7, .ofs_y = -6},
    {.bitmap_index = 5027, .adv_w = 448, .box_w = 22, .box_h = 38, .ofs_x = 3, .ofs_y = -4},
    {.bitmap_index = 5132, .adv_w = 448, .box_w = 14, .box_h = 43, .ofs_x = 7, .ofs_y = -6},
    {.bitmap_index = 5208, .adv_w = 448, .box_w = 25, .box_h = 13, .ofs_x = 2, .ofs_y = 21},
    {.bitmap_index = 5249, .adv_w = 448, .box_w = 24, .box_h = 2, .ofs_x = 2, .ofs_y = -7},
    {.bitmap_index = 5255, .adv_w = 448, .box_w = 11, .box_h = 9, .ofs_x = 6, .ofs_y = 29},
    {.bitmap_index = 5268, .adv_w = 448, .box_w = 22, .box_h = 27, .ofs_x = 3, .ofs_y = -1},
    {.bitmap_index = 5343, .adv_w = 448, .box_w = 21, .box_h = 36, .ofs_x = 4, .ofs_y = -1},
    {.bitmap_index = 5438, .adv_w = 448, .box_w = 20, .box_h = 27, .ofs_x = 4, .ofs_y = -1},
    {.bitmap_index = 5506, .adv_w = 448, .box_w = 21, .box_h = 36, .ofs_x = 3, .ofs_y = -1},
    {.bitmap_index = 5601, .adv_w = 448, .box_w = 23, .box_h = 27, .ofs_x = 3, .ofs_y = -1},
    {.bitmap_index = 5679, .adv_w = 448, .box_w = 20, .box_h = 35, .ofs_x = 4, .ofs_y = 0},
    {.bitmap_index = 5767, .adv_w = 448, .box_w = 21, .box_h = 36, .ofs_x = 3, .ofs_y = -10},
    {.bitmap_index = 5862, .adv_w = 448, .box_w = 20, .box_h = 35, .ofs_x = 4, .ofs_y = 0},
    {.bitmap_index = 5950, .adv_w = 448, .box_w = 19, .box_h = 35, .ofs_x = 6, .ofs_y = 0},
    {.bitmap_index = 6034, .adv_w = 448, .box_w = 14, .box_h = 45, .ofs_x = 5, .ofs_y = -10},
    {.bitmap_index = 6113, .adv_w = 448, .box_w = 22, .box_h = 35, .ofs_x = 5, .ofs_y = 0},
    {.bitmap_index = 6210, .adv_w = 448, .box_w = 21, .box_h = 35, .ofs_x = 4, .ofs_y = 0},
    {.bitmap_index = 6302, .adv_w = 448, .box_w = 24, .box_h = 26, .ofs_x = 2, .ofs_y = 0},
    {.bitmap_index = 6380, .adv_w = 448, .box_w = 20, .box_h = 26, .ofs_x = 4, .ofs_y = 0},
    {.bitmap_index = 6445, .adv_w = 448, .box_w = 22, .box_h = 27, .ofs_x = 3, .ofs_y = -1},
    {.bitmap_index = 6520, .adv_w = 448, .box_w = 21, .box_h = 36, .ofs_x = 4, .ofs_y = -10},
    {.bitmap_index = 6615, .adv_w = 448, .box_w = 21, .box_h = 36, .ofs_x = 3, .ofs_y = -10},
    {.bitmap_index = 6710, .adv_w = 448, .box_w = 18, .box_h = 26, .ofs_x = 7, .ofs_y = 0},
    {.bitmap_index = 6769, .adv_w = 448, .box_w = 19, .box_h = 27, .ofs_x = 5, .ofs_y = -1},
    {.bitmap_index = 6834, .adv_w = 448, .box_w = 21, .box_h = 33, .ofs_x = 3, .ofs_y = 0},
    {.bitmap_index = 6921, .adv_w = 448, .box_w = 20, .box_h = 26, .ofs_x = 4, .ofs_y = -1},
    {.bitmap_index = 6986, .adv_w = 448, .box_w = 24, .box_h = 25, .ofs_x = 2, .ofs_y = 0},
    {.bitmap_index = 7061, .adv_w = 448, .box_w = 28, .box_h = 25, .ofs_x = 0, .ofs_y = 0},
    {.bitmap_index = 7149, .adv_w = 448, .box_w = 25, .box_h = 25, .ofs_x = 2, .ofs_y = 0},
    {.bitmap_index = 7228, .adv_w = 448, .box_w = 24, .box_h = 35, .ofs_x = 2, .ofs_y = -10},
    {.bitmap_index = 7333, .adv_w = 448, .box_w = 19, .box_h = 25, .ofs_x = 5, .ofs_y = 0},
    {.bitmap_index = 7393, .adv_w = 448, .box_w = 20, .box_h = 43, .ofs_x = 2, .ofs_y = -6},
    {.bitmap_index = 7501, .adv_w = 448, .box_w = 4, .box_h = 47, .ofs_x = 12, .ofs_y = -12},
    {.bitmap_index = 7525, .adv_w = 448, .box_w = 20, .box_h = 43, .ofs_x = 6, .ofs_y = -6},
    {.bitmap_index = 7633, .adv_w = 448, .box_w = 25, .box_h = 11, .ofs_x = 2, .ofs_y = 8},
    {.bitmap_index = 7668, .adv_w = 448, .box_w = 1, .box_h = 1, .ofs_x = 0, .ofs_y = 0},
    {.bitmap_index = 7669, .adv_w = 448, .box_w = 7, .box_h = 36, .ofs_x = 11, .ofs_y = -2},
    {.bitmap_index = 7701, .adv_w = 448, .box_w = 20, .box_h = 40, .ofs_x = 5, .ofs_y = -7},
    {.bitmap_index = 7801, .adv_w = 448, .box_w = 22, .box_h = 35, .ofs_x = 3, .ofs_y = 0},
    {.bitmap_index = 7898, .adv_w = 448, .box_w = 20, .box_h = 20, .ofs_x = 5, .ofs_y = 5},
    {.bitmap_index = 7948, .adv_w = 448, .box_w = 27, .box_h = 34, .ofs_x = 1, .ofs_y = 0},
    {.bitmap_index = 8063, .adv_w = 448, .box_w = 4, .box_h = 40, .ofs_x = 12, .ofs_y = -8},
    {.bitmap_index = 8083, .adv_w = 448, .box_w = 19, .box_h = 39, .ofs_x = 5, .ofs_y = -4},
    {.bitmap_index = 8176, .adv_w = 448, .box_w = 13, .box_h = 3, .ofs_x = 7, .ofs_y = 31},
    {.bitmap_index = 8181, .adv_w = 448, .box_w = 28, .box_h = 28, .ofs_x = 0, .ofs_y = 3},
    {.bitmap_index = 8279, .adv_w = 448, .box_w = 16, .box_h = 24, .ofs_x = 6, .ofs_y = 11},
    {.bitmap_index = 8327, .adv_w = 448, .box_w = 21, .box_h = 21, .ofs_x = 2, .ofs_y = 3},
    {.bitmap_index = 8383, .adv_w = 448, .box_w = 25, .box_h = 10, .ofs_x = 2, .ofs_y = 9},
    {.bitmap_index = 8415, .adv_w = 448, .box_w = 12, .box_h = 3, .ofs_x = 8, .ofs_y = 11},
    {.bitmap_index = 8420, .adv_w = 448, .box_w = 28, .box_h = 28, .ofs_x = 0, .ofs_y = 3},
    {.bitmap_index = 8518, .adv_w = 448, .box_w = 14, .box_h = 3, .ofs_x = 7, .ofs_y = 31},
    {.bitmap_index = 8524, .adv_w = 448, .box_w = 15, .box_h = 14, .ofs_x = 7, .ofs_y = 20},
    {.bitmap_index = 8551, .adv_w = 448, .box_w = 24, .box_h = 27, .ofs_x = 2, .ofs_y = 0},
    {.bitmap_index = 8632, .adv_w = 448, .box_w = 13, .box_h = 20, .ofs_x = 8, .ofs_y = 26},
    {.bitmap_index = 8665, .adv_w = 448, .box_w = 14, .box_h = 20, .ofs_x = 7, .ofs_y = 26},
    {.bitmap_index = 8700, .adv_w = 448, .box_w = 11, .box_h = 9, .ofs_x = 11, .ofs_y = 29},
    {.bitmap_index = 8713, .adv_w = 448, .box_w = 23, .box_h = 35, .ofs_x = 4, .ofs_y = -10},
    {.bitmap_index = 8814, .adv_w = 448, .box_w = 22, .box_h = 39, .ofs_x = 2, .ofs_y = -5},
    {.bitmap_index = 8922, .adv_w = 448, .box_w = 7, .box_h = 7, .ofs_x = 10, .ofs_y = 13},
    {.bitmap_index = 8929, .adv_w = 448, .box_w = 10, .box_h = 9, .ofs_x = 9, .ofs_y = -9},
    {.bitmap_index = 8941, .adv_w = 448, .box_w = 14, .box_h = 19, .ofs_x = 7, .ofs_y = 26},
    {.bitmap_index = 8975, .adv_w = 448, .box_w = 17, .box_h = 24, .ofs_x = 6, .ofs_y = 11},
    {.bitmap_index = 9026, .adv_w = 448, .box_w = 21, .box_h = 21, .ofs_x = 5, .ofs_y = 3},
    {.bitmap_index = 9082, .adv_w = 448, .box_w = 25, .box_h = 44, .ofs_x = 0, .ofs_y = -6},
    {.bitmap_index = 9220, .adv_w = 448, .box_w = 26, .box_h = 44, .ofs_x = 0, .ofs_y = -6},
    {.bitmap_index = 9363, .adv_w = 448, .box_w = 25, .box_h = 44, .ofs_x = 0, .ofs_y = -6},
    {.bitmap_index = 9501, .adv_w = 448, .box_w = 19, .box_h = 36, .ofs_x = 4, .ofs_y = -1},
    {.bitmap_index = 9587, .adv_w = 448, .box_w = 26, .box_h = 42, .ofs_x = 1, .ofs_y = 0},
    {.bitmap_index = 9724, .adv_w = 448, .box_w = 26, .box_h = 42, .ofs_x = 1, .ofs_y = 0},
    {.bitmap_index = 9861, .adv_w = 448, .box_w = 26, .box_h = 42, .ofs_x = 1, .ofs_y = 0},
    {.bitmap_index = 9998, .adv_w = 448, .box_w = 27, .box_h = 41, .ofs_x = 1, .ofs_y = 0},
    {.bitmap_index = 10137, .adv_w = 448, .box_w = 26, .box_h = 42, .ofs_x = 1, .ofs_y = 0},
    {.bitmap_index = 10274, .adv_w = 448, .box_w = 27, .box_h = 43, .ofs_x = 1, .ofs_y = 0},
    {.bitmap_index = 10420, .adv_w = 448, .box_w = 28, .box_h = 34, .ofs_x = 0, .ofs_y = 0},
    {.bitmap_index = 10539, .adv_w = 448, .box_w = 22, .box_h = 44, .ofs_x = 3, .ofs_y = -9},
    {.bitmap_index = 10660, .adv_w = 448, .box_w = 21, .box_h = 42, .ofs_x = 5, .ofs_y = 0},
    {.bitmap_index = 10771, .adv_w = 448, .box_w = 21, .box_h = 42, .ofs_x = 5, .ofs_y = 0},
    {.bitmap_index = 10882, .adv_w = 448, .box_w = 21, .box_h = 42, .ofs_x = 5, .ofs_y = 0},
    {.bitmap_index = 10993, .adv_w = 448, .box_w = 21, .box_h = 42, .ofs_x = 5, .ofs_y = 0},
    {.bitmap_index = 11104, .adv_w = 448, .box_w = 19, .box_h = 42, .ofs_x = 5, .ofs_y = 0},
    {.bitmap_index = 11204, .adv_w = 448, .box_w = 19, .box_h = 42, .ofs_x = 5, .ofs_y = 0},
    {.bitmap_index = 11304, .adv_w = 448, .box_w = 19, .box_h = 42, .ofs_x = 5, .ofs_y = 0},
    {.bitmap_index = 11404, .adv_w = 448, .box_w = 19, .box_h = 42, .ofs_x = 5, .ofs_y = 0},
    {.bitmap_index = 11504, .adv_w = 448, .box_w = 25, .box_h = 34, .ofs_x = 1, .ofs_y = 0},
    {.bitmap_index = 11611, .adv_w = 448, .box_w = 22, .box_h = 42, .ofs_x = 3, .ofs_y = 0},
    {.bitmap_index = 11727, .adv_w = 448, .box_w = 23, .box_h = 43, .ofs_x = 3, .ofs_y = -1},
    {.bitmap_index = 11851, .adv_w = 448, .box_w = 23, .box_h = 43, .ofs_x = 3, .ofs_y = -1},
    {.bitmap_index = 11975, .adv_w = 448, .box_w = 23, .box_h = 43, .ofs_x = 3, .ofs_y = -1},
    {.bitmap_index = 12099, .adv_w = 448, .box_w = 23, .box_h = 43, .ofs_x = 3, .ofs_y = -1},
    {.bitmap_index = 12223, .adv_w = 448, .box_w = 23, .box_h = 43, .ofs_x = 3, .ofs_y = -1},
    {.bitmap_index = 12347, .adv_w = 448, .box_w = 22, .box_h = 21, .ofs_x = 3, .ofs_y = 4},
    {.bitmap_index = 12405, .adv_w = 448, .box_w = 28, .box_h = 36, .ofs_x = 0, .ofs_y = -1},
    {.bitmap_index = 12531, .adv_w = 448, .box_w = 21, .box_h = 43, .ofs_x = 3, .ofs_y = -1},
    {.bitmap_index = 12644, .adv_w = 448, .box_w = 21, .box_h = 43, .ofs_x = 3, .ofs_y = -1},
    {.bitmap_index = 12757, .adv_w = 448, .box_w = 21, .box_h = 43, .ofs_x = 3, .ofs_y = -1},
    {.bitmap_index = 12870, .adv_w = 448, .box_w = 21, .box_h = 43, .ofs_x = 3, .ofs_y = -1},
    {.bitmap_index = 12983, .adv_w = 448, .box_w = 26, .box_h = 42, .ofs_x = 1, .ofs_y = 0},
    {.bitmap_index = 13120, .adv_w = 448, .box_w = 22, .box_h = 34, .ofs_x = 5, .ofs_y = 0},
    {.bitmap_index = 13214, .adv_w = 448, .box_w = 22, .box_h = 36, .ofs_x = 4, .ofs_y = -1},
    {.bitmap_index = 13313, .adv_w = 448, .box_w = 22, .box_h = 39, .ofs_x = 3, .ofs_y = -1},
    {.bitmap_index = 13421, .adv_w = 448, .box_w = 22, .box_h = 39, .ofs_x = 3, .ofs_y = -1},
    {.bitmap_index = 13529, .adv_w = 448, .box_w = 22, .box_h = 39, .ofs_x = 3, .ofs_y = -1},
    {.bitmap_index = 13637, .adv_w = 448, .box_w = 22, .box_h = 38, .ofs_x = 3, .ofs_y = -1},
    {.bitmap_index = 13742, .adv_w = 448, .box_w = 22, .box_h = 36, .ofs_x = 3, .ofs_y = -1},
    {.bitmap_index = 13841, .adv_w = 448, .box_w = 22, .box_h = 42, .ofs_x = 3, .ofs_y = -1},
    {.bitmap_index = 13957, .adv_w = 448, .box_w = 27, .box_h = 27, .ofs_x = 1, .ofs_y = -1},
    {.bitmap_index = 14049, .adv_w = 448, .box_w = 20, .box_h = 35, .ofs_x = 4, .ofs_y = -9},
    {.bitmap_index = 14137, .adv_w = 448, .box_w = 23, .box_h = 39, .ofs_x = 3, .ofs_y = -1},
    {.bitmap_index = 14250, .adv_w = 448, .box_w = 23, .box_h = 39, .ofs_x = 3, .ofs_y = -1},
    {.bitmap_index = 14363, .adv_w = 448, .box_w = 23, .box_h = 39, .ofs_x = 3, .ofs_y = -1},
    {.bitmap_index = 14476, .adv_w = 448, .box_w = 23, .box_h = 36, .ofs_x = 3, .ofs_y = -1},
    {.bitmap_index = 14580, .adv_w = 448, .box_w = 21, .box_h = 38, .ofs_x = 5, .ofs_y = 0},
    {.bitmap_index = 14680, .adv_w = 448, .box_w = 20, .box_h = 38, .ofs_x = 6, .ofs_y = 0},
    {.bitmap_index = 14775, .adv_w = 448, .box_w = 20, .box_h = 38, .ofs_x = 6, .ofs_y = 0},
    {.bitmap_index = 14870, .adv_w = 448, .box_w = 19, .box_h = 35, .ofs_x = 6, .ofs_y = 0},
    {.bitmap_index = 14954, .adv_w = 448, .box_w = 22, .box_h = 36, .ofs_x = 3, .ofs_y = -1},
    {.bitmap_index = 15053, .adv_w = 448, .box_w = 20, .box_h = 35, .ofs_x = 4, .ofs_y = 0},
    {.bitmap_index = 15141, .adv_w = 448, .box_w = 22, .box_h = 39, .ofs_x = 3, .ofs_y = -1},
    {.bitmap_index = 15249, .adv_w = 448, .box_w = 22, .box_h = 39, .ofs_x = 3, .ofs_y = -1},
    {.bitmap_index = 15357, .adv_w = 448, .box_w = 22, .box_h = 39, .ofs_x = 3, .ofs_y = -1},
    {.bitmap_index = 15465, .adv_w = 448, .box_w = 22, .box_h = 36, .ofs_x = 3, .ofs_y = -1},
    {.bitmap_index = 15564, .adv_w = 448, .box_w = 22, .box_h = 36, .ofs_x = 3, .ofs_y = -1},
    {.bitmap_index = 15663, .adv_w = 448, .box_w = 24, .box_h = 21, .ofs_x = 2, .ofs_y = 4},
    {.bitmap_index = 15726, .adv_w = 448, .box_w = 26, .box_h = 29, .ofs_x = 1, .ofs_y = -2},
    {.bitmap_index = 15821, .adv_w = 448, .box_w = 20, .box_h = 39, .ofs_x = 4, .ofs_y = -1},
    {.bitmap_index = 15919, .adv_w = 448, .box_w = 20, .box_h = 39, .ofs_x = 4, .ofs_y = -1},
    {.bitmap_index = 16017, .adv_w = 448, .box_w = 20, .box_h = 39, .ofs_x = 4, .ofs_y = -1},
    {.bitmap_index = 16115, .adv_w = 448, .box_w = 20, .box_h = 36, .ofs_x = 4, .ofs_y = -1},
    {.bitmap_index = 16205, .adv_w = 448, .box_w = 24, .box_h = 47, .ofs_x = 2, .ofs_y = -10},
    {.bitmap_index = 16346, .adv_w = 448, .box_w = 21, .box_h = 45, .ofs_x = 4, .ofs_y = -10},
    {.bitmap_index = 16465, .adv_w = 448, .box_w = 24, .box_h = 45, .ofs_x = 2, .ofs_y = -10},
    {.bitmap_index = 16600, .adv_w = 448, .box_w = 24, .box_h = 36, .ofs_x = 1, .ofs_y = -1},
    {.bitmap_index = 16708, .adv_w = 448, .box_w = 27, .box_h = 34, .ofs_x = 0, .ofs_y = 0}
};

/*---------------------
 *  CHARACTER MAPPING
 *--------------------*/

static const uint16_t unicode_list_2[] = {
    0x0, 0x6a
};

/*Collect the unicode lists and glyph_id offsets*/
static const lv_font_fmt_txt_cmap_t cmaps[] =
{
    {
        .range_start = 32, .range_length = 95, .glyph_id_start = 1,
        .unicode_list = NULL, .glyph_id_ofs_list = NULL, .list_length = 0, .type = LV_FONT_FMT_TXT_CMAP_FORMAT0_TINY
    },
    {
        .range_start = 160, .range_length = 96, .glyph_id_start = 96,
        .unicode_list = NULL, .glyph_id_ofs_list = NULL, .list_length = 0, .type = LV_FONT_FMT_TXT_CMAP_FORMAT0_TINY
    },
    {
        .range_start = 8364, .range_length = 107, .glyph_id_start = 192,
        .unicode_list = unicode_list_2, .glyph_id_ofs_list = NULL, .list_length = 2, .type = LV_FONT_FMT_TXT_CMAP_SPARSE_TINY
    }
};



/*--------------------
 *  ALL CUSTOM DATA
 *--------------------*/

#if LVGL_VERSION_MAJOR == 8
/*Store all the custom data of the font*/
static  lv_font_fmt_txt_glyph_cache_t cache;
#endif

#if LVGL_VERSION_MAJOR >= 8
static const lv_font_fmt_txt_dsc_t font_dsc = {
#else
static lv_font_fmt_txt_dsc_t font_dsc = {
#endif
    .glyph_bitmap = glyph_bitmap,
    .glyph_dsc = glyph_dsc,
    .cmaps = cmaps,
    .kern_dsc = NULL,
    .kern_scale = 0,
    .cmap_num = 3,
    .bpp = 1,
    .kern_classes = 0,
    .bitmap_format = 0,
#if LVGL_VERSION_MAJOR == 8
    .cache = &cache
#endif
};

extern const lv_font_t hack_30_ext;


/*-----------------
 *  PUBLIC FONT
 *----------------*/

/*Initialize a public general font descriptor*/
#if LVGL_VERSION_MAJOR >= 8
const lv_font_t hack_30 = {
#else
lv_font_t hack_30 = {
#endif
    .get_glyph_dsc = lv_font_get_glyph_dsc_fmt_txt,    /*Function pointer to get glyph's data*/
    .get_glyph_bitmap = lv_font_get_bitmap_fmt_txt,    /*Function pointer to get glyph's bitmap*/
    .line_height = 58,          /*The maximum line height required by the font*/
    .base_line = 12,             /*Baseline measured from the bottom of the line*/
#if !(LVGL_VERSION_MAJOR == 6 && LVGL_VERSION_MINOR == 0)
    .subpx = LV_FONT_SUBPX_NONE,
#endif
#if LV_VERSION_CHECK(7, 4, 0) || LVGL_VERSION_MAJOR >= 8
    .underline_position = -5,
    .underline_thickness = 2,
#endif
    .dsc = &font_dsc,          /*The custom font data. Will be accessed by `get_glyph_bitmap/dsc` */
#if LV_VERSION_CHECK(8, 2, 0) || LVGL_VERSION_MAJOR >= 9
    .fallback = &hack_30_ext,
#endif
    .user_data = NULL,
};



#endif /*#if HACK_30*/

