/*******************************************************************************
 * Size: 47 px
 * Bpp: 1
 * Opts: --font /tmp/hacktest/Hack-Regular.ttf -r 0x400-0x4FF,0x20B4 --size 47 --bpp 1 --format lvgl --no-compress --lv-font-name hack_cyrillic_30 -o /tmp/hacktest/gen/hack_cyrillic_30.c
 ******************************************************************************/

#include "lvgl.h"

#ifndef HACK_CYRILLIC_30
#define HACK_CYRILLIC_30 1
#endif

#if HACK_CYRILLIC_30

/*-----------------
 *    BITMAPS
 *----------------*/

/*Store the image of the glyphs*/
static LV_ATTRIBUTE_LARGE_CONST const uint8_t glyph_bitmap[] = {
    /* U+0400 "Ѐ" */
    0xf, 0x0, 0x0, 0x3c, 0x0, 0x0, 0xf0, 0x0,
    0x3, 0xc0, 0x0, 0xe, 0x0, 0x0, 0x78, 0x0,
    0x0, 0x0, 0x0, 0x0, 0x0, 0xff, 0xff, 0xff,
    0xff, 0xff, 0xff, 0xff, 0xff, 0xe0, 0x0, 0xf,
    0x0, 0x0, 0x78, 0x0, 0x3, 0xc0, 0x0, 0x1e,
    0x0, 0x0, 0xf0, 0x0, 0x7, 0x80, 0x0, 0x3c,
    0x0, 0x1, 0xe0, 0x0, 0xf, 0x0, 0x0, 0x78,
    0x0, 0x3, 0xff, 0xff, 0xdf, 0xff, 0xfe, 0xff,
    0xff, 0xf7, 0x80, 0x0, 0x3c, 0x0, 0x1, 0xe0,
    0x0, 0xf, 0x0, 0x0, 0x78, 0x0, 0x3, 0xc0,
    0x0, 0x1e, 0x0, 0x0, 0xf0, 0x0, 0x7, 0x80,
    0x0, 0x3c, 0x0, 0x1, 0xe0, 0x0, 0xf, 0x0,
    0x0, 0x78, 0x0, 0x3, 0xc0, 0x0, 0x1f, 0xff,
    0xff, 0xff, 0xff, 0xff, 0xff, 0xff, 0xc0,

    /* U+0401 "Ё" */
    0xf, 0x7, 0x80, 0x78, 0x3c, 0x3, 0xc1, 0xe0,
    0x0, 0x0, 0x0, 0x0, 0x0, 0x0, 0x0, 0x0,
    0x0, 0x0, 0x0, 0x0, 0x0, 0xff, 0xff, 0xff,
    0xff, 0xff, 0xff, 0xff, 0xff, 0xe0, 0x0, 0xf,
    0x0, 0x0, 0x78, 0x0, 0x3, 0xc0, 0x0, 0x1e,
    0x0, 0x0, 0xf0, 0x0, 0x7, 0x80, 0x0, 0x3c,
    0x0, 0x1, 0xe0, 0x0, 0xf, 0x0, 0x0, 0x78,
    0x0, 0x3, 0xff, 0xff, 0xdf, 0xff, 0xfe, 0xff,
    0xff, 0xf7, 0x80, 0x0, 0x3c, 0x0, 0x1, 0xe0,
    0x0, 0xf, 0x0, 0x0, 0x78, 0x0, 0x3, 0xc0,
    0x0, 0x1e, 0x0, 0x0, 0xf0, 0x0, 0x7, 0x80,
    0x0, 0x3c, 0x0, 0x1, 0xe0, 0x0, 0xf, 0x0,
    0x0, 0x78, 0x0, 0x3, 0xc0, 0x0, 0x1f, 0xff,
    0xff, 0xff, 0xff, 0xff, 0xff, 0xff, 0xc0,

    /* U+0402 "Ђ" */
    0xff, 0xff, 0xf0, 0x1f, 0xff, 0xfe, 0x3, 0xff,
    0xff, 0xc0, 0x1, 0xe0, 0x0, 0x0, 0x3c, 0x0,
    0x0, 0x7, 0x80, 0x0, 0x0, 0xf0, 0x0, 0x0,
    0x1e, 0x0, 0x0, 0x3, 0xc0, 0x0, 0x0, 0x78,
    0x0, 0x0, 0xf, 0x0, 0x0, 0x1, 0xe0, 0x0,
    0x0, 0x3c, 0x0, 0x0, 0x7, 0x87, 0xf8, 0x0,
    0xf7, 0xff, 0xc0, 0x1f, 0xff, 0xfc, 0x3, 0xfe,
    0xf, 0xc0, 0x7e, 0x0, 0x78, 0xf, 0x80, 0xf,
    0x1, 0xf0, 0x0, 0xf0, 0x3c, 0x0, 0x1e, 0x7,
    0x80, 0x3, 0xc0, 0xf0, 0x0, 0x78, 0x1e, 0x0,
    0xf, 0x3, 0xc0, 0x1, 0xe0, 0x78, 0x0, 0x3c,
    0xf, 0x0, 0x7, 0x81, 0xe0, 0x0, 0xf0, 0x3c,
    0x0, 0x1e, 0x7, 0x80, 0x3, 0xc0, 0xf0, 0x0,
    0x78, 0x1e, 0x0, 0xf, 0x3, 0xc0, 0x1, 0xe0,
    0x78, 0x0, 0x3c, 0x0, 0x0, 0x7, 0x80, 0x0,
    0x0, 0xf0, 0x0, 0x0, 0x1e, 0x0, 0x0, 0x7,
    0xc0, 0x0, 0x0, 0xf0, 0x0, 0x0, 0x3e, 0x0,
    0x0, 0xf, 0x80, 0x0, 0x7f, 0xe0, 0x0, 0xf,
    0xf8, 0x0, 0x1, 0xfc, 0x0,

    /* U+0403 "Ѓ" */
    0x0, 0x1f, 0x0, 0x0, 0xf0, 0x0, 0xf, 0x0,
    0x0, 0xf0, 0x0, 0xf, 0x0, 0x0, 0xf0, 0x0,
    0x0, 0x0, 0x0, 0x0, 0x0, 0xff, 0xff, 0xff,
    0xff, 0xff, 0xff, 0xff, 0xff, 0xe0, 0x0, 0xf,
    0x0, 0x0, 0x78, 0x0, 0x3, 0xc0, 0x0, 0x1e,
    0x0, 0x0, 0xf0, 0x0, 0x7, 0x80, 0x0, 0x3c,
    0x0, 0x1, 0xe0, 0x0, 0xf, 0x0, 0x0, 0x78,
    0x0, 0x3, 0xc0, 0x0, 0x1e, 0x0, 0x0, 0xf0,
    0x0, 0x7, 0x80, 0x0, 0x3c, 0x0, 0x1, 0xe0,
    0x0, 0xf, 0x0, 0x0, 0x78, 0x0, 0x3, 0xc0,
    0x0, 0x1e, 0x0, 0x0, 0xf0, 0x0, 0x7, 0x80,
    0x0, 0x3c, 0x0, 0x1, 0xe0, 0x0, 0xf, 0x0,
    0x0, 0x78, 0x0, 0x3, 0xc0, 0x0, 0x1e, 0x0,
    0x0, 0xf0, 0x0, 0x7, 0x80, 0x0, 0x0,

    /* U+0404 "Є" */
    0x0, 0x0, 0x0, 0x3, 0xff, 0xc0, 0x1f, 0xff,
    0xc1, 0xff, 0xff, 0xf, 0xc0, 0x3c, 0x7c, 0x0,
    0x31, 0xf0, 0x0, 0xf, 0x80, 0x0, 0x3e, 0x0,
    0x1, 0xf0, 0x0, 0x7, 0xc0, 0x0, 0x1f, 0x0,
    0x0, 0xfc, 0x0, 0x3, 0xe0, 0x0, 0xf, 0x80,
    0x0, 0x3e, 0x0, 0x0, 0xff, 0xff, 0xf3, 0xff,
    0xff, 0xcf, 0xff, 0xff, 0x3e, 0x0, 0x0, 0xf8,
    0x0, 0x3, 0xe0, 0x0, 0xf, 0x80, 0x0, 0x3e,
    0x0, 0x0, 0x7c, 0x0, 0x1, 0xf0, 0x0, 0x7,
    0xc0, 0x0, 0xf, 0x80, 0x0, 0x3e, 0x0, 0x0,
    0x7c, 0x0, 0x11, 0xf8, 0x0, 0xc3, 0xf0, 0xf,
    0x7, 0xff, 0xfc, 0xf, 0xff, 0xf0, 0xf, 0xff,
    0x0, 0x1, 0x80,

    /* U+0405 "Ѕ" */
    0x0, 0x10, 0x0, 0xf, 0xff, 0x80, 0xff, 0xff,
    0x7, 0xff, 0xfc, 0x3e, 0x0, 0x71, 0xe0, 0x0,
    0x47, 0x80, 0x0, 0x3c, 0x0, 0x0, 0xf0, 0x0,
    0x3, 0xc0, 0x0, 0xf, 0x0, 0x0, 0x3c, 0x0,
    0x0, 0xf8, 0x0, 0x3, 0xf8, 0x0, 0x7, 0xf8,
    0x0, 0x1f, 0xff, 0x0, 0x3f, 0xff, 0x0, 0x7f,
    0xff, 0x0, 0x7f, 0xfe, 0x0, 0x3f, 0xfc, 0x0,
    0xf, 0xf8, 0x0, 0x7, 0xe0, 0x0, 0x7, 0xc0,
    0x0, 0x1f, 0x0, 0x0, 0x3c, 0x0, 0x0, 0xf0,
    0x0, 0x3, 0xc0, 0x0, 0xf, 0x0, 0x0, 0x3e,
    0x0, 0x1, 0xee, 0x0, 0xf, 0xbe, 0x0, 0x7c,
    0xff, 0xff, 0xe3, 0xff, 0xff, 0x1, 0xff, 0xf0,
    0x0, 0x18, 0x0,

    /* U+0406 "І" */
    0xff, 0xff, 0xff, 0xff, 0xff, 0xff, 0xff, 0x80,
    0x78, 0x0, 0xf, 0x0, 0x1, 0xe0, 0x0, 0x3c,
    0x0, 0x7, 0x80, 0x0, 0xf0, 0x0, 0x1e, 0x0,
    0x3, 0xc0, 0x0, 0x78, 0x0, 0xf, 0x0, 0x1,
    0xe0, 0x0, 0x3c, 0x0, 0x7, 0x80, 0x0, 0xf0,
    0x0, 0x1e, 0x0, 0x3, 0xc0, 0x0, 0x78, 0x0,
    0xf, 0x0, 0x1, 0xe0, 0x0, 0x3c, 0x0, 0x7,
    0x80, 0x0, 0xf0, 0x0, 0x1e, 0x0, 0x3, 0xc0,
    0x0, 0x78, 0x0, 0xf, 0x0, 0x1, 0xe0, 0x0,
    0x3c, 0x7, 0xff, 0xff, 0xff, 0xff, 0xff, 0xff,
    0xfc,

    /* U+0407 "Ї" */
    0x1e, 0xf, 0x3, 0xc1, 0xe0, 0x78, 0x3c, 0x0,
    0x0, 0x0, 0x0, 0x0, 0x0, 0x0, 0x0, 0x0,
    0x0, 0x0, 0x0, 0xff, 0xff, 0xff, 0xff, 0xff,
    0xff, 0xff, 0x80, 0x78, 0x0, 0xf, 0x0, 0x1,
    0xe0, 0x0, 0x3c, 0x0, 0x7, 0x80, 0x0, 0xf0,
    0x0, 0x1e, 0x0, 0x3, 0xc0, 0x0, 0x78, 0x0,
    0xf, 0x0, 0x1, 0xe0, 0x0, 0x3c, 0x0, 0x7,
    0x80, 0x0, 0xf0, 0x0, 0x1e, 0x0, 0x3, 0xc0,
    0x0, 0x78, 0x0, 0xf, 0x0, 0x1, 0xe0, 0x0,
    0x3c, 0x0, 0x7, 0x80, 0x0, 0xf0, 0x0, 0x1e,
    0x0, 0x3, 0xc0, 0x0, 0x78, 0x0, 0xf, 0x0,
    0x1, 0xe0, 0x0, 0x3c, 0x7, 0xff, 0xff, 0xff,
    0xff, 0xff, 0xff, 0xfc,

    /* U+0408 "Ј" */
    0x3, 0xff, 0xe0, 0x7f, 0xfc, 0xf, 0xff, 0x80,
    0x0, 0xf0, 0x0, 0x1e, 0x0, 0x3, 0xc0, 0x0,
    0x78, 0x0, 0xf, 0x0, 0x1, 0xe0, 0x0, 0x3c,
    0x0, 0x7, 0x80, 0x0, 0xf0, 0x0, 0x1e, 0x0,
    0x3, 0xc0, 0x0, 0x78, 0x0, 0xf, 0x0, 0x1,
    0xe0, 0x0, 0x3c, 0x0, 0x7, 0x80, 0x0, 0xf0,
    0x0, 0x1e, 0x0, 0x3, 0xc0, 0x0, 0x78, 0x0,
    0xf, 0x0, 0x1, 0xe0, 0x0, 0x3c, 0x0, 0x7,
    0x80, 0x0, 0xf8, 0x0, 0x3d, 0x80, 0x7, 0xbc,
    0x1, 0xf7, 0xff, 0xfc, 0xff, 0xff, 0x7, 0xff,
    0x80, 0x3, 0x0, 0x0,

    /* U+0409 "Љ" */
    0x3, 0xff, 0xe0, 0x0, 0x3f, 0xfe, 0x0, 0x3,
    0xff, 0xe0, 0x0, 0x3c, 0x1e, 0x0, 0x3, 0xc1,
    0xe0, 0x0, 0x3c, 0x1e, 0x0, 0x3, 0xc1, 0xe0,
    0x0, 0x3c, 0x1e, 0x0, 0x3, 0xc1, 0xe0, 0x0,
    0x3c, 0x1e, 0x0, 0x3, 0xc1, 0xe0, 0x0, 0x3c,
    0x1e, 0x0, 0x3, 0xc1, 0xe0, 0x0, 0x3c, 0x1e,
    0x0, 0x3, 0xc1, 0xfc, 0x0, 0x3c, 0x1f, 0xf0,
    0x3, 0xc1, 0xff, 0x80, 0x3c, 0x1e, 0x7c, 0x3,
    0xc1, 0xe3, 0xe0, 0x3c, 0x1e, 0x1e, 0x3, 0xc1,
    0xe1, 0xf0, 0x3c, 0x1e, 0xf, 0x3, 0xc1, 0xe0,
    0xf0, 0x3c, 0x1e, 0xf, 0x3, 0xc1, 0xe0, 0xf0,
    0x38, 0x1e, 0xf, 0x3, 0x81, 0xe0, 0xf0, 0x78,
    0x1e, 0x1f, 0x7, 0x81, 0xe1, 0xe0, 0xf0, 0x1e,
    0x3e, 0x1f, 0x1, 0xe7, 0xcf, 0xe0, 0x1f, 0xf8,
    0xfc, 0x1, 0xff, 0xf, 0x0, 0x1f, 0xc0,

    /* U+040A "Њ" */
    0xf0, 0x7, 0x80, 0x1e, 0x0, 0xf0, 0x3, 0xc0,
    0x1e, 0x0, 0x78, 0x3, 0xc0, 0xf, 0x0, 0x78,
    0x1, 0xe0, 0xf, 0x0, 0x3c, 0x1, 0xe0, 0x7,
    0x80, 0x3c, 0x0, 0xf0, 0x7, 0x80, 0x1e, 0x0,
    0xf0, 0x3, 0xc0, 0x1e, 0x0, 0x78, 0x3, 0xc0,
    0xf, 0x0, 0x78, 0x1, 0xe0, 0xf, 0x0, 0x3f,
    0xff, 0xfe, 0x7, 0xff, 0xff, 0xf0, 0xff, 0xff,
    0xff, 0x1e, 0x0, 0xf1, 0xf3, 0xc0, 0x1e, 0x1f,
    0x78, 0x3, 0xc1, 0xef, 0x0, 0x78, 0x3f, 0xe0,
    0xf, 0x3, 0xfc, 0x1, 0xe0, 0x7f, 0x80, 0x3c,
    0xf, 0xf0, 0x7, 0x81, 0xfe, 0x0, 0xf0, 0x3f,
    0xc0, 0x1e, 0x7, 0xf8, 0x3, 0xc1, 0xef, 0x0,
    0x78, 0x3d, 0xe0, 0xf, 0xf, 0xbc, 0x1, 0xe3,
    0xe7, 0x80, 0x3f, 0xf8, 0xf0, 0x7, 0xfe, 0x1e,
    0x0, 0xff, 0x0,

    /* U+040B "Ћ" */
    0xff, 0xff, 0xf0, 0x1f, 0xff, 0xfe, 0x3, 0xff,
    0xff, 0xc0, 0x3, 0xc0, 0x0, 0x0, 0x78, 0x0,
    0x0, 0xf, 0x0, 0x0, 0x1, 0xe0, 0x0, 0x0,
    0x3c, 0x0, 0x0, 0x7, 0x80, 0x0, 0x0, 0xf0,
    0x0, 0x0, 0x1e, 0x0, 0x0, 0x3, 0xc0, 0x0,
    0x0, 0x78, 0x0, 0x0, 0xf, 0xf, 0xf8, 0x1,
    0xef, 0xff, 0xc0, 0x3f, 0xff, 0xfc, 0x7, 0xfc,
    0xf, 0xc0, 0xfe, 0x0, 0xf8, 0x1f, 0x80, 0xf,
    0x3, 0xe0, 0x0, 0xf0, 0x7c, 0x0, 0x1e, 0xf,
    0x0, 0x3, 0xc1, 0xe0, 0x0, 0x78, 0x3c, 0x0,
    0xf, 0x7, 0x80, 0x1, 0xe0, 0xf0, 0x0, 0x3c,
    0x1e, 0x0, 0x7, 0x83, 0xc0, 0x0, 0xf0, 0x78,
    0x0, 0x1e, 0xf, 0x0, 0x3, 0xc1, 0xe0, 0x0,
    0x78, 0x3c, 0x0, 0xf, 0x7, 0x80, 0x1, 0xe0,
    0xf0, 0x0, 0x3c,

    /* U+040C "Ќ" */
    0x0, 0xf, 0x0, 0x0, 0x1e, 0x0, 0x0, 0x3c,
    0x0, 0x0, 0x38, 0x0, 0x0, 0x78, 0x0, 0x0,
    0xf0, 0x0, 0x0, 0x0, 0x0, 0x0, 0x0, 0x0,
    0xf0, 0x0, 0x3e, 0xf0, 0x0, 0x7c, 0xf0, 0x0,
    0xfc, 0xf0, 0x1, 0xf8, 0xf0, 0x3, 0xf0, 0xf0,
    0x7, 0xe0, 0xf0, 0xf, 0xc0, 0xf0, 0x1f, 0x80,
    0xf0, 0x3f, 0x0, 0xf0, 0x7e, 0x0, 0xf0, 0xfc,
    0x0, 0xf1, 0xf8, 0x0, 0xf3, 0xf0, 0x0, 0xf3,
    0xe0, 0x0, 0xf7, 0xe0, 0x0, 0xff, 0xf0, 0x0,
    0xff, 0xf0, 0x0, 0xfe, 0xf8, 0x0, 0xfc, 0x7c,
    0x0, 0xf8, 0x7c, 0x0, 0xf0, 0x3e, 0x0, 0xf0,
    0x1f, 0x0, 0xf0, 0x1f, 0x0, 0xf0, 0xf, 0x80,
    0xf0, 0xf, 0xc0, 0xf0, 0x7, 0xe0, 0xf0, 0x3,
    0xe0, 0xf0, 0x3, 0xf0, 0xf0, 0x1, 0xf8, 0xf0,
    0x0, 0xf8, 0xf0, 0x0, 0xfc, 0xf0, 0x0, 0x7e,
    0xf0, 0x0, 0x3e, 0xf0, 0x0, 0x3f,

    /* U+040D "Ѝ" */
    0x3, 0xc0, 0x0, 0xf, 0x80, 0x0, 0x1f, 0x0,
    0x0, 0x3c, 0x0, 0x0, 0x78, 0x0, 0x0, 0xf0,
    0x0, 0x0, 0x0, 0x0, 0x0, 0x0, 0xf0, 0x0,
    0xff, 0xc0, 0x3, 0xff, 0x0, 0x1f, 0xfc, 0x0,
    0x7f, 0xf0, 0x3, 0xff, 0xc0, 0xf, 0xff, 0x0,
    0x3f, 0xfc, 0x1, 0xef, 0xf0, 0x7, 0xbf, 0xc0,
    0x3c, 0xff, 0x0, 0xf3, 0xfc, 0x7, 0xcf, 0xf0,
    0x1e, 0x3f, 0xc0, 0xf8, 0xff, 0x3, 0xc3, 0xfc,
    0xf, 0xf, 0xf0, 0x78, 0x3f, 0xc1, 0xe0, 0xff,
    0xf, 0x3, 0xfc, 0x3c, 0xf, 0xf1, 0xf0, 0x3f,
    0xc7, 0x80, 0xff, 0x3e, 0x3, 0xfc, 0xf0, 0xf,
    0xf3, 0xc0, 0x3f, 0xde, 0x0, 0xff, 0x78, 0x3,
    0xff, 0xc0, 0xf, 0xff, 0x0, 0x3f, 0xfc, 0x0,
    0xff, 0xe0, 0x3, 0xff, 0x80, 0xf, 0xfc, 0x0,
    0x3f, 0xf0, 0x0, 0xf0,

    /* U+040E "Ў" */
    0x7, 0x0, 0xe0, 0x7, 0x0, 0xe0, 0x7, 0x83,
    0xe0, 0x3, 0xff, 0xc0, 0x1, 0xff, 0x80, 0x0,
    0x7e, 0x0, 0x0, 0x0, 0x0, 0x0, 0x0, 0x0,
    0xf8, 0x0, 0x1f, 0x7c, 0x0, 0x1f, 0x7c, 0x0,
    0x3e, 0x7c, 0x0, 0x3e, 0x3e, 0x0, 0x3e, 0x3e,
    0x0, 0x7c, 0x1f, 0x0, 0x7c, 0x1f, 0x0, 0x78,
    0x1f, 0x0, 0xf8, 0xf, 0x80, 0xf8, 0xf, 0x80,
    0xf0, 0x7, 0x81, 0xf0, 0x7, 0xc1, 0xe0, 0x7,
    0xc3, 0xe0, 0x3, 0xc3, 0xe0, 0x3, 0xe3, 0xc0,
    0x1, 0xe7, 0xc0, 0x1, 0xf7, 0x80, 0x1, 0xf7,
    0x80, 0x0, 0xff, 0x80, 0x0, 0xff, 0x0, 0x0,
    0xff, 0x0, 0x0, 0x7f, 0x0, 0x0, 0x7e, 0x0,
    0x0, 0x3e, 0x0, 0x0, 0x3c, 0x0, 0x0, 0x7c,
    0x0, 0x0, 0x78, 0x0, 0x0, 0xf8, 0x0, 0x0,
    0xf0, 0x0, 0x1, 0xf0, 0x0, 0x3f, 0xe0, 0x0,
    0x3f, 0xc0, 0x0, 0x3f, 0x0, 0x0,

    /* U+040F "Џ" */
    0xf0, 0x0, 0x3f, 0xc0, 0x0, 0xff, 0x0, 0x3,
    0xfc, 0x0, 0xf, 0xf0, 0x0, 0x3f, 0xc0, 0x0,
    0xff, 0x0, 0x3, 0xfc, 0x0, 0xf, 0xf0, 0x0,
    0x3f, 0xc0, 0x0, 0xff, 0x0, 0x3, 0xfc, 0x0,
    0xf, 0xf0, 0x0, 0x3f, 0xc0, 0x0, 0xff, 0x0,
    0x3, 0xfc, 0x0, 0xf, 0xf0, 0x0, 0x3f, 0xc0,
    0x0, 0xff, 0x0, 0x3, 0xfc, 0x0, 0xf, 0xf0,
    0x0, 0x3f, 0xc0, 0x0, 0xff, 0x0, 0x3, 0xfc,
    0x0, 0xf, 0xf0, 0x0, 0x3f, 0xc0, 0x0, 0xff,
    0x0, 0x3, 0xfc, 0x0, 0xf, 0xf0, 0x0, 0x3f,
    0xc0, 0x0, 0xff, 0x0, 0x3, 0xff, 0xff, 0xff,
    0xff, 0xff, 0xff, 0xff, 0xff, 0xf0, 0x7, 0x80,
    0x0, 0x1e, 0x0, 0x0, 0x78, 0x0, 0x1, 0xe0,
    0x0, 0x7, 0x80, 0x0, 0x1e, 0x0, 0x0, 0x78,
    0x0, 0x1, 0xe0, 0x0,

    /* U+0410 "А" */
    0x0, 0x3f, 0x0, 0x0, 0xf, 0xc0, 0x0, 0x3,
    0xf8, 0x0, 0x1, 0xfe, 0x0, 0x0, 0x7f, 0x80,
    0x0, 0x1e, 0xf0, 0x0, 0xf, 0xbc, 0x0, 0x3,
    0xcf, 0x0, 0x0, 0xf3, 0xe0, 0x0, 0x7c, 0x78,
    0x0, 0x1e, 0x1e, 0x0, 0x7, 0x87, 0xc0, 0x3,
    0xe1, 0xf0, 0x0, 0xf8, 0x3c, 0x0, 0x3c, 0xf,
    0x0, 0xf, 0x3, 0xe0, 0x7, 0xc0, 0x78, 0x1,
    0xe0, 0x1e, 0x0, 0x78, 0x7, 0xc0, 0x3e, 0x1,
    0xf0, 0xf, 0x80, 0x3c, 0x3, 0xc0, 0xf, 0x81,
    0xff, 0xff, 0xe0, 0x7f, 0xff, 0xf8, 0x1f, 0xff,
    0xff, 0xf, 0x80, 0x7, 0xc3, 0xe0, 0x0, 0xf0,
    0xf0, 0x0, 0x3c, 0x3c, 0x0, 0xf, 0x9f, 0x0,
    0x3, 0xe7, 0xc0, 0x0, 0x79, 0xe0, 0x0, 0x1f,
    0xf8, 0x0, 0x7, 0xfe, 0x0, 0x0, 0xf0,

    /* U+0411 "Б" */
    0xff, 0xff, 0xfb, 0xff, 0xff, 0xef, 0xff, 0xff,
    0xbc, 0x0, 0x0, 0xf0, 0x0, 0x3, 0xc0, 0x0,
    0xf, 0x0, 0x0, 0x3c, 0x0, 0x0, 0xf0, 0x0,
    0x3, 0xc0, 0x0, 0xf, 0x0, 0x0, 0x3c, 0x0,
    0x0, 0xf0, 0x0, 0x3, 0xc0, 0x0, 0xf, 0x0,
    0x0, 0x3f, 0xff, 0x80, 0xff, 0xff, 0xc3, 0xff,
    0xff, 0x8f, 0x0, 0x3f, 0x3c, 0x0, 0x3e, 0xf0,
    0x0, 0x7b, 0xc0, 0x1, 0xff, 0x0, 0x3, 0xfc,
    0x0, 0xf, 0xf0, 0x0, 0x3f, 0xc0, 0x0, 0xff,
    0x0, 0x3, 0xfc, 0x0, 0xf, 0xf0, 0x0, 0x7b,
    0xc0, 0x3, 0xef, 0x0, 0x3f, 0x3f, 0xff, 0xf8,
    0xff, 0xff, 0xc3, 0xff, 0xf8, 0x0,

    /* U+0412 "В" */
    0xff, 0xfe, 0x3, 0xff, 0xfe, 0xf, 0xff, 0xfe,
    0x3c, 0x0, 0xf8, 0xf0, 0x0, 0xf3, 0xc0, 0x3,
    0xef, 0x0, 0x7, 0xbc, 0x0, 0x1e, 0xf0, 0x0,
    0x7b, 0xc0, 0x1, 0xef, 0x0, 0x7, 0xbc, 0x0,
    0x3e, 0xf0, 0x1, 0xf3, 0xc0, 0xf, 0x8f, 0xff,
    0xfc, 0x3f, 0xff, 0xc0, 0xff, 0xff, 0xc3, 0xc0,
    0xf, 0xcf, 0x0, 0xf, 0x3c, 0x0, 0x1e, 0xf0,
    0x0, 0x7b, 0xc0, 0x0, 0xff, 0x0, 0x3, 0xfc,
    0x0, 0xf, 0xf0, 0x0, 0x3f, 0xc0, 0x0, 0xff,
    0x0, 0x3, 0xfc, 0x0, 0x1f, 0xf0, 0x0, 0x7b,
    0xc0, 0x3, 0xef, 0x0, 0x3f, 0x3f, 0xff, 0xf8,
    0xff, 0xff, 0xc3, 0xff, 0xf8, 0x0,

    /* U+0413 "Г" */
    0xff, 0xff, 0xff, 0xff, 0xff, 0xff, 0xff, 0xff,
    0xe0, 0x0, 0xf, 0x0, 0x0, 0x78, 0x0, 0x3,
    0xc0, 0x0, 0x1e, 0x0, 0x0, 0xf0, 0x0, 0x7,
    0x80, 0x0, 0x3c, 0x0, 0x1, 0xe0, 0x0, 0xf,
    0x0, 0x0, 0x78, 0x0, 0x3, 0xc0, 0x0, 0x1e,
    0x0, 0x0, 0xf0, 0x0, 0x7, 0x80, 0x0, 0x3c,
    0x0, 0x1, 0xe0, 0x0, 0xf, 0x0, 0x0, 0x78,
    0x0, 0x3, 0xc0, 0x0, 0x1e, 0x0, 0x0, 0xf0,
    0x0, 0x7, 0x80, 0x0, 0x3c, 0x0, 0x1, 0xe0,
    0x0, 0xf, 0x0, 0x0, 0x78, 0x0, 0x3, 0xc0,
    0x0, 0x1e, 0x0, 0x0, 0xf0, 0x0, 0x7, 0x80,
    0x0, 0x0,

    /* U+0414 "Д" */
    0x7, 0xff, 0xff, 0x0, 0xff, 0xff, 0xe0, 0x1f,
    0xff, 0xfc, 0x3, 0xc0, 0x7, 0x80, 0x78, 0x0,
    0xf0, 0xf, 0x0, 0x1e, 0x1, 0xe0, 0x3, 0xc0,
    0x3c, 0x0, 0x78, 0x7, 0x80, 0xf, 0x0, 0xf0,
    0x1, 0xe0, 0x1e, 0x0, 0x3c, 0x3, 0xc0, 0x7,
    0x80, 0x78, 0x0, 0xf0, 0xf, 0x0, 0x1e, 0x1,
    0xe0, 0x3, 0xc0, 0x3c, 0x0, 0x78, 0x7, 0x80,
    0xf, 0x0, 0xf0, 0x1, 0xe0, 0x1e, 0x0, 0x3c,
    0x3, 0xc0, 0x7, 0x80, 0x78, 0x0, 0xf0, 0xf,
    0x0, 0x1e, 0x1, 0xe0, 0x3, 0xc0, 0x7c, 0x0,
    0x78, 0xf, 0x0, 0xf, 0x1, 0xe0, 0x1, 0xe0,
    0x3c, 0x0, 0x3c, 0x7, 0x80, 0x7, 0x81, 0xf0,
    0x0, 0xf0, 0x3e, 0x0, 0x1e, 0xf, 0xc0, 0x3,
    0xc7, 0xff, 0xff, 0xff, 0xff, 0xff, 0xff, 0xff,
    0xff, 0xff, 0xff, 0xc0, 0x0, 0x7, 0xf8, 0x0,
    0x0, 0xff, 0x0, 0x0, 0x1f, 0xe0, 0x0, 0x3,
    0xfc, 0x0, 0x0, 0x7f, 0x80, 0x0, 0xf, 0xf0,
    0x0, 0x1, 0xfe, 0x0, 0x0, 0x3c,

    /* U+0415 "Е" */
    0xff, 0xff, 0xff, 0xff, 0xff, 0xff, 0xff, 0xff,
    0xe0, 0x0, 0xf, 0x0, 0x0, 0x78, 0x0, 0x3,
    0xc0, 0x0, 0x1e, 0x0, 0x0, 0xf0, 0x0, 0x7,
    0x80, 0x0, 0x3c, 0x0, 0x1, 0xe0, 0x0, 0xf,
    0x0, 0x0, 0x78, 0x0, 0x3, 0xff, 0xff, 0xdf,
    0xff, 0xfe, 0xff, 0xff, 0xf7, 0x80, 0x0, 0x3c,
    0x0, 0x1, 0xe0, 0x0, 0xf, 0x0, 0x0, 0x78,
    0x0, 0x3, 0xc0, 0x0, 0x1e, 0x0, 0x0, 0xf0,
    0x0, 0x7, 0x80, 0x0, 0x3c, 0x0, 0x1, 0xe0,
    0x0, 0xf, 0x0, 0x0, 0x78, 0x0, 0x3, 0xc0,
    0x0, 0x1f, 0xff, 0xff, 0xff, 0xff, 0xff, 0xff,
    0xff, 0xc0,

    /* U+0416 "Ж" */
    0x7c, 0xf, 0x3, 0xe7, 0xc0, 0xf0, 0x3e, 0x3e,
    0xf, 0x7, 0xc3, 0xe0, 0xf0, 0x7c, 0x1f, 0xf,
    0xf, 0x81, 0xf0, 0xf0, 0xf8, 0xf, 0x8f, 0x1f,
    0x0, 0xf8, 0xf1, 0xf0, 0x7, 0xcf, 0x3e, 0x0,
    0x7c, 0xf3, 0xe0, 0x3, 0xef, 0x7c, 0x0, 0x3e,
    0xf7, 0xc0, 0x1, 0xff, 0xf8, 0x0, 0x1f, 0xff,
    0x80, 0x1, 0xff, 0xf8, 0x0, 0x1f, 0xff, 0x80,
    0x3, 0xff, 0xfc, 0x0, 0x3f, 0xff, 0xc0, 0x3,
    0xff, 0xfc, 0x0, 0x7f, 0xff, 0xe0, 0x7, 0xdf,
    0xbe, 0x0, 0x79, 0xf9, 0xe0, 0xf, 0x8f, 0x1f,
    0x0, 0xf0, 0xf0, 0xf0, 0xf, 0xf, 0xf, 0x1,
    0xf0, 0xf0, 0xf8, 0x1e, 0xf, 0x7, 0x81, 0xe0,
    0xf0, 0x78, 0x3e, 0xf, 0x7, 0xc3, 0xc0, 0xf0,
    0x3c, 0x3c, 0xf, 0x3, 0xc7, 0xc0, 0xf0, 0x3e,
    0x78, 0xf, 0x1, 0xe7, 0x80, 0xf0, 0x1e,

    /* U+0417 "З" */
    0x0, 0x0, 0x1, 0xff, 0xf0, 0x1f, 0xff, 0xe0,
    0xff, 0xff, 0x87, 0x0, 0x3e, 0x0, 0x0, 0xf0,
    0x0, 0x7, 0xc0, 0x0, 0x1e, 0x0, 0x0, 0xf0,
    0x0, 0x7, 0x80, 0x0, 0x3c, 0x0, 0x1, 0xe0,
    0x0, 0x1e, 0x0, 0x1, 0xf0, 0x0, 0x3f, 0x0,
    0x7f, 0xf0, 0x3, 0xfe, 0x0, 0x1f, 0xfc, 0x0,
    0x1, 0xf0, 0x0, 0x7, 0xc0, 0x0, 0x1f, 0x0,
    0x0, 0x78, 0x0, 0x1, 0xe0, 0x0, 0xf, 0x0,
    0x0, 0x78, 0x0, 0x3, 0xc0, 0x0, 0x1e, 0x0,
    0x0, 0xf0, 0x0, 0xf, 0x80, 0x0, 0x7a, 0x0,
    0x7, 0xde, 0x0, 0x7c, 0xff, 0xff, 0xc7, 0xff,
    0xfc, 0x1f, 0xff, 0x80, 0x1, 0x80, 0x0,

    /* U+0418 "И" */
    0xf0, 0x0, 0xff, 0xc0, 0x3, 0xff, 0x0, 0x1f,
    0xfc, 0x0, 0x7f, 0xf0, 0x3, 0xff, 0xc0, 0xf,
    0xff, 0x0, 0x3f, 0xfc, 0x1, 0xef, 0xf0, 0x7,
    0xbf, 0xc0, 0x3c, 0xff, 0x0, 0xf3, 0xfc, 0x7,
    0xcf, 0xf0, 0x1e, 0x3f, 0xc0, 0xf8, 0xff, 0x3,
    0xc3, 0xfc, 0xf, 0xf, 0xf0, 0x78, 0x3f, 0xc1,
    0xe0, 0xff, 0xf, 0x3, 0xfc, 0x3c, 0xf, 0xf1,
    0xf0, 0x3f, 0xc7, 0x80, 0xff, 0x3e, 0x3, 0xfc,
    0xf0, 0xf, 0xf3, 0xc0, 0x3f, 0xde, 0x0, 0xff,
    0x78, 0x3, 0xff, 0xc0, 0xf, 0xff, 0x0, 0x3f,
    0xfc, 0x0, 0xff, 0xe0, 0x3, 0xff, 0x80, 0xf,
    0xfc, 0x0, 0x3f, 0xf0, 0x0, 0xf0,

    /* U+0419 "Й" */
    0x1c, 0x0, 0xe0, 0x38, 0x7, 0x0, 0xf0, 0x3c,
    0x1, 0xff, 0xe0, 0x3, 0xff, 0x0, 0x3, 0xf0,
    0x0, 0x0, 0x0, 0x0, 0x0, 0x0, 0xf0, 0x0,
    0xff, 0xc0, 0x3, 0xff, 0x0, 0x1f, 0xfc, 0x0,
    0x7f, 0xf0, 0x3, 0xff, 0xc0, 0xf, 0xff, 0x0,
    0x3f, 0xfc, 0x1, 0xef, 0xf0, 0x7, 0xbf, 0xc0,
    0x3c, 0xff, 0x0, 0xf3, 0xfc, 0x7, 0xcf, 0xf0,
    0x1e, 0x3f, 0xc0, 0xf8, 0xff, 0x3, 0xc3, 0xfc,
    0xf, 0xf, 0xf0, 0x78, 0x3f, 0xc1, 0xe0, 0xff,
    0xf, 0x3, 0xfc, 0x3c, 0xf, 0xf1, 0xf0, 0x3f,
    0xc7, 0x80, 0xff, 0x3e, 0x3, 0xfc, 0xf0, 0xf,
    0xf3, 0xc0, 0x3f, 0xde, 0x0, 0xff, 0x78, 0x3,
    0xff, 0xc0, 0xf, 0xff, 0x0, 0x3f, 0xfc, 0x0,
    0xff, 0xe0, 0x3, 0xff, 0x80, 0xf, 0xfc, 0x0,
    0x3f, 0xf0, 0x0, 0xf0,

    /* U+041A "К" */
    0xf0, 0x0, 0x3e, 0xf0, 0x0, 0x7c, 0xf0, 0x0,
    0xfc, 0xf0, 0x1, 0xf8, 0xf0, 0x3, 0xf0, 0xf0,
    0x7, 0xe0, 0xf0, 0xf, 0xc0, 0xf0, 0x1f, 0x80,
    0xf0, 0x3f, 0x0, 0xf0, 0x7e, 0x0, 0xf0, 0xfc,
    0x0, 0xf1, 0xf8, 0x0, 0xf3, 0xf0, 0x0, 0xf3,
    0xe0, 0x0, 0xf7, 0xe0, 0x0, 0xff, 0xf0, 0x0,
    0xff, 0xf0, 0x0, 0xfe, 0xf8, 0x0, 0xfc, 0x7c,
    0x0, 0xf8, 0x7c, 0x0, 0xf0, 0x3e, 0x0, 0xf0,
    0x1f, 0x0, 0xf0, 0x1f, 0x0, 0xf0, 0xf, 0x80,
    0xf0, 0xf, 0xc0, 0xf0, 0x7, 0xe0, 0xf0, 0x3,
    0xe0, 0xf0, 0x3, 0xf0, 0xf0, 0x1, 0xf8, 0xf0,
    0x0, 0xf8, 0xf0, 0x0, 0xfc, 0xf0, 0x0, 0x7e,
    0xf0, 0x0, 0x3e, 0xf0, 0x0, 0x3f,

    /* U+041B "Л" */
    0x3, 0xff, 0xff, 0x81, 0xff, 0xff, 0xc0, 0xff,
    0xff, 0xe0, 0x78, 0x0, 0xf0, 0x3c, 0x0, 0x78,
    0x1e, 0x0, 0x3c, 0xf, 0x0, 0x1e, 0x7, 0x80,
    0xf, 0x3, 0xc0, 0x7, 0x81, 0xe0, 0x3, 0xc0,
    0xf0, 0x1, 0xe0, 0x78, 0x0, 0xf0, 0x3c, 0x0,
    0x78, 0x1e, 0x0, 0x3c, 0xf, 0x0, 0x1e, 0x7,
    0x80, 0xf, 0x3, 0xc0, 0x7, 0x81, 0xe0, 0x3,
    0xc0, 0xf0, 0x1, 0xe0, 0x78, 0x0, 0xf0, 0x3c,
    0x0, 0x78, 0x1e, 0x0, 0x3c, 0xf, 0x0, 0x1e,
    0x7, 0x80, 0xf, 0x3, 0xc0, 0x7, 0x81, 0xe0,
    0x3, 0xc0, 0xf0, 0x1, 0xe0, 0xf0, 0x0, 0xf0,
    0x78, 0x0, 0x78, 0x7c, 0x0, 0x3c, 0x7c, 0x0,
    0x1f, 0xfc, 0x0, 0xf, 0xfc, 0x0, 0x7, 0xf8,
    0x0, 0x3, 0xc0,

    /* U+041C "М" */
    0xfc, 0x0, 0x3f, 0xfc, 0x0, 0x3f, 0xfe, 0x0,
    0x7f, 0xfe, 0x0, 0x7f, 0xff, 0x0, 0xff, 0xf7,
    0x0, 0xef, 0xf7, 0x0, 0xef, 0xf7, 0x81, 0xef,
    0xf3, 0x81, 0xcf, 0xf3, 0x81, 0xcf, 0xf3, 0xc3,
    0xcf, 0xf1, 0xc3, 0x8f, 0xf1, 0xc3, 0x8f, 0xf1,
    0xe7, 0x8f, 0xf0, 0xe7, 0xf, 0xf0, 0xe7, 0xf,
    0xf0, 0xff, 0xf, 0xf0, 0x7e, 0xf, 0xf0, 0x7e,
    0xf, 0xf0, 0x7e, 0xf, 0xf0, 0x3c, 0xf, 0xf0,
    0x3c, 0xf, 0xf0, 0x0, 0xf, 0xf0, 0x0, 0xf,
    0xf0, 0x0, 0xf, 0xf0, 0x0, 0xf, 0xf0, 0x0,
    0xf, 0xf0, 0x0, 0xf, 0xf0, 0x0, 0xf, 0xf0,
    0x0, 0xf, 0xf0, 0x0, 0xf, 0xf0, 0x0, 0xf,
    0xf0, 0x0, 0xf, 0xf0, 0x0, 0xf,

    /* U+041D "Н" */
    0xf0, 0x0, 0x3f, 0xc0, 0x0, 0xff, 0x0, 0x3,
    0xfc, 0x0, 0xf, 0xf0, 0x0, 0x3f, 0xc0, 0x0,
    0xff, 0x0, 0x3, 0xfc, 0x0, 0xf, 0xf0, 0x0,
    0x3f, 0xc0, 0x0, 0xff, 0x0, 0x3, 0xfc, 0x0,
    0xf, 0xf0, 0x0, 0x3f, 0xc0, 0x0, 0xff, 0xff,
    0xff, 0xff, 0xff, 0xff, 0xff, 0xff, 0xff, 0xc0,
    0x0, 0xff, 0x0, 0x3, 0xfc, 0x0, 0xf, 0xf0,
    0x0, 0x3f, 0xc0, 0x0, 0xff, 0x0, 0x3, 0xfc,
    0x0, 0xf, 0xf0, 0x0, 0x3f, 0xc0, 0x0, 0xff,
    0x0, 0x3, 0xfc, 0x0, 0xf, 0xf0, 0x0, 0x3f,
    0xc0, 0x0, 0xff, 0x0, 0x3, 0xfc, 0x0, 0xf,
    0xf0, 0x0, 0x3f, 0xc0, 0x0, 0xf0,

    /* U+041E "О" */
    0x0, 0x10, 0x0, 0x3, 0xfe, 0x0, 0x1f, 0xff,
    0x0, 0x7f, 0xff, 0x1, 0xf0, 0x1f, 0x7, 0xc0,
    0x1f, 0xf, 0x80, 0x3e, 0x3e, 0x0, 0x3c, 0x7c,
    0x0, 0x7c, 0xf8, 0x0, 0xf9, 0xf0, 0x1, 0xf7,
    0xc0, 0x1, 0xff, 0x80, 0x3, 0xff, 0x0, 0x7,
    0xfe, 0x0, 0xf, 0xfc, 0x0, 0x1f, 0xf8, 0x0,
    0x3f, 0xf0, 0x0, 0x7f, 0xe0, 0x0, 0xff, 0xc0,
    0x1, 0xff, 0x80, 0x3, 0xff, 0x0, 0x7, 0xfe,
    0x0, 0xf, 0xfc, 0x0, 0x1f, 0xf8, 0x0, 0x3c,
    0xf0, 0x0, 0xf9, 0xf0, 0x1, 0xf3, 0xe0, 0x3,
    0xe7, 0xc0, 0x7, 0x87, 0xc0, 0x1f, 0xf, 0x80,
    0x3c, 0xf, 0x80, 0xf8, 0xf, 0xff, 0xe0, 0xf,
    0xff, 0x80, 0x7, 0xfc, 0x0, 0x0, 0x80, 0x0,

    /* U+041F "П" */
    0xff, 0xff, 0xff, 0xff, 0xff, 0xff, 0xff, 0xff,
    0xfc, 0x0, 0xf, 0xf0, 0x0, 0x3f, 0xc0, 0x0,
    0xff, 0x0, 0x3, 0xfc, 0x0, 0xf, 0xf0, 0x0,
    0x3f, 0xc0, 0x0, 0xff, 0x0, 0x3, 0xfc, 0x0,
    0xf, 0xf0, 0x0, 0x3f, 0xc0, 0x0, 0xff, 0x0,
    0x3, 0xfc, 0x0, 0xf, 0xf0, 0x0, 0x3f, 0xc0,
    0x0, 0xff, 0x0, 0x3, 0xfc, 0x0, 0xf, 0xf0,
    0x0, 0x3f, 0xc0, 0x0, 0xff, 0x0, 0x3, 0xfc,
    0x0, 0xf, 0xf0, 0x0, 0x3f, 0xc0, 0x0, 0xff,
    0x0, 0x3, 0xfc, 0x0, 0xf, 0xf0, 0x0, 0x3f,
    0xc0, 0x0, 0xff, 0x0, 0x3, 0xfc, 0x0, 0xf,
    0xf0, 0x0, 0x3f, 0xc0, 0x0, 0xf0,

    /* U+0420 "Р" */
    0xff, 0xfe, 0x3, 0xff, 0xff, 0xf, 0xff, 0xfe,
    0x3c, 0x1, 0xfc, 0xf0, 0x1, 0xfb, 0xc0, 0x3,
    0xef, 0x0, 0xf, 0xfc, 0x0, 0x1f, 0xf0, 0x0,
    0x7f, 0xc0, 0x1, 0xff, 0x0, 0x7, 0xfc, 0x0,
    0x1f, 0xf0, 0x0, 0x7f, 0xc0, 0x3, 0xff, 0x0,
    0xf, 0xbc, 0x0, 0x7e, 0xf0, 0x7, 0xf3, 0xff,
    0xff, 0x8f, 0xff, 0xf8, 0x3f, 0xff, 0x0, 0xf0,
    0x0, 0x3, 0xc0, 0x0, 0xf, 0x0, 0x0, 0x3c,
    0x0, 0x0, 0xf0, 0x0, 0x3, 0xc0, 0x0, 0xf,
    0x0, 0x0, 0x3c, 0x0, 0x0, 0xf0, 0x0, 0x3,
    0xc0, 0x0, 0xf, 0x0, 0x0, 0x3c, 0x0, 0x0,
    0xf0, 0x0, 0x3, 0xc0, 0x0, 0x0,

    /* U+0421 "С" */
    0x0, 0x0, 0x0, 0x1, 0xff, 0xc0, 0x1f, 0xff,
    0xc1, 0xff, 0xff, 0xf, 0xc0, 0x3c, 0x7e, 0x0,
    0x31, 0xf0, 0x0, 0xf, 0x80, 0x0, 0x3e, 0x0,
    0x1, 0xf0, 0x0, 0x7, 0xc0, 0x0, 0x1f, 0x0,
    0x0, 0xf8, 0x0, 0x3, 0xe0, 0x0, 0xf, 0x80,
    0x0, 0x3e, 0x0, 0x0, 0xf8, 0x0, 0x3, 0xe0,
    0x0, 0xf, 0x80, 0x0, 0x3e, 0x0, 0x0, 0xf8,
    0x0, 0x3, 0xe0, 0x0, 0xf, 0x80, 0x0, 0x3e,
    0x0, 0x0, 0x7c, 0x0, 0x1, 0xf0, 0x0, 0x7,
    0xc0, 0x0, 0xf, 0x80, 0x0, 0x3e, 0x0, 0x0,
    0x7c, 0x0, 0x1, 0xf8, 0x0, 0xc3, 0xf0, 0xf,
    0x7, 0xff, 0xfc, 0xf, 0xff, 0xf0, 0xf, 0xff,
    0x0, 0x1, 0x80,

    /* U+0422 "Т" */
    0xff, 0xff, 0xff, 0xff, 0xff, 0xff, 0xff, 0xff,
    0xff, 0xfc, 0x0, 0x78, 0x0, 0x0, 0x1e, 0x0,
    0x0, 0x7, 0x80, 0x0, 0x1, 0xe0, 0x0, 0x0,
    0x78, 0x0, 0x0, 0x1e, 0x0, 0x0, 0x7, 0x80,
    0x0, 0x1, 0xe0, 0x0, 0x0, 0x78, 0x0, 0x0,
    0x1e, 0x0, 0x0, 0x7, 0x80, 0x0, 0x1, 0xe0,
    0x0, 0x0, 0x78, 0x0, 0x0, 0x1e, 0x0, 0x0,
    0x7, 0x80, 0x0, 0x1, 0xe0, 0x0, 0x0, 0x78,
    0x0, 0x0, 0x1e, 0x0, 0x0, 0x7, 0x80, 0x0,
    0x1, 0xe0, 0x0, 0x0, 0x78, 0x0, 0x0, 0x1e,
    0x0, 0x0, 0x7, 0x80, 0x0, 0x1, 0xe0, 0x0,
    0x0, 0x78, 0x0, 0x0, 0x1e, 0x0, 0x0, 0x7,
    0x80, 0x0, 0x1, 0xe0, 0x0, 0x0, 0x78, 0x0,
    0x0, 0x1e, 0x0, 0x0, 0x7, 0x80, 0x0,

    /* U+0423 "У" */
    0xf8, 0x0, 0x1f, 0x7c, 0x0, 0x1f, 0x7c, 0x0,
    0x3e, 0x7c, 0x0, 0x3e, 0x3e, 0x0, 0x3e, 0x3e,
    0x0, 0x7c, 0x1f, 0x0, 0x7c, 0x1f, 0x0, 0x78,
    0x1f, 0x0, 0xf8, 0xf, 0x80, 0xf8, 0xf, 0x80,
    0xf0, 0x7, 0x81, 0xf0, 0x7, 0xc1, 0xe0, 0x7,
    0xc3, 0xe0, 0x3, 0xc3, 0xe0, 0x3, 0xe3, 0xc0,
    0x1, 0xe7, 0xc0, 0x1, 0xf7, 0x80, 0x1, 0xf7,
    0x80, 0x0, 0xff, 0x80, 0x0, 0xff, 0x0, 0x0,
    0xff, 0x0, 0x0, 0x7f, 0x0, 0x0, 0x7e, 0x0,
    0x0, 0x3e, 0x0, 0x0, 0x3c, 0x0, 0x0, 0x7c,
    0x0, 0x0, 0x78, 0x0, 0x0, 0xf8, 0x0, 0x0,
    0xf0, 0x0, 0x1, 0xf0, 0x0, 0x3f, 0xe0, 0x0,
    0x3f, 0xc0, 0x0, 0x3f, 0x0, 0x0,

    /* U+0424 "Ф" */
    0x0, 0x1e, 0x0, 0x0, 0xf, 0x0, 0x0, 0x7,
    0x80, 0x0, 0x3f, 0xfc, 0x0, 0x7f, 0xff, 0x80,
    0xff, 0xff, 0xe0, 0x7f, 0xff, 0xf8, 0x7e, 0x3c,
    0xfc, 0x7e, 0x1e, 0x1f, 0x3e, 0xf, 0xf, 0x9f,
    0x7, 0x87, 0xdf, 0x3, 0xc1, 0xff, 0x81, 0xe0,
    0xff, 0xc0, 0xf0, 0x7f, 0xe0, 0x78, 0x3f, 0xf0,
    0x3c, 0x1f, 0xf8, 0x1e, 0xf, 0xfc, 0xf, 0x7,
    0xfe, 0x7, 0x83, 0xff, 0x3, 0xc1, 0xff, 0x81,
    0xe0, 0xfb, 0xc0, 0xf0, 0x7d, 0xf0, 0x78, 0x7c,
    0xf8, 0x3c, 0x3e, 0x7e, 0x1e, 0x1f, 0x1f, 0x8f,
    0x1f, 0x7, 0xff, 0xff, 0x81, 0xff, 0xff, 0x80,
    0x7f, 0xff, 0x80, 0xf, 0xff, 0x0, 0x0, 0x78,
    0x0, 0x0, 0x3c, 0x0, 0x0, 0x1e, 0x0, 0x0,
    0xf, 0x0, 0x0,

    /* U+0425 "Х" */
    0x3e, 0x0, 0x3, 0xe1, 0xf0, 0x0, 0x7c, 0xf,
    0x0, 0x7, 0xc0, 0xf8, 0x0, 0xf8, 0x7, 0xc0,
    0x1f, 0x0, 0x7c, 0x1, 0xf0, 0x3, 0xe0, 0x3e,
    0x0, 0x1e, 0x3, 0xc0, 0x1, 0xf0, 0x7c, 0x0,
    0xf, 0x8f, 0x80, 0x0, 0xf8, 0xf0, 0x0, 0x7,
    0xdf, 0x0, 0x0, 0x3d, 0xe0, 0x0, 0x3, 0xfc,
    0x0, 0x0, 0x1f, 0xc0, 0x0, 0x0, 0xf8, 0x0,
    0x0, 0xf, 0x80, 0x0, 0x1, 0xfc, 0x0, 0x0,
    0x3f, 0xc0, 0x0, 0x3, 0xde, 0x0, 0x0, 0x7d,
    0xf0, 0x0, 0xf, 0x8f, 0x0, 0x0, 0xf8, 0xf8,
    0x0, 0x1f, 0x7, 0x80, 0x3, 0xe0, 0x7c, 0x0,
    0x3e, 0x3, 0xe0, 0x7, 0xc0, 0x1e, 0x0, 0x78,
    0x1, 0xf0, 0xf, 0x80, 0xf, 0x81, 0xf0, 0x0,
    0xf8, 0x1f, 0x0, 0x7, 0xc3, 0xe0, 0x0, 0x7c,
    0x7c, 0x0, 0x3, 0xe7, 0xc0, 0x0, 0x1f,

    /* U+0426 "Ц" */
    0xf0, 0x0, 0x3c, 0x78, 0x0, 0x1e, 0x3c, 0x0,
    0xf, 0x1e, 0x0, 0x7, 0x8f, 0x0, 0x3, 0xc7,
    0x80, 0x1, 0xe3, 0xc0, 0x0, 0xf1, 0xe0, 0x0,
    0x78, 0xf0, 0x0, 0x3c, 0x78, 0x0, 0x1e, 0x3c,
    0x0, 0xf, 0x1e, 0x0, 0x7, 0x8f, 0x0, 0x3,
    0xc7, 0x80, 0x1, 0xe3, 0xc0, 0x0, 0xf1, 0xe0,
    0x0, 0x78, 0xf0, 0x0, 0x3c, 0x78, 0x0, 0x1e,
    0x3c, 0x0, 0xf, 0x1e, 0x0, 0x7, 0x8f, 0x0,
    0x3, 0xc7, 0x80, 0x1, 0xe3, 0xc0, 0x0, 0xf1,
    0xe0, 0x0, 0x78, 0xf0, 0x0, 0x3c, 0x78, 0x0,
    0x1e, 0x3c, 0x0, 0xf, 0x1e, 0x0, 0x7, 0x8f,
    0x0, 0x3, 0xc7, 0x80, 0x1, 0xe3, 0xc0, 0x0,
    0xf1, 0xff, 0xff, 0xff, 0xff, 0xff, 0xff, 0xff,
    0xff, 0xff, 0xc0, 0x0, 0x1, 0xe0, 0x0, 0x0,
    0xf0, 0x0, 0x0, 0x78, 0x0, 0x0, 0x3c, 0x0,
    0x0, 0x1e, 0x0, 0x0, 0xf, 0x0, 0x0, 0x7,
    0x80, 0x0, 0x3, 0xc0,

    /* U+0427 "Ч" */
    0xf0, 0x0, 0x3f, 0xc0, 0x0, 0xff, 0x0, 0x3,
    0xfc, 0x0, 0xf, 0xf0, 0x0, 0x3f, 0xc0, 0x0,
    0xff, 0x0, 0x3, 0xfc, 0x0, 0xf, 0xf0, 0x0,
    0x3f, 0xc0, 0x0, 0xff, 0x0, 0x3, 0xfc, 0x0,
    0xf, 0xf0, 0x0, 0x3f, 0xc0, 0x0, 0xff, 0x0,
    0x3, 0xde, 0x0, 0x1f, 0x7c, 0x1, 0xfc, 0xff,
    0xff, 0xf1, 0xff, 0xff, 0xc1, 0xff, 0x8f, 0x0,
    0x0, 0x3c, 0x0, 0x0, 0xf0, 0x0, 0x3, 0xc0,
    0x0, 0xf, 0x0, 0x0, 0x3c, 0x0, 0x0, 0xf0,
    0x0, 0x3, 0xc0, 0x0, 0xf, 0x0, 0x0, 0x3c,
    0x0, 0x0, 0xf0, 0x0, 0x3, 0xc0, 0x0, 0xf,
    0x0, 0x0, 0x3c, 0x0, 0x0, 0xf0,

    /* U+0428 "Ш" */
    0xf0, 0x3c, 0xf, 0xf0, 0x3c, 0xf, 0xf0, 0x3c,
    0xf, 0xf0, 0x3c, 0xf, 0xf0, 0x3c, 0xf, 0xf0,
    0x3c, 0xf, 0xf0, 0x3c, 0xf, 0xf0, 0x3c, 0xf,
    0xf0, 0x3c, 0xf, 0xf0, 0x3c, 0xf, 0xf0, 0x3c,
    0xf, 0xf0, 0x3c, 0xf, 0xf0, 0x3c, 0xf, 0xf0,
    0x3c, 0xf, 0xf0, 0x3c, 0xf, 0xf0, 0x3c, 0xf,
    0xf0, 0x3c, 0xf, 0xf0, 0x3c, 0xf, 0xf0, 0x3c,
    0xf, 0xf0, 0x3c, 0xf, 0xf0, 0x3c, 0xf, 0xf0,
    0x3c, 0xf, 0xf0, 0x3c, 0xf, 0xf0, 0x3c, 0xf,
    0xf0, 0x3c, 0xf, 0xf0, 0x3c, 0xf, 0xf0, 0x3c,
    0xf, 0xf0, 0x3c, 0xf, 0xf0, 0x3c, 0xf, 0xf0,
    0x3c, 0xf, 0xf0, 0x3c, 0xf, 0xff, 0xff, 0xff,
    0xff, 0xff, 0xff, 0xff, 0xff, 0xff,

    /* U+0429 "Щ" */
    0xf0, 0x3c, 0x1e, 0x3c, 0xf, 0x7, 0x8f, 0x3,
    0xc1, 0xe3, 0xc0, 0xf0, 0x78, 0xf0, 0x3c, 0x1e,
    0x3c, 0xf, 0x7, 0x8f, 0x3, 0xc1, 0xe3, 0xc0,
    0xf0, 0x78, 0xf0, 0x3c, 0x1e, 0x3c, 0xf, 0x7,
    0x8f, 0x3, 0xc1, 0xe3, 0xc0, 0xf0, 0x78, 0xf0,
    0x3c, 0x1e, 0x3c, 0xf, 0x7, 0x8f, 0x3, 0xc1,
    0xe3, 0xc0, 0xf0, 0x78, 0xf0, 0x3c, 0x1e, 0x3c,
    0xf, 0x7, 0x8f, 0x3, 0xc1, 0xe3, 0xc0, 0xf0,
    0x78, 0xf0, 0x3c, 0x1e, 0x3c, 0xf, 0x7, 0x8f,
    0x3, 0xc1, 0xe3, 0xc0, 0xf0, 0x78, 0xf0, 0x3c,
    0x1e, 0x3c, 0xf, 0x7, 0x8f, 0x3, 0xc1, 0xe3,
    0xc0, 0xf0, 0x78, 0xf0, 0x3c, 0x1e, 0x3c, 0xf,
    0x7, 0x8f, 0x3, 0xc1, 0xe3, 0xff, 0xff, 0xff,
    0xff, 0xff, 0xff, 0xff, 0xff, 0xff, 0xf0, 0x0,
    0x0, 0x3c, 0x0, 0x0, 0xf, 0x0, 0x0, 0x3,
    0xc0, 0x0, 0x0, 0xf0, 0x0, 0x0, 0x3c, 0x0,
    0x0, 0xf, 0x0, 0x0, 0x3, 0xc0, 0x0, 0x0,
    0xf0,

    /* U+042A "Ъ" */
    0xff, 0xc0, 0x0, 0x3f, 0xf0, 0x0, 0xf, 0xfc,
    0x0, 0x0, 0xf, 0x0, 0x0, 0x3, 0xc0, 0x0,
    0x0, 0xf0, 0x0, 0x0, 0x3c, 0x0, 0x0, 0xf,
    0x0, 0x0, 0x3, 0xc0, 0x0, 0x0, 0xf0, 0x0,
    0x0, 0x3c, 0x0, 0x0, 0xf, 0x0, 0x0, 0x3,
    0xc0, 0x0, 0x0, 0xf0, 0x0, 0x0, 0x3f, 0xfc,
    0x0, 0xf, 0xff, 0xe0, 0x3, 0xff, 0xfe, 0x0,
    0xf0, 0x1f, 0xc0, 0x3c, 0x1, 0xf8, 0xf, 0x0,
    0x3e, 0x3, 0xc0, 0xf, 0xc0, 0xf0, 0x1, 0xf0,
    0x3c, 0x0, 0x7c, 0xf, 0x0, 0x1f, 0x3, 0xc0,
    0x7, 0xc0, 0xf0, 0x1, 0xf0, 0x3c, 0x0, 0x7c,
    0xf, 0x0, 0x3f, 0x3, 0xc0, 0xf, 0x80, 0xf0,
    0x7, 0xe0, 0x3c, 0x7, 0xf0, 0xf, 0xff, 0xf8,
    0x3, 0xff, 0xfc, 0x0, 0xff, 0xf8, 0x0,

    /* U+042B "Ы" */
    0xf0, 0x0, 0xf, 0xf0, 0x0, 0xf, 0xf0, 0x0,
    0xf, 0xf0, 0x0, 0xf, 0xf0, 0x0, 0xf, 0xf0,
    0x0, 0xf, 0xf0, 0x0, 0xf, 0xf0, 0x0, 0xf,
    0xf0, 0x0, 0xf, 0xf0, 0x0, 0xf, 0xf0, 0x0,
    0xf, 0xf0, 0x0, 0xf, 0xf0, 0x0, 0xf, 0xf0,
    0x0, 0xf, 0xff, 0xc0, 0xf, 0xff, 0xf0, 0xf,
    0xff, 0xfc, 0xf, 0xf0, 0x7e, 0xf, 0xf0, 0x3f,
    0xf, 0xf0, 0x1f, 0xf, 0xf0, 0x1f, 0xf, 0xf0,
    0xf, 0x8f, 0xf0, 0xf, 0x8f, 0xf0, 0xf, 0x8f,
    0xf0, 0xf, 0x8f, 0xf0, 0xf, 0x8f, 0xf0, 0xf,
    0x8f, 0xf0, 0x1f, 0x8f, 0xf0, 0x1f, 0xf, 0xf0,
    0x3f, 0xf, 0xf0, 0x7e, 0xf, 0xff, 0xfc, 0xf,
    0xff, 0xf8, 0xf, 0xff, 0xc0, 0xf,

    /* U+042C "Ь" */
    0xf0, 0x0, 0x3, 0xc0, 0x0, 0xf, 0x0, 0x0,
    0x3c, 0x0, 0x0, 0xf0, 0x0, 0x3, 0xc0, 0x0,
    0xf, 0x0, 0x0, 0x3c, 0x0, 0x0, 0xf0, 0x0,
    0x3, 0xc0, 0x0, 0xf, 0x0, 0x0, 0x3c, 0x0,
    0x0, 0xf0, 0x0, 0x3, 0xc0, 0x0, 0xf, 0xff,
    0xc0, 0x3f, 0xff, 0xe0, 0xff, 0xff, 0xe3, 0xc0,
    0x1f, 0xcf, 0x0, 0x1f, 0xbc, 0x0, 0x3e, 0xf0,
    0x0, 0xff, 0xc0, 0x1, 0xff, 0x0, 0x7, 0xfc,
    0x0, 0x1f, 0xf0, 0x0, 0x7f, 0xc0, 0x1, 0xff,
    0x0, 0x7, 0xfc, 0x0, 0x3f, 0xf0, 0x0, 0xfb,
    0xc0, 0x7, 0xef, 0x0, 0x7f, 0x3f, 0xff, 0xf8,
    0xff, 0xff, 0xc3, 0xff, 0xf8, 0x0,

    /* U+042D "Э" */
    0x0, 0x0, 0x0, 0xff, 0xf0, 0xf, 0xff, 0xe0,
    0x3f, 0xff, 0xe0, 0xf0, 0xf, 0xc3, 0x0, 0xf,
    0x80, 0x0, 0x3e, 0x0, 0x0, 0x7c, 0x0, 0x1,
    0xf0, 0x0, 0x3, 0xe0, 0x0, 0xf, 0x80, 0x0,
    0x3e, 0x0, 0x0, 0xfc, 0x0, 0x1, 0xf0, 0x0,
    0x7, 0xc0, 0x0, 0x1f, 0x1f, 0xff, 0xfc, 0x7f,
    0xff, 0xf1, 0xff, 0xff, 0xc0, 0x0, 0x1f, 0x0,
    0x0, 0x7c, 0x0, 0x1, 0xf0, 0x0, 0x7, 0xc0,
    0x0, 0x1f, 0x0, 0x0, 0xf8, 0x0, 0x3, 0xe0,
    0x0, 0xf, 0x80, 0x0, 0x7c, 0x0, 0x1, 0xf2,
    0x0, 0xf, 0x8c, 0x0, 0x7e, 0x3c, 0x3, 0xf0,
    0xff, 0xff, 0x83, 0xff, 0xf8, 0x3, 0xff, 0xc0,
    0x0, 0x60, 0x0,

    /* U+042E "Ю" */
    0x0, 0x0, 0x80, 0x78, 0x3, 0xf8, 0x3c, 0x7,
    0xfe, 0x1e, 0x3, 0xff, 0x8f, 0x3, 0xc1, 0xe7,
    0x81, 0xe0, 0xf3, 0xc1, 0xe0, 0x3d, 0xe0, 0xf0,
    0x1e, 0xf0, 0x78, 0xf, 0x78, 0x78, 0x3, 0xbc,
    0x3c, 0x1, 0xde, 0x1e, 0x0, 0xff, 0xf, 0x0,
    0x7f, 0x87, 0x80, 0x3f, 0xc3, 0xc0, 0x1f, 0xe1,
    0xe0, 0xf, 0xff, 0xf0, 0x7, 0xff, 0xf8, 0x3,
    0xff, 0xfc, 0x1, 0xfe, 0x1e, 0x0, 0xff, 0xf,
    0x0, 0x7f, 0x87, 0x80, 0x3f, 0xc3, 0xc0, 0x1f,
    0xe1, 0xe0, 0xf, 0xf0, 0xf0, 0x7, 0xf8, 0x78,
    0x3, 0xbc, 0x1e, 0x3, 0xde, 0xf, 0x1, 0xef,
    0x7, 0x80, 0xf7, 0x83, 0xc0, 0x7b, 0xc0, 0xf0,
    0x79, 0xe0, 0x78, 0x3c, 0xf0, 0x1f, 0xfc, 0x78,
    0xf, 0xfc, 0x3c, 0x1, 0xfc, 0x0, 0x0, 0x10,
    0x0,

    /* U+042F "Я" */
    0x0, 0x7f, 0xff, 0x3, 0xff, 0xff, 0x7, 0xff,
    0xff, 0xf, 0xe0, 0xf, 0x1f, 0x80, 0xf, 0x1f,
    0x0, 0xf, 0x3f, 0x0, 0xf, 0x3e, 0x0, 0xf,
    0x3e, 0x0, 0xf, 0x3e, 0x0, 0xf, 0x3e, 0x0,
    0xf, 0x3e, 0x0, 0xf, 0x3e, 0x0, 0xf, 0x1f,
    0x0, 0xf, 0x1f, 0x80, 0xf, 0xf, 0xe0, 0xf,
    0x7, 0xff, 0xff, 0x3, 0xff, 0xff, 0x0, 0xff,
    0xff, 0x0, 0xf8, 0xf, 0x0, 0xf0, 0xf, 0x1,
    0xf0, 0xf, 0x1, 0xe0, 0xf, 0x3, 0xe0, 0xf,
    0x7, 0xc0, 0xf, 0x7, 0xc0, 0xf, 0xf, 0x80,
    0xf, 0xf, 0x80, 0xf, 0x1f, 0x0, 0xf, 0x1f,
    0x0, 0xf, 0x3e, 0x0, 0xf, 0x7c, 0x0, 0xf,
    0x7c, 0x0, 0xf, 0xf8, 0x0, 0xf,

    /* U+0430 "а" */
    0x0, 0x20, 0x0, 0x7f, 0xfc, 0x3, 0xff, 0xfc,
    0xf, 0xff, 0xf8, 0x38, 0x1, 0xf0, 0x80, 0x3,
    0xc0, 0x0, 0xf, 0x80, 0x0, 0x1e, 0x0, 0x0,
    0x78, 0x0, 0x1, 0xe0, 0x1f, 0xff, 0x83, 0xff,
    0xfe, 0x3f, 0xff, 0xf8, 0xfc, 0x1, 0xe7, 0xc0,
    0x7, 0xbe, 0x0, 0x1e, 0xf0, 0x0, 0x7b, 0xc0,
    0x1, 0xef, 0x0, 0xf, 0xbc, 0x0, 0x3e, 0xf0,
    0x1, 0xfb, 0xe0, 0xf, 0xe7, 0xc0, 0x7f, 0x8f,
    0xff, 0xce, 0x1f, 0xfe, 0x3c, 0x3f, 0xf0, 0xf0,
    0x8, 0x0, 0x0,

    /* U+0431 "б" */
    0x0, 0x0, 0x60, 0x1, 0xff, 0x80, 0x3f, 0xff,
    0x1, 0xff, 0xfc, 0xf, 0xe0, 0x0, 0x7c, 0x0,
    0x3, 0xe0, 0x0, 0xf, 0x0, 0x0, 0x78, 0x0,
    0x1, 0xc0, 0x0, 0x7, 0x0, 0x0, 0x39, 0xff,
    0xc0, 0xff, 0xff, 0xc3, 0xff, 0xff, 0x8f, 0xe0,
    0x1f, 0x3f, 0x0, 0x3c, 0xf8, 0x0, 0x7b, 0xe0,
    0x1, 0xef, 0x80, 0x7, 0xbc, 0x0, 0xf, 0xf0,
    0x0, 0x3f, 0xc0, 0x0, 0xff, 0x0, 0x3, 0xfc,
    0x0, 0xf, 0xf0, 0x0, 0x3f, 0xc0, 0x0, 0xff,
    0x0, 0x3, 0xfc, 0x0, 0xf, 0x78, 0x0, 0x79,
    0xe0, 0x1, 0xe7, 0x80, 0x7, 0x8f, 0x0, 0x3c,
    0x3e, 0x1, 0xf0, 0x7f, 0xff, 0x80, 0xff, 0xfc,
    0x0, 0xff, 0xc0, 0x0, 0x30, 0x0,

    /* U+0432 "в" */
    0xff, 0xf0, 0x3f, 0xff, 0x8f, 0xff, 0xf3, 0xc0,
    0x7c, 0xf0, 0xf, 0xbc, 0x1, 0xef, 0x0, 0x7b,
    0xc0, 0x1e, 0xf0, 0xf, 0xbc, 0x7, 0xcf, 0xff,
    0xe3, 0xff, 0xf0, 0xff, 0xff, 0x3c, 0x3, 0xef,
    0x0, 0x7b, 0xc0, 0xf, 0xf0, 0x3, 0xfc, 0x0,
    0xff, 0x0, 0x3f, 0xc0, 0xf, 0xf0, 0x7, 0xfc,
    0x3, 0xef, 0xff, 0xf3, 0xff, 0xf8, 0xff, 0xf8,
    0x0,

    /* U+0433 "г" */
    0xff, 0xff, 0xff, 0xff, 0xff, 0xff, 0xff, 0xc0,
    0x0, 0xf0, 0x0, 0x3c, 0x0, 0xf, 0x0, 0x3,
    0xc0, 0x0, 0xf0, 0x0, 0x3c, 0x0, 0xf, 0x0,
    0x3, 0xc0, 0x0, 0xf0, 0x0, 0x3c, 0x0, 0xf,
    0x0, 0x3, 0xc0, 0x0, 0xf0, 0x0, 0x3c, 0x0,
    0xf, 0x0, 0x3, 0xc0, 0x0, 0xf0, 0x0, 0x3c,
    0x0, 0xf, 0x0, 0x3, 0xc0, 0x0, 0xf0, 0x0,
    0x0,

    /* U+0434 "д" */
    0xf, 0xff, 0xf8, 0xf, 0xff, 0xf8, 0xf, 0xff,
    0xf8, 0xf, 0x0, 0x78, 0xf, 0x0, 0x78, 0xf,
    0x0, 0x78, 0xf, 0x0, 0x78, 0xf, 0x0, 0x78,
    0xf, 0x0, 0x78, 0xf, 0x0, 0x78, 0xf, 0x0,
    0x78, 0xf, 0x0, 0x78, 0xf, 0x0, 0x78, 0xf,
    0x0, 0x78, 0xf, 0x0, 0x78, 0xf, 0x0, 0x78,
    0xf, 0x0, 0x78, 0xf, 0x0, 0x78, 0x1f, 0x0,
    0x78, 0x1f, 0x0, 0x78, 0x1e, 0x0, 0x78, 0x3e,
    0x0, 0x78, 0xff, 0xff, 0xff, 0xff, 0xff, 0xff,
    0xff, 0xff, 0xff, 0xf0, 0x0, 0xf, 0xf0, 0x0,
    0xf, 0xf0, 0x0, 0xf, 0xf0, 0x0, 0xf, 0xf0,
    0x0, 0xf, 0xf0, 0x0, 0xf, 0xf0, 0x0, 0xf,

    /* U+0435 "е" */
    0x0, 0x0, 0x0, 0x3, 0xff, 0x0, 0x1f, 0xff,
    0x80, 0x7f, 0xff, 0x81, 0xf0, 0xf, 0x87, 0xc0,
    0xf, 0xf, 0x0, 0xf, 0x3c, 0x0, 0x1e, 0x78,
    0x0, 0x1f, 0xe0, 0x0, 0x3f, 0xc0, 0x0, 0x7f,
    0xff, 0xff, 0xff, 0xff, 0xff, 0xff, 0xff, 0xff,
    0xfc, 0x0, 0x0, 0x78, 0x0, 0x0, 0xf0, 0x0,
    0x1, 0xe0, 0x0, 0x1, 0xe0, 0x0, 0x3, 0xc0,
    0x0, 0x3, 0xc0, 0x0, 0x7, 0xc0, 0x0, 0x87,
    0xc0, 0xf, 0x7, 0xff, 0xfe, 0x7, 0xff, 0xfc,
    0x3, 0xff, 0xe0, 0x0, 0x30, 0x0,

    /* U+0436 "ж" */
    0x78, 0x1e, 0x7, 0x9f, 0x7, 0x83, 0xe3, 0xe1,
    0xe1, 0xf0, 0x78, 0x78, 0x78, 0x1f, 0x1e, 0x3e,
    0x3, 0xc7, 0x9f, 0x0, 0x79, 0xe7, 0x80, 0x1f,
    0x7b, 0xe0, 0x3, 0xde, 0xf0, 0x0, 0xff, 0xfc,
    0x0, 0x7f, 0xff, 0x0, 0x1f, 0xff, 0xe0, 0x7,
    0xff, 0xf8, 0x3, 0xff, 0xff, 0x0, 0xf7, 0xfb,
    0xc0, 0x3c, 0xfc, 0xf0, 0x1e, 0x1e, 0x1e, 0x7,
    0x87, 0x87, 0x81, 0xe1, 0xe1, 0xe0, 0xf0, 0x78,
    0x3c, 0x3c, 0x1e, 0xf, 0x1f, 0x7, 0x83, 0xe7,
    0x81, 0xe0, 0x79, 0xe0, 0x78, 0x1e, 0xf0, 0x1e,
    0x3, 0xc0,

    /* U+0437 "з" */
    0x0, 0x0, 0x3, 0xff, 0xf8, 0x1f, 0xff, 0xf0,
    0xff, 0xff, 0xc6, 0x0, 0x3e, 0x0, 0x0, 0xf8,
    0x0, 0x3, 0xc0, 0x0, 0x1e, 0x0, 0x0, 0xf0,
    0x0, 0xf, 0x0, 0x1, 0xf8, 0x7, 0xff, 0x0,
    0x3f, 0xe0, 0x1, 0xff, 0xe0, 0x0, 0x1f, 0x80,
    0x0, 0x3e, 0x0, 0x0, 0xf8, 0x0, 0x3, 0xc0,
    0x0, 0x1e, 0x0, 0x0, 0xf0, 0x0, 0x7, 0x80,
    0x0, 0x7b, 0x0, 0xf, 0xdf, 0xff, 0xfc, 0xff,
    0xff, 0xc3, 0xff, 0xf8, 0x0, 0x30, 0x0,

    /* U+0438 "и" */
    0xf0, 0x0, 0xff, 0x0, 0x1f, 0xf0, 0x3, 0xff,
    0x0, 0x3f, 0xf0, 0x7, 0xff, 0x0, 0xff, 0xf0,
    0xf, 0xff, 0x1, 0xff, 0xf0, 0x3e, 0xff, 0x3,
    0xcf, 0xf0, 0x7c, 0xff, 0xf, 0x8f, 0xf0, 0xf0,
    0xff, 0x1f, 0xf, 0xf3, 0xe0, 0xff, 0x3c, 0xf,
    0xf7, 0xc0, 0xff, 0xf8, 0xf, 0xff, 0x0, 0xff,
    0xf0, 0xf, 0xfe, 0x0, 0xff, 0xc0, 0xf, 0xfc,
    0x0, 0xff, 0x80, 0xf, 0xf0, 0x0, 0xf0,

    /* U+0439 "й" */
    0x38, 0x1, 0x83, 0x80, 0x38, 0x1c, 0x3, 0x81,
    0xe0, 0xf8, 0xf, 0xff, 0x0, 0x7f, 0xe0, 0x3,
    0xf8, 0x0, 0x0, 0x0, 0x0, 0x0, 0x0, 0x0,
    0x0, 0x0, 0x0, 0xf, 0x0, 0xf, 0xf0, 0x1,
    0xff, 0x0, 0x3f, 0xf0, 0x3, 0xff, 0x0, 0x7f,
    0xf0, 0xf, 0xff, 0x0, 0xff, 0xf0, 0x1f, 0xff,
    0x3, 0xef, 0xf0, 0x3c, 0xff, 0x7, 0xcf, 0xf0,
    0xf8, 0xff, 0xf, 0xf, 0xf1, 0xf0, 0xff, 0x3e,
    0xf, 0xf3, 0xc0, 0xff, 0x7c, 0xf, 0xff, 0x80,
    0xff, 0xf0, 0xf, 0xff, 0x0, 0xff, 0xe0, 0xf,
    0xfc, 0x0, 0xff, 0xc0, 0xf, 0xf8, 0x0, 0xff,
    0x0, 0xf,

    /* U+043A "к" */
    0xf0, 0x1, 0xf3, 0xc0, 0x1f, 0x8f, 0x0, 0xfc,
    0x3c, 0x7, 0xc0, 0xf0, 0x3e, 0x3, 0xc1, 0xf0,
    0xf, 0xf, 0x80, 0x3c, 0x7c, 0x0, 0xf3, 0xe0,
    0x3, 0xdf, 0x0, 0xf, 0xfe, 0x0, 0x3f, 0xfc,
    0x0, 0xff, 0xf0, 0x3, 0xf3, 0xe0, 0xf, 0x87,
    0xc0, 0x3c, 0xf, 0x80, 0xf0, 0x3e, 0x3, 0xc0,
    0x7c, 0xf, 0x0, 0xf8, 0x3c, 0x1, 0xf0, 0xf0,
    0x7, 0xc3, 0xc0, 0xf, 0x8f, 0x0, 0x1f, 0x3c,
    0x0, 0x3e, 0xf0, 0x0, 0xf8,

    /* U+043B "л" */
    0x3, 0xff, 0xff, 0x3, 0xff, 0xff, 0x3, 0xff,
    0xff, 0x3, 0xc0, 0xf, 0x3, 0xc0, 0xf, 0x3,
    0xc0, 0xf, 0x3, 0xc0, 0xf, 0x3, 0xc0, 0xf,
    0x3, 0xc0, 0xf, 0x3, 0xc0, 0xf, 0x3, 0xc0,
    0xf, 0x3, 0xc0, 0xf, 0x3, 0xc0, 0xf, 0x3,
    0xc0, 0xf, 0x3, 0xc0, 0xf, 0x3, 0xc0, 0xf,
    0x3, 0xc0, 0xf, 0x3, 0xc0, 0xf, 0x7, 0x80,
    0xf, 0x7, 0x80, 0xf, 0x7, 0x80, 0xf, 0x1f,
    0x0, 0xf, 0xff, 0x0, 0xf, 0xfe, 0x0, 0xf,
    0xf8, 0x0, 0xf,

    /* U+043C "м" */
    0xf0, 0x0, 0x3, 0xfe, 0x0, 0x1, 0xff, 0x80,
    0x0, 0x7f, 0xf0, 0x0, 0x3f, 0xfe, 0x0, 0x1f,
    0xff, 0x80, 0x7, 0xff, 0xf0, 0x3, 0xff, 0xfc,
    0x0, 0xff, 0xff, 0x80, 0x7f, 0xfd, 0xf0, 0x3e,
    0xff, 0x7c, 0xf, 0xbf, 0xcf, 0x87, 0xcf, 0xf1,
    0xe1, 0xe3, 0xfc, 0x7c, 0xf8, 0xff, 0xf, 0x3c,
    0x3f, 0xc3, 0xff, 0xf, 0xf0, 0x7f, 0x83, 0xfc,
    0xf, 0xc0, 0xff, 0x3, 0xf0, 0x3f, 0xc0, 0x0,
    0xf, 0xf0, 0x0, 0x3, 0xfc, 0x0, 0x0, 0xff,
    0x0, 0x0, 0x3f, 0xc0, 0x0, 0xf, 0xf0, 0x0,
    0x3, 0xc0,

    /* U+043D "н" */
    0xf0, 0x0, 0xff, 0x0, 0xf, 0xf0, 0x0, 0xff,
    0x0, 0xf, 0xf0, 0x0, 0xff, 0x0, 0xf, 0xf0,
    0x0, 0xff, 0x0, 0xf, 0xf0, 0x0, 0xff, 0x0,
    0xf, 0xff, 0xff, 0xff, 0xff, 0xff, 0xff, 0xff,
    0xff, 0x0, 0xf, 0xf0, 0x0, 0xff, 0x0, 0xf,
    0xf0, 0x0, 0xff, 0x0, 0xf, 0xf0, 0x0, 0xff,
    0x0, 0xf, 0xf0, 0x0, 0xff, 0x0, 0xf, 0xf0,
    0x0, 0xff, 0x0, 0xf, 0xf0, 0x0, 0xf0,

    /* U+043E "о" */
    0x0, 0x0, 0x0, 0xf, 0xfc, 0x0, 0xff, 0xfc,
    0x7, 0xff, 0xf8, 0x3e, 0x1, 0xf0, 0xf0, 0x3,
    0xc7, 0x80, 0x7, 0x9e, 0x0, 0x1e, 0x78, 0x0,
    0x7b, 0xc0, 0x0, 0xff, 0x0, 0x3, 0xfc, 0x0,
    0xf, 0xf0, 0x0, 0x3f, 0xc0, 0x0, 0xff, 0x0,
    0x3, 0xfc, 0x0, 0xf, 0xf0, 0x0, 0x3f, 0xc0,
    0x0, 0xf7, 0x80, 0x7, 0x9e, 0x0, 0x1e, 0x78,
    0x0, 0x78, 0xf0, 0x3, 0xc3, 0xe0, 0x1f, 0x7,
    0xff, 0xf8, 0xf, 0xff, 0xc0, 0xf, 0xfc, 0x0,
    0x3, 0x0, 0x0,

    /* U+043F "п" */
    0xff, 0xff, 0xff, 0xff, 0xff, 0xff, 0xff, 0xff,
    0x0, 0xf, 0xf0, 0x0, 0xff, 0x0, 0xf, 0xf0,
    0x0, 0xff, 0x0, 0xf, 0xf0, 0x0, 0xff, 0x0,
    0xf, 0xf0, 0x0, 0xff, 0x0, 0xf, 0xf0, 0x0,
    0xff, 0x0, 0xf, 0xf0, 0x0, 0xff, 0x0, 0xf,
    0xf0, 0x0, 0xff, 0x0, 0xf, 0xf0, 0x0, 0xff,
    0x0, 0xf, 0xf0, 0x0, 0xff, 0x0, 0xf, 0xf0,
    0x0, 0xff, 0x0, 0xf, 0xf0, 0x0, 0xf0,

    /* U+0440 "р" */
    0x0, 0x0, 0x7, 0x8f, 0xf0, 0x3d, 0xff, 0xe1,
    0xff, 0xff, 0x8f, 0xe0, 0x3e, 0x7e, 0x0, 0xf3,
    0xe0, 0x3, 0xdf, 0x0, 0x1e, 0xf8, 0x0, 0xf7,
    0x80, 0x3, 0xfc, 0x0, 0x1f, 0xe0, 0x0, 0xff,
    0x0, 0x7, 0xf8, 0x0, 0x3f, 0xc0, 0x1, 0xfe,
    0x0, 0xf, 0xf0, 0x0, 0x7f, 0x80, 0x3, 0xfe,
    0x0, 0x3d, 0xf0, 0x1, 0xef, 0x80, 0xf, 0x7e,
    0x0, 0xf3, 0xf8, 0xf, 0x9f, 0xff, 0xf8, 0xf7,
    0xff, 0x87, 0x9f, 0xf0, 0x3c, 0xc, 0x1, 0xe0,
    0x0, 0xf, 0x0, 0x0, 0x78, 0x0, 0x3, 0xc0,
    0x0, 0x1e, 0x0, 0x0, 0xf0, 0x0, 0x7, 0x80,
    0x0, 0x3c, 0x0, 0x1, 0xe0, 0x0, 0x0,

    /* U+0441 "с" */
    0x0, 0x0, 0x0, 0x1f, 0xfc, 0x7, 0xff, 0xf0,
    0xff, 0xff, 0x1f, 0x0, 0x73, 0xe0, 0x1, 0x3c,
    0x0, 0x7, 0x80, 0x0, 0x78, 0x0, 0xf, 0x0,
    0x0, 0xf0, 0x0, 0xf, 0x0, 0x0, 0xf0, 0x0,
    0xf, 0x0, 0x0, 0xf0, 0x0, 0xf, 0x0, 0x0,
    0xf0, 0x0, 0xf, 0x0, 0x0, 0x78, 0x0, 0x7,
    0x80, 0x0, 0x7c, 0x0, 0x3, 0xe0, 0x1, 0x1f,
    0x0, 0x70, 0xff, 0xff, 0x7, 0xff, 0xf0, 0x1f,
    0xfc, 0x0, 0x8, 0x0,

    /* U+0442 "т" */
    0xff, 0xff, 0xff, 0xff, 0xff, 0xff, 0xff, 0x80,
    0xf0, 0x0, 0x1e, 0x0, 0x3, 0xc0, 0x0, 0x78,
    0x0, 0xf, 0x0, 0x1, 0xe0, 0x0, 0x3c, 0x0,
    0x7, 0x80, 0x0, 0xf0, 0x0, 0x1e, 0x0, 0x3,
    0xc0, 0x0, 0x78, 0x0, 0xf, 0x0, 0x1, 0xe0,
    0x0, 0x3c, 0x0, 0x7, 0x80, 0x0, 0xf0, 0x0,
    0x1e, 0x0, 0x3, 0xc0, 0x0, 0x78, 0x0, 0xf,
    0x0, 0x1, 0xe0, 0x0,

    /* U+0443 "у" */
    0xf8, 0x0, 0xf, 0x78, 0x0, 0x1f, 0x7c, 0x0,
    0x1e, 0x3c, 0x0, 0x3e, 0x3c, 0x0, 0x3c, 0x3e,
    0x0, 0x3c, 0x1e, 0x0, 0x7c, 0x1e, 0x0, 0x78,
    0x1f, 0x0, 0x78, 0xf, 0x0, 0xf8, 0xf, 0x80,
    0xf0, 0x7, 0x81, 0xf0, 0x7, 0x81, 0xe0, 0x7,
    0xc1, 0xe0, 0x3, 0xc3, 0xe0, 0x3, 0xe3, 0xc0,
    0x1, 0xe3, 0xc0, 0x1, 0xe7, 0x80, 0x1, 0xf7,
    0x80, 0x0, 0xff, 0x80, 0x0, 0xff, 0x0, 0x0,
    0x7f, 0x0, 0x0, 0x7e, 0x0, 0x0, 0x7e, 0x0,
    0x0, 0x3e, 0x0, 0x0, 0x3c, 0x0, 0x0, 0x3c,
    0x0, 0x0, 0x78, 0x0, 0x0, 0x78, 0x0, 0x0,
    0xf8, 0x0, 0x0, 0xf0, 0x0, 0x1, 0xf0, 0x0,
    0x3f, 0xe0, 0x0, 0x3f, 0xc0, 0x0, 0x3f, 0x0,
    0x0,

    /* U+0444 "ф" */
    0x0, 0x3c, 0x0, 0x0, 0x78, 0x0, 0x0, 0xf0,
    0x0, 0x1, 0xe0, 0x0, 0x3, 0xc0, 0x0, 0x7,
    0x80, 0x0, 0xf, 0x0, 0x0, 0x1e, 0x0, 0x0,
    0x3c, 0x0, 0x0, 0xfc, 0x0, 0x1f, 0xff, 0x0,
    0x7f, 0xff, 0x81, 0xff, 0xff, 0x87, 0xe7, 0x9f,
    0x1f, 0xf, 0x1f, 0x3c, 0x1e, 0x1e, 0x78, 0x3c,
    0x3d, 0xe0, 0x78, 0x3f, 0xc0, 0xf0, 0x7f, 0x81,
    0xe0, 0xff, 0x3, 0xc1, 0xfe, 0x7, 0x83, 0xfc,
    0xf, 0x7, 0xf8, 0x1e, 0xf, 0xf0, 0x3c, 0x1f,
    0xe0, 0x78, 0x3f, 0xc0, 0xf0, 0x7f, 0x81, 0xe0,
    0xf7, 0x83, 0xc3, 0xcf, 0x7, 0x87, 0x9f, 0xf,
    0xf, 0x1f, 0x1e, 0x7c, 0x3f, 0xff, 0xf8, 0x3f,
    0xff, 0xe0, 0x1f, 0xff, 0x80, 0xf, 0xf8, 0x0,
    0x3, 0xc0, 0x0, 0x7, 0x80, 0x0, 0xf, 0x0,
    0x0, 0x1e, 0x0, 0x0, 0x3c, 0x0, 0x0, 0x78,
    0x0, 0x0, 0xf0, 0x0, 0x1, 0xe0, 0x0, 0x3,
    0xc0, 0x0,

    /* U+0445 "х" */
    0x7c, 0x0, 0x1e, 0x1e, 0x0, 0x1f, 0x7, 0x80,
    0x1f, 0x3, 0xe0, 0x1f, 0x0, 0xf8, 0xf, 0x0,
    0x3c, 0xf, 0x0, 0xf, 0xf, 0x80, 0x7, 0xcf,
    0x80, 0x1, 0xf7, 0x80, 0x0, 0x7f, 0x80, 0x0,
    0x1f, 0xc0, 0x0, 0xf, 0xc0, 0x0, 0x7, 0xe0,
    0x0, 0x3, 0xf8, 0x0, 0x3, 0xfc, 0x0, 0x3,
    0xef, 0x0, 0x3, 0xe7, 0xc0, 0x1, 0xe1, 0xf0,
    0x1, 0xf0, 0x7c, 0x1, 0xf0, 0x1e, 0x1, 0xf0,
    0xf, 0x81, 0xf0, 0x3, 0xe0, 0xf8, 0x0, 0xf8,
    0xf8, 0x0, 0x3c, 0xf8, 0x0, 0x1f, 0x0,

    /* U+0446 "ц" */
    0xf0, 0x1, 0xe1, 0xe0, 0x3, 0xc3, 0xc0, 0x7,
    0x87, 0x80, 0xf, 0xf, 0x0, 0x1e, 0x1e, 0x0,
    0x3c, 0x3c, 0x0, 0x78, 0x78, 0x0, 0xf0, 0xf0,
    0x1, 0xe1, 0xe0, 0x3, 0xc3, 0xc0, 0x7, 0x87,
    0x80, 0xf, 0xf, 0x0, 0x1e, 0x1e, 0x0, 0x3c,
    0x3c, 0x0, 0x78, 0x78, 0x0, 0xf0, 0xf0, 0x1,
    0xe1, 0xe0, 0x3, 0xc3, 0xc0, 0x7, 0x87, 0x80,
    0xf, 0xf, 0x0, 0x1e, 0x1e, 0x0, 0x3c, 0x3f,
    0xff, 0xff, 0xff, 0xff, 0xff, 0xff, 0xff, 0xfe,
    0x0, 0x0, 0x3c, 0x0, 0x0, 0x78, 0x0, 0x0,
    0xf0, 0x0, 0x1, 0xe0, 0x0, 0x3, 0xc0, 0x0,
    0x7, 0x80, 0x0, 0xf,

    /* U+0447 "ч" */
    0xf0, 0x0, 0xff, 0x0, 0xf, 0xf0, 0x0, 0xff,
    0x0, 0xf, 0xf0, 0x0, 0xff, 0x0, 0xf, 0xf0,
    0x0, 0xff, 0x0, 0xf, 0xf0, 0x0, 0xff, 0x0,
    0xf, 0xf0, 0x0, 0xff, 0x80, 0xf, 0x7c, 0x3,
    0xf3, 0xff, 0xff, 0x1f, 0xff, 0xf0, 0x7f, 0xcf,
    0x0, 0x0, 0xf0, 0x0, 0xf, 0x0, 0x0, 0xf0,
    0x0, 0xf, 0x0, 0x0, 0xf0, 0x0, 0xf, 0x0,
    0x0, 0xf0, 0x0, 0xf, 0x0, 0x0, 0xf0,

    /* U+0448 "ш" */
    0xf0, 0x78, 0x3f, 0xc1, 0xe0, 0xff, 0x7, 0x83,
    0xfc, 0x1e, 0xf, 0xf0, 0x78, 0x3f, 0xc1, 0xe0,
    0xff, 0x7, 0x83, 0xfc, 0x1e, 0xf, 0xf0, 0x78,
    0x3f, 0xc1, 0xe0, 0xff, 0x7, 0x83, 0xfc, 0x1e,
    0xf, 0xf0, 0x78, 0x3f, 0xc1, 0xe0, 0xff, 0x7,
    0x83, 0xfc, 0x1e, 0xf, 0xf0, 0x78, 0x3f, 0xc1,
    0xe0, 0xff, 0x7, 0x83, 0xfc, 0x1e, 0xf, 0xf0,
    0x78, 0x3f, 0xc1, 0xe0, 0xff, 0xff, 0xff, 0xff,
    0xff, 0xff, 0xff, 0xff, 0xfc,

    /* U+0449 "щ" */
    0xf0, 0x78, 0x1e, 0x3c, 0x1e, 0x7, 0x8f, 0x7,
    0x81, 0xe3, 0xc1, 0xe0, 0x78, 0xf0, 0x78, 0x1e,
    0x3c, 0x1e, 0x7, 0x8f, 0x7, 0x81, 0xe3, 0xc1,
    0xe0, 0x78, 0xf0, 0x78, 0x1e, 0x3c, 0x1e, 0x7,
    0x8f, 0x7, 0x81, 0xe3, 0xc1, 0xe0, 0x78, 0xf0,
    0x78, 0x1e, 0x3c, 0x1e, 0x7, 0x8f, 0x7, 0x81,
    0xe3, 0xc1, 0xe0, 0x78, 0xf0, 0x78, 0x1e, 0x3c,
    0x1e, 0x7, 0x8f, 0x7, 0x81, 0xe3, 0xc1, 0xe0,
    0x78, 0xf0, 0x78, 0x1e, 0x3c, 0x1e, 0x7, 0x8f,
    0xff, 0xff, 0xff, 0xff, 0xff, 0xff, 0xff, 0xff,
    0xff, 0xc0, 0x0, 0x0, 0xf0, 0x0, 0x0, 0x3c,
    0x0, 0x0, 0xf, 0x0, 0x0, 0x3, 0xc0, 0x0,
    0x0, 0xf0, 0x0, 0x0, 0x3c, 0x0, 0x0, 0xf,

    /* U+044A "ъ" */
    0xff, 0xc0, 0x0, 0x3f, 0xf0, 0x0, 0xf, 0xfc,
    0x0, 0x0, 0xf, 0x0, 0x0, 0x3, 0xc0, 0x0,
    0x0, 0xf0, 0x0, 0x0, 0x3c, 0x0, 0x0, 0xf,
    0x0, 0x0, 0x3, 0xc0, 0x0, 0x0, 0xf0, 0x0,
    0x0, 0x3f, 0xff, 0x0, 0xf, 0xff, 0xf8, 0x3,
    0xff, 0xff, 0x0, 0xf0, 0x7, 0xe0, 0x3c, 0x0,
    0x78, 0xf, 0x0, 0xf, 0x3, 0xc0, 0x3, 0xc0,
    0xf0, 0x0, 0xf0, 0x3c, 0x0, 0x3c, 0xf, 0x0,
    0xf, 0x3, 0xc0, 0x7, 0x80, 0xf0, 0x7, 0xe0,
    0x3f, 0xff, 0xf0, 0xf, 0xff, 0xf8, 0x3, 0xff,
    0xf0, 0x0,

    /* U+044B "ы" */
    0xf0, 0x0, 0x1f, 0xe0, 0x0, 0x3f, 0xc0, 0x0,
    0x7f, 0x80, 0x0, 0xff, 0x0, 0x1, 0xfe, 0x0,
    0x3, 0xfc, 0x0, 0x7, 0xf8, 0x0, 0xf, 0xf0,
    0x0, 0x1f, 0xe0, 0x0, 0x3f, 0xff, 0x0, 0x7f,
    0xff, 0xc0, 0xff, 0xff, 0xc1, 0xfe, 0xf, 0xc3,
    0xfc, 0x7, 0x87, 0xf8, 0x7, 0x8f, 0xf0, 0xf,
    0x1f, 0xe0, 0x1e, 0x3f, 0xc0, 0x3c, 0x7f, 0x80,
    0x78, 0xff, 0x1, 0xe1, 0xfe, 0xf, 0xc3, 0xff,
    0xff, 0x7, 0xff, 0xfc, 0xf, 0xff, 0xc0, 0x1e,

    /* U+044C "ь" */
    0xf0, 0x0, 0xf, 0x0, 0x0, 0xf0, 0x0, 0xf,
    0x0, 0x0, 0xf0, 0x0, 0xf, 0x0, 0x0, 0xf0,
    0x0, 0xf, 0x0, 0x0, 0xf0, 0x0, 0xf, 0x0,
    0x0, 0xff, 0xfc, 0xf, 0xff, 0xf8, 0xff, 0xff,
    0xcf, 0x0, 0x7e, 0xf0, 0x1, 0xef, 0x0, 0xf,
    0xf0, 0x0, 0xff, 0x0, 0xf, 0xf0, 0x0, 0xff,
    0x0, 0xf, 0xf0, 0x1, 0xef, 0x0, 0x7e, 0xff,
    0xff, 0xcf, 0xff, 0xf8, 0xff, 0xfc, 0x0,

    /* U+044D "э" */
    0x0, 0x0, 0x3, 0xff, 0x80, 0xff, 0xfe, 0xf,
    0xff, 0xf0, 0xe0, 0xf, 0x8c, 0x0, 0x7c, 0x0,
    0x3, 0xe0, 0x0, 0x1e, 0x0, 0x1, 0xe0, 0x0,
    0xf, 0x0, 0x0, 0xf0, 0xff, 0xff, 0xf, 0xff,
    0xf0, 0xff, 0xff, 0x0, 0x0, 0xf0, 0x0, 0xf,
    0x0, 0x0, 0xf0, 0x0, 0xf, 0x0, 0x1, 0xe0,
    0x0, 0x1e, 0x0, 0x3, 0xec, 0x0, 0x7c, 0xe0,
    0xf, 0x8f, 0xff, 0xf0, 0xff, 0xfe, 0x3, 0xff,
    0x80, 0x1, 0x0, 0x0,

    /* U+044E "ю" */
    0x0, 0x0, 0x80, 0x78, 0x3, 0xf8, 0x3c, 0x7,
    0xfe, 0x1e, 0x7, 0xff, 0x8f, 0x3, 0xe1, 0xe7,
    0x83, 0xe0, 0xfb, 0xc1, 0xe0, 0x3d, 0xe1, 0xf0,
    0x1e, 0xf0, 0xf8, 0x7, 0xf8, 0x78, 0x3, 0xfc,
    0x3c, 0x1, 0xfe, 0x1e, 0x0, 0xff, 0xff, 0x0,
    0x7f, 0xff, 0x80, 0x3f, 0xff, 0xc0, 0x1f, 0xe1,
    0xe0, 0xf, 0xf0, 0xf0, 0x7, 0xf8, 0x78, 0x3,
    0xfc, 0x3c, 0x3, 0xfe, 0xf, 0x1, 0xef, 0x7,
    0x80, 0xf7, 0x83, 0xe0, 0xfb, 0xc0, 0xf0, 0x79,
    0xe0, 0x7f, 0xf8, 0xf0, 0x1f, 0xf8, 0x78, 0x3,
    0xf8, 0x0, 0x0, 0x20, 0x0,

    /* U+044F "я" */
    0x3, 0xff, 0xe1, 0xff, 0xfc, 0x7f, 0xff, 0x9f,
    0x0, 0xf7, 0xc0, 0x1e, 0xf0, 0x3, 0xde, 0x0,
    0x7b, 0xc0, 0xf, 0x78, 0x1, 0xef, 0x80, 0x3c,
    0xf8, 0x7, 0x9f, 0xff, 0xf1, 0xff, 0xfe, 0x1f,
    0xff, 0xc0, 0xf0, 0x78, 0x3c, 0xf, 0x7, 0x81,
    0xe1, 0xe0, 0x3c, 0x3c, 0x7, 0x8f, 0x0, 0xf3,
    0xc0, 0x1e, 0x78, 0x3, 0xde, 0x0, 0x7b, 0xc0,
    0xf, 0xf0, 0x1, 0xe0,

    /* U+0450 "ѐ" */
    0x1f, 0x0, 0x0, 0x1e, 0x0, 0x0, 0x1e, 0x0,
    0x0, 0x1e, 0x0, 0x0, 0x1e, 0x0, 0x0, 0x1e,
    0x0, 0x0, 0x1e, 0x0, 0x0, 0x3c, 0x0, 0x0,
    0x3c, 0x0, 0x0, 0x0, 0x0, 0x0, 0x0, 0x0,
    0x0, 0x0, 0x0, 0x0, 0x0, 0x0, 0x3f, 0xf0,
    0x1, 0xff, 0xf8, 0x7, 0xff, 0xf8, 0x1f, 0x0,
    0xf8, 0x7c, 0x0, 0xf0, 0xf0, 0x0, 0xf3, 0xc0,
    0x1, 0xe7, 0x80, 0x1, 0xfe, 0x0, 0x3, 0xfc,
    0x0, 0x7, 0xff, 0xff, 0xff, 0xff, 0xff, 0xff,
    0xff, 0xff, 0xff, 0xc0, 0x0, 0x7, 0x80, 0x0,
    0xf, 0x0, 0x0, 0x1e, 0x0, 0x0, 0x1e, 0x0,
    0x0, 0x3c, 0x0, 0x0, 0x3c, 0x0, 0x0, 0x7c,
    0x0, 0x8, 0x7c, 0x0, 0xf0, 0x7f, 0xff, 0xe0,
    0x7f, 0xff, 0xc0, 0x3f, 0xfe, 0x0, 0x3, 0x0,
    0x0,

    /* U+0451 "ё" */
    0x3, 0xc1, 0xe0, 0x7, 0x83, 0xc0, 0xf, 0x7,
    0x80, 0x0, 0x0, 0x0, 0x0, 0x0, 0x0, 0x0,
    0x0, 0x0, 0x0, 0x0, 0x0, 0x0, 0x0, 0x0,
    0x0, 0x0, 0x3, 0xff, 0x0, 0x1f, 0xff, 0x80,
    0x7f, 0xff, 0x81, 0xf0, 0xf, 0x87, 0xc0, 0xf,
    0xf, 0x0, 0xf, 0x3c, 0x0, 0x1e, 0x78, 0x0,
    0x1f, 0xf0, 0x0, 0x3f, 0xc0, 0x0, 0x7f, 0xff,
    0xff, 0xff, 0xff, 0xff, 0xff, 0xff, 0xff, 0xfc,
    0x0, 0x0, 0x78, 0x0, 0x0, 0xf0, 0x0, 0x1,
    0xe0, 0x0, 0x1, 0xe0, 0x0, 0x3, 0xc0, 0x0,
    0x3, 0xc0, 0x0, 0x7, 0xc0, 0x1, 0x87, 0xc0,
    0xf, 0x7, 0xff, 0xfe, 0x7, 0xff, 0xfc, 0x3,
    0xff, 0xe0, 0x0, 0x30, 0x0,

    /* U+0452 "ђ" */
    0xf, 0x0, 0x0, 0xf, 0x0, 0x0, 0xf, 0x0,
    0x0, 0xf, 0x0, 0x0, 0xf, 0x0, 0x0, 0xf,
    0x0, 0x0, 0xf, 0x0, 0x0, 0xf, 0x0, 0x0,
    0xf, 0x0, 0x0, 0xf, 0x0, 0x0, 0xff, 0xff,
    0xe0, 0xff, 0xff, 0xe0, 0xff, 0xff, 0xe0, 0xf,
    0x0, 0x0, 0xf, 0x0, 0x0, 0xf, 0x0, 0x0,
    0xf, 0x0, 0x0, 0xf, 0x0, 0x0, 0xf, 0xf,
    0xe0, 0xf, 0x3f, 0xf8, 0xf, 0x7f, 0xfc, 0xf,
    0xf0, 0x7e, 0xf, 0xc0, 0x1e, 0xf, 0x80, 0x1e,
    0xf, 0x80, 0xf, 0xf, 0x0, 0xf, 0xf, 0x0,
    0xf, 0xf, 0x0, 0xf, 0xf, 0x0, 0xf, 0xf,
    0x0, 0xf, 0xf, 0x0, 0xf, 0xf, 0x0, 0xf,
    0xf, 0x0, 0xf, 0xf, 0x0, 0x1f, 0xf, 0x0,
    0x1e, 0x0, 0x0, 0x1e, 0x0, 0x0, 0x3e, 0x0,
    0x0, 0x3c, 0x0, 0x0, 0x7c, 0x0, 0x0, 0xf8,
    0x0, 0x3, 0xf0, 0x0, 0x7, 0xf0, 0x0, 0x7,
    0xc0, 0x0, 0x7, 0x80, 0x0, 0x4, 0x0,

    /* U+0453 "ѓ" */
    0x0, 0x7, 0xc0, 0x1, 0xe0, 0x0, 0xf0, 0x0,
    0x78, 0x0, 0x3c, 0x0, 0x1f, 0x0, 0x7, 0x80,
    0x3, 0xc0, 0x1, 0xe0, 0x0, 0x0, 0x0, 0x0,
    0x0, 0x0, 0x0, 0x0, 0x0, 0x3f, 0xff, 0xff,
    0xff, 0xff, 0xff, 0xff, 0xf0, 0x0, 0x3c, 0x0,
    0xf, 0x0, 0x3, 0xc0, 0x0, 0xf0, 0x0, 0x3c,
    0x0, 0xf, 0x0, 0x3, 0xc0, 0x0, 0xf0, 0x0,
    0x3c, 0x0, 0xf, 0x0, 0x3, 0xc0, 0x0, 0xf0,
    0x0, 0x3c, 0x0, 0xf, 0x0, 0x3, 0xc0, 0x0,
    0xf0, 0x0, 0x3c, 0x0, 0xf, 0x0, 0x3, 0xc0,
    0x0, 0xf0, 0x0, 0x3c, 0x0, 0x0,

    /* U+0454 "є" */
    0x0, 0x0, 0x0, 0x1f, 0xfc, 0x7, 0xff, 0xf0,
    0xff, 0xff, 0x1f, 0x0, 0x73, 0xe0, 0x1, 0x3c,
    0x0, 0x7, 0x80, 0x0, 0x78, 0x0, 0xf, 0x0,
    0x0, 0xf0, 0x0, 0xf, 0xff, 0xf8, 0xff, 0xff,
    0x8f, 0xff, 0xf8, 0xf0, 0x0, 0xf, 0x0, 0x0,
    0xf0, 0x0, 0xf, 0x0, 0x0, 0x78, 0x0, 0x7,
    0x80, 0x0, 0x3c, 0x0, 0x3, 0xe0, 0x1, 0x1f,
    0x0, 0x70, 0xff, 0xff, 0x7, 0xff, 0xf0, 0x1f,
    0xfc, 0x0, 0x8, 0x0,

    /* U+0455 "ѕ" */
    0x0, 0x0, 0x1, 0xff, 0xf0, 0xff, 0xff, 0x3f,
    0xff, 0xe7, 0x80, 0x1d, 0xe0, 0x0, 0xbc, 0x0,
    0x7, 0x80, 0x0, 0xf0, 0x0, 0x1f, 0x0, 0x3,
    0xf8, 0x0, 0x3f, 0xf8, 0x3, 0xff, 0xe0, 0x3f,
    0xff, 0x1, 0xff, 0xf0, 0x1, 0xfe, 0x0, 0x7,
    0xe0, 0x0, 0x7c, 0x0, 0x7, 0x80, 0x0, 0xf0,
    0x0, 0x1f, 0x0, 0x7, 0xb8, 0x1, 0xf7, 0xff,
    0xfc, 0xff, 0xff, 0xf, 0xff, 0x80, 0x2, 0x0,
    0x0,

    /* U+0456 "і" */
    0x3, 0xc0, 0x0, 0x3c, 0x0, 0x3, 0xc0, 0x0,
    0x3c, 0x0, 0x3, 0xc0, 0x0, 0x0, 0x0, 0x0,
    0x0, 0x0, 0x0, 0x0, 0x0, 0x0, 0x0, 0x0,
    0x0, 0xff, 0xc0, 0xf, 0xfc, 0x0, 0xff, 0xc0,
    0x0, 0x3c, 0x0, 0x3, 0xc0, 0x0, 0x3c, 0x0,
    0x3, 0xc0, 0x0, 0x3c, 0x0, 0x3, 0xc0, 0x0,
    0x3c, 0x0, 0x3, 0xc0, 0x0, 0x3c, 0x0, 0x3,
    0xc0, 0x0, 0x3c, 0x0, 0x3, 0xc0, 0x0, 0x3c,
    0x0, 0x3, 0xc0, 0x0, 0x3c, 0x0, 0x3, 0xc0,
    0x0, 0x3c, 0x0, 0x1, 0xe0, 0x0, 0x1f, 0x0,
    0x0, 0xff, 0xf0, 0x7, 0xff, 0x0, 0x1f, 0xf0,

    /* U+0457 "ї" */
    0x60, 0x30, 0x1e, 0xf, 0x3, 0xc1, 0xe0, 0x30,
    0x18, 0x0, 0x0, 0x0, 0x0, 0x0, 0x0, 0x0,
    0x0, 0x0, 0x0, 0x0, 0x0, 0x0, 0x0, 0x3,
    0xff, 0x0, 0x7f, 0xe0, 0xf, 0xfc, 0x0, 0x7,
    0x80, 0x0, 0xf0, 0x0, 0x1e, 0x0, 0x3, 0xc0,
    0x0, 0x78, 0x0, 0xf, 0x0, 0x1, 0xe0, 0x0,
    0x3c, 0x0, 0x7, 0x80, 0x0, 0xf0, 0x0, 0x1e,
    0x0, 0x3, 0xc0, 0x0, 0x78, 0x0, 0xf, 0x0,
    0x1, 0xe0, 0x0, 0x3c, 0x0, 0x7, 0x80, 0x0,
    0x78, 0x0, 0xf, 0x80, 0x0, 0xff, 0xe0, 0xf,
    0xfc, 0x0, 0x7f, 0x80,

    /* U+0458 "ј" */
    0x0, 0x3c, 0x0, 0xf0, 0x3, 0xc0, 0xf, 0x0,
    0x3c, 0x0, 0x0, 0x0, 0x0, 0x0, 0x0, 0x0,
    0x0, 0x1, 0xff, 0xc7, 0xff, 0x1f, 0xfc, 0x0,
    0xf0, 0x3, 0xc0, 0xf, 0x0, 0x3c, 0x0, 0xf0,
    0x3, 0xc0, 0xf, 0x0, 0x3c, 0x0, 0xf0, 0x3,
    0xc0, 0xf, 0x0, 0x3c, 0x0, 0xf0, 0x3, 0xc0,
    0xf, 0x0, 0x3c, 0x0, 0xf0, 0x3, 0xc0, 0xf,
    0x0, 0x3c, 0x0, 0xf0, 0x3, 0xc0, 0xf, 0x0,
    0x3c, 0x0, 0xf0, 0x3, 0xc0, 0x1f, 0x0, 0x78,
    0x3, 0xef, 0xff, 0x3f, 0xf8, 0xff, 0x80,

    /* U+0459 "љ" */
    0x3, 0xff, 0xe0, 0x0, 0x3f, 0xfe, 0x0, 0x3,
    0xff, 0xe0, 0x0, 0x3c, 0x1e, 0x0, 0x3, 0xc1,
    0xe0, 0x0, 0x3c, 0x1e, 0x0, 0x3, 0xc1, 0xe0,
    0x0, 0x3c, 0x1e, 0x0, 0x3, 0xc1, 0xe0, 0x0,
    0x3c, 0x1e, 0x0, 0x3, 0xc1, 0xfe, 0x0, 0x3c,
    0x1f, 0xf8, 0x3, 0xc1, 0xff, 0xc0, 0x3c, 0x1e,
    0x3e, 0x3, 0xc1, 0xe1, 0xe0, 0x3c, 0x1e, 0xf,
    0x3, 0xc1, 0xe0, 0xf0, 0x3c, 0x1e, 0xf, 0x7,
    0xc1, 0xe0, 0xf0, 0x78, 0x1e, 0xf, 0x7, 0x81,
    0xe1, 0xe1, 0xf0, 0x1e, 0x3e, 0xff, 0x1, 0xff,
    0xcf, 0xe0, 0x1f, 0xf8, 0xf8, 0x1, 0xfe, 0x0,

    /* U+045A "њ" */
    0xf0, 0xf, 0x0, 0x78, 0x7, 0x80, 0x3c, 0x3,
    0xc0, 0x1e, 0x1, 0xe0, 0xf, 0x0, 0xf0, 0x7,
    0x80, 0x78, 0x3, 0xc0, 0x3c, 0x1, 0xe0, 0x1e,
    0x0, 0xf0, 0xf, 0x0, 0x78, 0x7, 0x80, 0x3f,
    0xff, 0xfc, 0x1f, 0xff, 0xff, 0x8f, 0xff, 0xff,
    0xe7, 0x80, 0x78, 0xfb, 0xc0, 0x3c, 0x3d, 0xe0,
    0x1e, 0xf, 0xf0, 0xf, 0x7, 0xf8, 0x7, 0x83,
    0xfc, 0x3, 0xc1, 0xfe, 0x1, 0xe0, 0xff, 0x0,
    0xf0, 0xf7, 0x80, 0x78, 0xfb, 0xc0, 0x3f, 0xf9,
    0xe0, 0x1f, 0xf8, 0xf0, 0xf, 0xf0, 0x0,

    /* U+045B "ћ" */
    0xf, 0x0, 0x0, 0xf, 0x0, 0x0, 0xf, 0x0,
    0x0, 0xf, 0x0, 0x0, 0xf, 0x0, 0x0, 0xf,
    0x0, 0x0, 0xf, 0x0, 0x0, 0xf, 0x0, 0x0,
    0xf, 0x0, 0x0, 0xf, 0x0, 0x0, 0xff, 0xff,
    0xe0, 0xff, 0xff, 0xe0, 0xff, 0xff, 0xe0, 0xf,
    0x0, 0x0, 0xf, 0x0, 0x0, 0xf, 0x0, 0x0,
    0xf, 0x0, 0x0, 0xf, 0x0, 0x0, 0xf, 0xf,
    0xe0, 0xf, 0x3f, 0xf8, 0xf, 0x7f, 0xfc, 0xf,
    0xf0, 0x7e, 0xf, 0xc0, 0x1e, 0xf, 0x80, 0x1e,
    0xf, 0x80, 0xf, 0xf, 0x0, 0xf, 0xf, 0x0,
    0xf, 0xf, 0x0, 0xf, 0xf, 0x0, 0xf, 0xf,
    0x0, 0xf, 0xf, 0x0, 0xf, 0xf, 0x0, 0xf,
    0xf, 0x0, 0xf, 0xf, 0x0, 0xf, 0xf, 0x0,
    0xf,

    /* U+045C "ќ" */
    0x0, 0x7, 0x80, 0x0, 0x3c, 0x0, 0x1, 0xe0,
    0x0, 0xf, 0x80, 0x0, 0x3c, 0x0, 0x1, 0xe0,
    0x0, 0xf, 0x0, 0x0, 0x78, 0x0, 0x1, 0xc0,
    0x0, 0x0, 0x0, 0x0, 0x0, 0x0, 0x0, 0x0,
    0x0, 0x0, 0x0, 0x3, 0xc0, 0x7, 0xcf, 0x0,
    0x7e, 0x3c, 0x3, 0xf0, 0xf0, 0x1f, 0x3, 0xc0,
    0xf8, 0xf, 0x7, 0xc0, 0x3c, 0x3e, 0x0, 0xf1,
    0xf0, 0x3, 0xcf, 0x80, 0xf, 0x7c, 0x0, 0x3f,
    0xf8, 0x0, 0xff, 0xf0, 0x3, 0xff, 0xc0, 0xf,
    0xcf, 0x80, 0x3e, 0x1f, 0x0, 0xf0, 0x3e, 0x3,
    0xc0, 0xf8, 0xf, 0x1, 0xf0, 0x3c, 0x3, 0xe0,
    0xf0, 0x7, 0xc3, 0xc0, 0x1f, 0xf, 0x0, 0x3e,
    0x3c, 0x0, 0x7c, 0xf0, 0x0, 0xfb, 0xc0, 0x3,
    0xe0,

    /* U+045D "ѝ" */
    0x1f, 0x0, 0x0, 0xf8, 0x0, 0x7, 0xc0, 0x0,
    0x3c, 0x0, 0x1, 0xe0, 0x0, 0xf, 0x0, 0x0,
    0x78, 0x0, 0x3, 0xc0, 0x0, 0x1e, 0x0, 0x0,
    0x0, 0x0, 0x0, 0x0, 0x0, 0x0, 0x0, 0x0,
    0xf, 0x0, 0xf, 0xf0, 0x1, 0xff, 0x0, 0x3f,
    0xf0, 0x3, 0xff, 0x0, 0x7f, 0xf0, 0xf, 0xff,
    0x0, 0xff, 0xf0, 0x1f, 0xff, 0x3, 0xef, 0xf0,
    0x3c, 0xff, 0x7, 0xcf, 0xf0, 0xf8, 0xff, 0xf,
    0xf, 0xf1, 0xf0, 0xff, 0x3e, 0xf, 0xf3, 0xc0,
    0xff, 0x7c, 0xf, 0xff, 0x80, 0xff, 0xf0, 0xf,
    0xff, 0x0, 0xff, 0xe0, 0xf, 0xfc, 0x0, 0xff,
    0xc0, 0xf, 0xf8, 0x0, 0xff, 0x0, 0xf,

    /* U+045E "ў" */
    0x7, 0x0, 0xe0, 0x7, 0x0, 0xe0, 0x7, 0x1,
    0xe0, 0x3, 0xc3, 0xc0, 0x3, 0xff, 0xc0, 0x1,
    0xff, 0x80, 0x0, 0x7e, 0x0, 0x0, 0x0, 0x0,
    0x0, 0x0, 0x0, 0x0, 0x0, 0x0, 0xf8, 0x0,
    0xf, 0x78, 0x0, 0x1f, 0x7c, 0x0, 0x1e, 0x3c,
    0x0, 0x3e, 0x3c, 0x0, 0x3c, 0x3e, 0x0, 0x3c,
    0x1e, 0x0, 0x7c, 0x1e, 0x0, 0x78, 0x1f, 0x0,
    0x78, 0xf, 0x0, 0xf8, 0xf, 0x80, 0xf0, 0x7,
    0x81, 0xf0, 0x7, 0x81, 0xe0, 0x7, 0xc1, 0xe0,
    0x3, 0xc3, 0xe0, 0x3, 0xe3, 0xc0, 0x1, 0xe3,
    0xc0, 0x1, 0xe7, 0x80, 0x1, 0xf7, 0x80, 0x0,
    0xff, 0x80, 0x0, 0xff, 0x0, 0x0, 0x7f, 0x0,
    0x0, 0x7e, 0x0, 0x0, 0x7e, 0x0, 0x0, 0x3e,
    0x0, 0x0, 0x3c, 0x0, 0x0, 0x3c, 0x0, 0x0,
    0x78, 0x0, 0x0, 0x78, 0x0, 0x0, 0xf8, 0x0,
    0x0, 0xf0, 0x0, 0x1, 0xf0, 0x0, 0x3f, 0xe0,
    0x0, 0x3f, 0xc0, 0x0, 0x3f, 0x0, 0x0,

    /* U+045F "џ" */
    0xf0, 0x0, 0xff, 0x0, 0xf, 0xf0, 0x0, 0xff,
    0x0, 0xf, 0xf0, 0x0, 0xff, 0x0, 0xf, 0xf0,
    0x0, 0xff, 0x0, 0xf, 0xf0, 0x0, 0xff, 0x0,
    0xf, 0xf0, 0x0, 0xff, 0x0, 0xf, 0xf0, 0x0,
    0xff, 0x0, 0xf, 0xf0, 0x0, 0xff, 0x0, 0xf,
    0xf0, 0x0, 0xff, 0x0, 0xf, 0xf0, 0x0, 0xff,
    0x0, 0xf, 0xf0, 0x0, 0xff, 0x0, 0xf, 0xff,
    0xff, 0xff, 0xff, 0xff, 0xff, 0xff, 0xf0, 0xf,
    0x0, 0x0, 0xf0, 0x0, 0xf, 0x0, 0x0, 0xf0,
    0x0, 0xf, 0x0, 0x0, 0xf0, 0x0, 0xf, 0x0,

    /* U+0462 "Ѣ" */
    0x3, 0xc0, 0x0, 0x0, 0xf0, 0x0, 0x0, 0x3c,
    0x0, 0x0, 0xf, 0x0, 0x0, 0x3, 0xc0, 0x0,
    0x0, 0xf0, 0x0, 0xf, 0xff, 0xfe, 0x3, 0xff,
    0xff, 0x80, 0xff, 0xff, 0xe0, 0x0, 0xf0, 0x0,
    0x0, 0x3c, 0x0, 0x0, 0xf, 0x0, 0x0, 0x3,
    0xc0, 0x0, 0x0, 0xf0, 0x0, 0x0, 0x3f, 0xfc,
    0x0, 0xf, 0xff, 0xe0, 0x3, 0xff, 0xfe, 0x0,
    0xf0, 0x1f, 0xc0, 0x3c, 0x1, 0xf8, 0xf, 0x0,
    0x3e, 0x3, 0xc0, 0xf, 0xc0, 0xf0, 0x1, 0xf0,
    0x3c, 0x0, 0x7c, 0xf, 0x0, 0x1f, 0x3, 0xc0,
    0x7, 0xc0, 0xf0, 0x1, 0xf0, 0x3c, 0x0, 0x7c,
    0xf, 0x0, 0x3f, 0x3, 0xc0, 0xf, 0x80, 0xf0,
    0x7, 0xe0, 0x3c, 0x7, 0xf0, 0xf, 0xff, 0xf8,
    0x3, 0xff, 0xf8, 0x0, 0xff, 0xf8, 0x0,

    /* U+0463 "ѣ" */
    0x3, 0xc0, 0x0, 0x0, 0xf0, 0x0, 0x0, 0x3c,
    0x0, 0x0, 0xf, 0x0, 0x0, 0x3, 0xc0, 0x0,
    0x0, 0xf0, 0x0, 0x0, 0x3c, 0x0, 0x0, 0xf,
    0x0, 0x0, 0x3, 0xc0, 0x0, 0x0, 0xf0, 0x0,
    0x0, 0x3c, 0x0, 0x3, 0xff, 0xff, 0xc0, 0xff,
    0xff, 0xf0, 0x3f, 0xff, 0xfc, 0x0, 0x3c, 0x0,
    0x0, 0xf, 0x0, 0x0, 0x3, 0xc0, 0x0, 0x0,
    0xf0, 0x0, 0x0, 0x3c, 0x0, 0x0, 0xf, 0x0,
    0x0, 0x3, 0xc0, 0x0, 0x0, 0xff, 0xfc, 0x0,
    0x3f, 0xff, 0xe0, 0xf, 0xff, 0xfc, 0x3, 0xc0,
    0x1f, 0x80, 0xf0, 0x1, 0xe0, 0x3c, 0x0, 0x3c,
    0xf, 0x0, 0xf, 0x3, 0xc0, 0x3, 0xc0, 0xf0,
    0x0, 0xf0, 0x3c, 0x0, 0x3c, 0xf, 0x0, 0x1e,
    0x3, 0xc0, 0x1f, 0x80, 0xff, 0xff, 0xc0, 0x3f,
    0xff, 0xe0, 0xf, 0xff, 0xc0,

    /* U+0472 "Ѳ" */
    0x0, 0x10, 0x0, 0x3, 0xfe, 0x0, 0x1f, 0xff,
    0x0, 0x7f, 0xff, 0x1, 0xf0, 0x1f, 0x7, 0xc0,
    0x1f, 0xf, 0x80, 0x3e, 0x3e, 0x0, 0x3c, 0x7c,
    0x0, 0x7c, 0xf8, 0x0, 0xf9, 0xe0, 0x0, 0xf7,
    0xc0, 0x1, 0xff, 0x80, 0x3, 0xff, 0x0, 0x7,
    0xfe, 0x0, 0xf, 0xfc, 0x0, 0x1f, 0xf8, 0x0,
    0x3f, 0xff, 0xff, 0xff, 0xff, 0xff, 0xff, 0xff,
    0xff, 0xff, 0x80, 0x3, 0xff, 0x0, 0x7, 0xfe,
    0x0, 0xf, 0xfc, 0x0, 0x1f, 0xf8, 0x0, 0x3c,
    0xf0, 0x0, 0x79, 0xf0, 0x1, 0xf3, 0xe0, 0x3,
    0xe7, 0xc0, 0x7, 0x87, 0xc0, 0x1f, 0xf, 0x80,
    0x3c, 0xf, 0x80, 0xf8, 0xf, 0xff, 0xe0, 0xf,
    0xff, 0x80, 0x7, 0xfc, 0x0, 0x0, 0x80, 0x0,

    /* U+0473 "ѳ" */
    0x0, 0x0, 0x0, 0xf, 0xfc, 0x0, 0xff, 0xfc,
    0x7, 0xff, 0xf8, 0x3e, 0x1, 0xf0, 0xf0, 0x3,
    0xc7, 0x80, 0x7, 0x9e, 0x0, 0x1e, 0x70, 0x0,
    0x3b, 0xc0, 0x0, 0xff, 0x0, 0x3, 0xfc, 0x0,
    0xf, 0xff, 0xff, 0xff, 0xff, 0xff, 0xff, 0xff,
    0xff, 0xfc, 0x0, 0xf, 0xf0, 0x0, 0x3f, 0xc0,
    0x0, 0xf7, 0x80, 0x7, 0x9e, 0x0, 0x1e, 0x7c,
    0x0, 0xf8, 0xf0, 0x3, 0xc3, 0xe0, 0x1f, 0x7,
    0xff, 0xf8, 0xf, 0xff, 0xc0, 0xf, 0xfc, 0x0,
    0x3, 0x0, 0x0,

    /* U+0490 "Ґ" */
    0x0, 0x0, 0x78, 0x0, 0x3, 0xc0, 0x0, 0x1e,
    0x0, 0x0, 0xf0, 0x0, 0x7, 0x80, 0x0, 0x3c,
    0x0, 0x1, 0xff, 0xff, 0xff, 0xff, 0xff, 0xff,
    0xff, 0xff, 0xfc, 0x0, 0x1, 0xe0, 0x0, 0xf,
    0x0, 0x0, 0x78, 0x0, 0x3, 0xc0, 0x0, 0x1e,
    0x0, 0x0, 0xf0, 0x0, 0x7, 0x80, 0x0, 0x3c,
    0x0, 0x1, 0xe0, 0x0, 0xf, 0x0, 0x0, 0x78,
    0x0, 0x3, 0xc0, 0x0, 0x1e, 0x0, 0x0, 0xf0,
    0x0, 0x7, 0x80, 0x0, 0x3c, 0x0, 0x1, 0xe0,
    0x0, 0xf, 0x0, 0x0, 0x78, 0x0, 0x3, 0xc0,
    0x0, 0x1e, 0x0, 0x0, 0xf0, 0x0, 0x7, 0x80,
    0x0, 0x3c, 0x0, 0x1, 0xe0, 0x0, 0xf, 0x0,
    0x0, 0x78, 0x0, 0x3, 0xc0, 0x0, 0x1e, 0x0,
    0x0, 0xf0, 0x0, 0x0,

    /* U+0491 "ґ" */
    0x0, 0x7, 0x80, 0x3, 0xc0, 0x1, 0xe0, 0x0,
    0xf0, 0x0, 0x78, 0x0, 0x3c, 0x0, 0x1e, 0x0,
    0xf, 0xff, 0xff, 0xff, 0xff, 0xff, 0xff, 0xfe,
    0x0, 0xf, 0x0, 0x7, 0x80, 0x3, 0xc0, 0x1,
    0xe0, 0x0, 0xf0, 0x0, 0x78, 0x0, 0x3c, 0x0,
    0x1e, 0x0, 0xf, 0x0, 0x7, 0x80, 0x3, 0xc0,
    0x1, 0xe0, 0x0, 0xf0, 0x0, 0x78, 0x0, 0x3c,
    0x0, 0x1e, 0x0, 0xf, 0x0, 0x7, 0x80, 0x3,
    0xc0, 0x1, 0xe0, 0x0, 0xf0, 0x0, 0x0,

    /* U+0492 "Ғ" */
    0x1f, 0xff, 0xff, 0x1f, 0xff, 0xff, 0x1f, 0xff,
    0xff, 0x1e, 0x0, 0x0, 0x1e, 0x0, 0x0, 0x1e,
    0x0, 0x0, 0x1e, 0x0, 0x0, 0x1e, 0x0, 0x0,
    0x1e, 0x0, 0x0, 0x1e, 0x0, 0x0, 0x1e, 0x0,
    0x0, 0x1e, 0x0, 0x0, 0xff, 0xff, 0xf0, 0xff,
    0xff, 0xf0, 0xff, 0xff, 0xf0, 0x1e, 0x0, 0x0,
    0x1e, 0x0, 0x0, 0x1e, 0x0, 0x0, 0x1e, 0x0,
    0x0, 0x1e, 0x0, 0x0, 0x1e, 0x0, 0x0, 0x1e,
    0x0, 0x0, 0x1e, 0x0, 0x0, 0x1e, 0x0, 0x0,
    0x1e, 0x0, 0x0, 0x1e, 0x0, 0x0, 0x1e, 0x0,
    0x0, 0x1e, 0x0, 0x0, 0x1e, 0x0, 0x0, 0x1e,
    0x0, 0x0, 0x1e, 0x0, 0x0, 0x1e, 0x0, 0x0,
    0x1e, 0x0, 0x0, 0x1e, 0x0, 0x0,

    /* U+0493 "ғ" */
    0x1f, 0xff, 0xf1, 0xff, 0xff, 0x1f, 0xff, 0xf1,
    0xe0, 0x0, 0x1e, 0x0, 0x1, 0xe0, 0x0, 0x1e,
    0x0, 0x1, 0xe0, 0x0, 0x1e, 0x0, 0x1, 0xe0,
    0x0, 0xff, 0xff, 0x8f, 0xff, 0xf8, 0xff, 0xff,
    0x81, 0xe0, 0x0, 0x1e, 0x0, 0x1, 0xe0, 0x0,
    0x1e, 0x0, 0x1, 0xe0, 0x0, 0x1e, 0x0, 0x1,
    0xe0, 0x0, 0x1e, 0x0, 0x1, 0xe0, 0x0, 0x1e,
    0x0, 0x1, 0xe0, 0x0, 0x1e, 0x0, 0x0,

    /* U+0494 "Ҕ" */
    0xff, 0xff, 0xff, 0xff, 0xff, 0xff, 0xff, 0xff,
    0xe0, 0x0, 0xf, 0x0, 0x0, 0x78, 0x0, 0x3,
    0xc0, 0x0, 0x1e, 0x0, 0x0, 0xf0, 0x0, 0x7,
    0x80, 0x0, 0x3c, 0x0, 0x1, 0xe0, 0x0, 0xf,
    0x0, 0x0, 0x78, 0x0, 0x3, 0xc0, 0x0, 0x1f,
    0xff, 0xc0, 0xff, 0xff, 0x87, 0xff, 0xfe, 0x3c,
    0x0, 0xf9, 0xe0, 0x3, 0xef, 0x0, 0xf, 0x78,
    0x0, 0x7b, 0xc0, 0x1, 0xfe, 0x0, 0xf, 0xf0,
    0x0, 0x7f, 0x80, 0x3, 0xfc, 0x0, 0x1f, 0xe0,
    0x0, 0xff, 0x0, 0x7, 0xf8, 0x0, 0x3f, 0xc0,
    0x1, 0xfe, 0x0, 0xf, 0xf0, 0x0, 0x7f, 0x80,
    0x3, 0xc0, 0x0, 0x1e, 0x0, 0x0, 0xf0, 0x0,
    0x7, 0x80, 0x0, 0x78, 0x0, 0x3, 0xc0, 0x0,
    0x3e, 0x0, 0x3, 0xe0, 0x3, 0xfe, 0x0, 0x1f,
    0xe0, 0x0, 0xfc, 0x0,

    /* U+0495 "ҕ" */
    0xff, 0xff, 0x9f, 0xff, 0xf3, 0xff, 0xfe, 0x78,
    0x0, 0xf, 0x0, 0x1, 0xe0, 0x0, 0x3c, 0x0,
    0x7, 0x80, 0x0, 0xf0, 0x0, 0x1e, 0x0, 0x3,
    0xc0, 0x0, 0x7f, 0xff, 0xf, 0xff, 0xf9, 0xff,
    0xff, 0xbc, 0x1, 0xf7, 0x80, 0x1f, 0xf0, 0x1,
    0xfe, 0x0, 0x3f, 0xc0, 0x7, 0xf8, 0x0, 0xff,
    0x0, 0x1f, 0xe0, 0x3, 0xfc, 0x0, 0x7f, 0x80,
    0xf, 0xf0, 0x1, 0xe0, 0x0, 0x3c, 0x0, 0x7,
    0x80, 0x0, 0xf0, 0x0, 0x1e, 0x0, 0x3, 0xc0,
    0x0, 0xf0, 0x0, 0x3e, 0x1, 0xff, 0x80, 0x3f,
    0xe0, 0x7, 0xf8, 0x0,

    /* U+0496 "Җ" */
    0x7c, 0xf, 0x3, 0xe7, 0xc0, 0xf0, 0x3e, 0x3e,
    0xf, 0x7, 0xc3, 0xe0, 0xf0, 0x7c, 0x1f, 0xf,
    0xf, 0x81, 0xf0, 0xf0, 0xf8, 0xf, 0x8f, 0x1f,
    0x0, 0xf8, 0xf1, 0xf0, 0x7, 0xcf, 0x3e, 0x0,
    0x7c, 0xf3, 0xe0, 0x3, 0xef, 0x7c, 0x0, 0x3e,
    0xf7, 0xc0, 0x1, 0xff, 0xf8, 0x0, 0x1f, 0xff,
    0x80, 0x1, 0xff, 0xf8, 0x0, 0x1f, 0xff, 0x80,
    0x3, 0xff, 0xfc, 0x0, 0x3f, 0xff, 0xc0, 0x3,
    0xff, 0xfe, 0x0, 0x7f, 0xff, 0xe0, 0x7, 0x9f,
    0x9e, 0x0, 0x79, 0xf9, 0xf0, 0xf, 0x8f, 0x1f,
    0x0, 0xf0, 0xf0, 0xf0, 0xf, 0xf, 0xf, 0x81,
    0xf0, 0xf0, 0xf8, 0x1e, 0xf, 0x7, 0x81, 0xe0,
    0xf0, 0x7c, 0x3e, 0xf, 0x7, 0xc3, 0xc0, 0xf0,
    0x3c, 0x3c, 0xf, 0x3, 0xf7, 0xc0, 0xf0, 0x3f,
    0x78, 0xf, 0x1, 0xf7, 0x80, 0xf0, 0x1f, 0x0,
    0x0, 0x0, 0xf0, 0x0, 0x0, 0xf, 0x0, 0x0,
    0x0, 0xf0, 0x0, 0x0, 0xf, 0x0, 0x0, 0x0,
    0xf0, 0x0, 0x0, 0xf, 0x0, 0x0, 0x0, 0xf0,

    /* U+0497 "җ" */
    0x78, 0x1e, 0x7, 0xcf, 0x83, 0xc1, 0xf0, 0xf8,
    0x78, 0x7c, 0xf, 0xf, 0xf, 0x81, 0xf1, 0xe3,
    0xe0, 0x1e, 0x3c, 0x78, 0x3, 0xe7, 0x9f, 0x0,
    0x3e, 0xf7, 0xc0, 0x3, 0xde, 0xf0, 0x0, 0x7f,
    0xfe, 0x0, 0xf, 0xff, 0xc0, 0x3, 0xff, 0xfc,
    0x0, 0x7f, 0xff, 0x80, 0x1f, 0xff, 0xf8, 0x3,
    0xdf, 0xef, 0x0, 0x79, 0xf9, 0xe0, 0x1e, 0x3f,
    0x1e, 0x3, 0xc3, 0xc3, 0xc0, 0x78, 0x78, 0x7c,
    0x1e, 0xf, 0x7, 0x83, 0xc1, 0xe0, 0xf0, 0xf8,
    0x3c, 0x1f, 0x1e, 0x7, 0x81, 0xfb, 0xc0, 0xf0,
    0x3f, 0xf0, 0x1e, 0x3, 0xe0, 0x0, 0x0, 0x3c,
    0x0, 0x0, 0x7, 0x80, 0x0, 0x0, 0xf0, 0x0,
    0x0, 0x1e, 0x0, 0x0, 0x3, 0xc0, 0x0, 0x0,
    0x78, 0x0, 0x0, 0xf,

    /* U+0498 "Ҙ" */
    0x0, 0x20, 0x0, 0xff, 0xfc, 0x3, 0xff, 0xf8,
    0xf, 0xff, 0xf8, 0x30, 0x1, 0xf0, 0x0, 0x3,
    0xc0, 0x0, 0xf, 0x80, 0x0, 0x1e, 0x0, 0x0,
    0x78, 0x0, 0x1, 0xe0, 0x0, 0x7, 0x80, 0x0,
    0x1e, 0x0, 0x0, 0xf0, 0x0, 0x7, 0xc0, 0x0,
    0x7e, 0x0, 0xff, 0xf0, 0x3, 0xfe, 0x0, 0xf,
    0xff, 0x0, 0x0, 0x7e, 0x0, 0x0, 0x7c, 0x0,
    0x0, 0xf8, 0x0, 0x1, 0xe0, 0x0, 0x3, 0xc0,
    0x0, 0xf, 0x0, 0x0, 0x3c, 0x0, 0x0, 0xf0,
    0x0, 0x3, 0xc0, 0x0, 0xf, 0x0, 0x0, 0x7c,
    0x0, 0x1, 0xec, 0x0, 0xf, 0xbc, 0x0, 0x7c,
    0xff, 0xff, 0xe3, 0xff, 0xff, 0x7, 0xff, 0xf0,
    0x0, 0x3c, 0x0, 0x0, 0x38, 0x0, 0x0, 0x60,
    0x0, 0x1, 0xc0, 0x0, 0x7, 0x0, 0x0, 0x3c,
    0x0, 0x1f, 0xf0, 0x0, 0x7f, 0x80, 0x1, 0xfc,
    0x0,

    /* U+0499 "ҙ" */
    0x0, 0x40, 0x7, 0xff, 0xf0, 0x7f, 0xff, 0xc7,
    0xff, 0xfe, 0x40, 0x3, 0xe0, 0x0, 0x1f, 0x0,
    0x0, 0xf0, 0x0, 0xf, 0x0, 0x0, 0xf0, 0x0,
    0x1e, 0x0, 0x7, 0xc0, 0x7f, 0xf8, 0x7, 0xfc,
    0x0, 0x7f, 0xf8, 0x0, 0xf, 0xc0, 0x0, 0x3e,
    0x0, 0x1, 0xf0, 0x0, 0xf, 0x0, 0x0, 0xf0,
    0x0, 0xf, 0x0, 0x0, 0xf0, 0x0, 0x1e, 0xc0,
    0x3, 0xef, 0xff, 0xfc, 0xff, 0xff, 0x8f, 0xff,
    0xe0, 0x1, 0xe0, 0x0, 0x7, 0x0, 0x0, 0x30,
    0x0, 0x3, 0x80, 0x0, 0x38, 0x0, 0x7, 0x80,
    0xf, 0xf8, 0x0, 0xff, 0x0, 0xf, 0xe0, 0x0,

    /* U+049A "Қ" */
    0xf0, 0x0, 0x1f, 0x78, 0x0, 0x1f, 0x3c, 0x0,
    0x1f, 0x1e, 0x0, 0x1f, 0xf, 0x0, 0x1f, 0x7,
    0x80, 0x1f, 0x3, 0xc0, 0x1f, 0x1, 0xe0, 0x1f,
    0x0, 0xf0, 0x1f, 0x0, 0x78, 0x1f, 0x0, 0x3c,
    0x1f, 0x0, 0x1e, 0x1f, 0x0, 0xf, 0x1f, 0x0,
    0x7, 0x9f, 0x0, 0x3, 0xdf, 0x80, 0x1, 0xff,
    0xe0, 0x0, 0xff, 0xf8, 0x0, 0x7f, 0x7c, 0x0,
    0x3f, 0x1f, 0x0, 0x1f, 0xf, 0xc0, 0xf, 0x3,
    0xf0, 0x7, 0x80, 0xf8, 0x3, 0xc0, 0x7e, 0x1,
    0xe0, 0x1f, 0x80, 0xf0, 0x7, 0xc0, 0x78, 0x3,
    0xf0, 0x3c, 0x0, 0xfc, 0x1e, 0x0, 0x3f, 0xf,
    0x0, 0xf, 0x87, 0x80, 0x7, 0xe3, 0xc0, 0x1,
    0xff, 0xe0, 0x0, 0x7f, 0xf0, 0x0, 0x3f, 0xf8,
    0x0, 0xf, 0xc0, 0x0, 0x3, 0xe0, 0x0, 0x1,
    0xf0, 0x0, 0x0, 0xf8, 0x0, 0x0, 0x7c, 0x0,
    0x0, 0x3e, 0x0, 0x0, 0x1f, 0x0, 0x0, 0xf,
    0x80,

    /* U+049B "қ" */
    0xf0, 0x1, 0xf3, 0xc0, 0xf, 0x8f, 0x0, 0x7c,
    0x3c, 0x3, 0xe0, 0xf0, 0x1f, 0x3, 0xc1, 0xf8,
    0xf, 0xf, 0xc0, 0x3c, 0x7e, 0x0, 0xf3, 0xe0,
    0x3, 0xdf, 0x0, 0xf, 0xfe, 0x0, 0x3f, 0xfc,
    0x0, 0xfe, 0xf8, 0x3, 0xf3, 0xf0, 0xf, 0x87,
    0xc0, 0x3c, 0xf, 0x80, 0xf0, 0x1f, 0x3, 0xc0,
    0x7e, 0xf, 0x0, 0xf8, 0x3c, 0x1, 0xf0, 0xf0,
    0x3, 0xe3, 0xc0, 0x7, 0xff, 0x0, 0x1f, 0xfc,
    0x0, 0x3f, 0xf0, 0x0, 0x7c, 0x0, 0x0, 0xf0,
    0x0, 0x3, 0xc0, 0x0, 0xf, 0x0, 0x0, 0x3c,
    0x0, 0x0, 0xf0, 0x0, 0x3, 0xc0,

    /* U+04A2 "Ң" */
    0xf0, 0x0, 0x3c, 0x1e, 0x0, 0x7, 0x83, 0xc0,
    0x0, 0xf0, 0x78, 0x0, 0x1e, 0xf, 0x0, 0x3,
    0xc1, 0xe0, 0x0, 0x78, 0x3c, 0x0, 0xf, 0x7,
    0x80, 0x1, 0xe0, 0xf0, 0x0, 0x3c, 0x1e, 0x0,
    0x7, 0x83, 0xc0, 0x0, 0xf0, 0x78, 0x0, 0x1e,
    0xf, 0x0, 0x3, 0xc1, 0xe0, 0x0, 0x78, 0x3f,
    0xff, 0xff, 0x7, 0xff, 0xff, 0xe0, 0xff, 0xff,
    0xfc, 0x1e, 0x0, 0x7, 0x83, 0xc0, 0x0, 0xf0,
    0x78, 0x0, 0x1e, 0xf, 0x0, 0x3, 0xc1, 0xe0,
    0x0, 0x78, 0x3c, 0x0, 0xf, 0x7, 0x80, 0x1,
    0xe0, 0xf0, 0x0, 0x3c, 0x1e, 0x0, 0x7, 0x83,
    0xc0, 0x0, 0xf0, 0x78, 0x0, 0x1e, 0xf, 0x0,
    0x3, 0xc1, 0xe0, 0x0, 0x78, 0x3c, 0x0, 0xf,
    0xff, 0x80, 0x1, 0xff, 0xf0, 0x0, 0x3f, 0xfe,
    0x0, 0x7, 0xfc, 0x0, 0x0, 0xf, 0x80, 0x0,
    0x1, 0xf0, 0x0, 0x0, 0x3e, 0x0, 0x0, 0x7,
    0xc0, 0x0, 0x0, 0xf8, 0x0, 0x0, 0x1f, 0x0,
    0x0, 0x3, 0xe0,

    /* U+04A3 "ң" */
    0xf0, 0x0, 0xf0, 0xf0, 0x0, 0xf0, 0xf0, 0x0,
    0xf0, 0xf0, 0x0, 0xf0, 0xf0, 0x0, 0xf0, 0xf0,
    0x0, 0xf0, 0xf0, 0x0, 0xf0, 0xf0, 0x0, 0xf0,
    0xf0, 0x0, 0xf0, 0xf0, 0x0, 0xf0, 0xff, 0xff,
    0xf0, 0xff, 0xff, 0xf0, 0xff, 0xff, 0xf0, 0xf0,
    0x0, 0xf0, 0xf0, 0x0, 0xf0, 0xf0, 0x0, 0xf0,
    0xf0, 0x0, 0xf0, 0xf0, 0x0, 0xf0, 0xf0, 0x0,
    0xf0, 0xf0, 0x0, 0xf0, 0xf0, 0x0, 0xf0, 0xf0,
    0x0, 0xff, 0xf0, 0x0, 0xff, 0xf0, 0x0, 0xff,
    0xf0, 0x0, 0xff, 0x0, 0x0, 0xf, 0x0, 0x0,
    0xf, 0x0, 0x0, 0xf, 0x0, 0x0, 0xf, 0x0,
    0x0, 0xf, 0x0, 0x0, 0xf,

    /* U+04A4 "Ҥ" */
    0xf0, 0x7, 0xff, 0xf0, 0x7, 0xff, 0xf0, 0x7,
    0xff, 0xf0, 0x7, 0x80, 0xf0, 0x7, 0x80, 0xf0,
    0x7, 0x80, 0xf0, 0x7, 0x80, 0xf0, 0x7, 0x80,
    0xf0, 0x7, 0x80, 0xf0, 0x7, 0x80, 0xf0, 0x7,
    0x80, 0xf0, 0x7, 0x80, 0xf0, 0x7, 0x80, 0xf0,
    0x7, 0x80, 0xff, 0xff, 0x80, 0xff, 0xff, 0x80,
    0xff, 0xff, 0x80, 0xf0, 0x7, 0x80, 0xf0, 0x7,
    0x80, 0xf0, 0x7, 0x80, 0xf0, 0x7, 0x80, 0xf0,
    0x7, 0x80, 0xf0, 0x7, 0x80, 0xf0, 0x7, 0x80,
    0xf0, 0x7, 0x80, 0xf0, 0x7, 0x80, 0xf0, 0x7,
    0x80, 0xf0, 0x7, 0x80, 0xf0, 0x7, 0x80, 0xf0,
    0x7, 0x80, 0xf0, 0x7, 0x80, 0xf0, 0x7, 0x80,
    0xf0, 0x7, 0x80, 0xf0, 0x7, 0x80,

    /* U+04A5 "ҥ" */
    0xf0, 0x7, 0xff, 0xf0, 0x7, 0xff, 0xf0, 0x7,
    0xff, 0xf0, 0x7, 0x80, 0xf0, 0x7, 0x80, 0xf0,
    0x7, 0x80, 0xf0, 0x7, 0x80, 0xf0, 0x7, 0x80,
    0xf0, 0x7, 0x80, 0xf0, 0x7, 0x80, 0xff, 0xff,
    0x80, 0xff, 0xff, 0x80, 0xff, 0xff, 0x80, 0xf0,
    0x7, 0x80, 0xf0, 0x7, 0x80, 0xf0, 0x7, 0x80,
    0xf0, 0x7, 0x80, 0xf0, 0x7, 0x80, 0xf0, 0x7,
    0x80, 0xf0, 0x7, 0x80, 0xf0, 0x7, 0x80, 0xf0,
    0x7, 0x80, 0xf0, 0x7, 0x80, 0xf0, 0x7, 0x80,
    0xf0, 0x7, 0x80,

    /* U+04AA "Ҫ" */
    0x0, 0x0, 0x0, 0x3, 0xff, 0xc0, 0x1f, 0xff,
    0xc1, 0xff, 0xff, 0xf, 0xc0, 0x3c, 0x7e, 0x0,
    0x31, 0xf0, 0x0, 0xf, 0x80, 0x0, 0x3c, 0x0,
    0x1, 0xf0, 0x0, 0x7, 0xc0, 0x0, 0x1f, 0x0,
    0x0, 0xf8, 0x0, 0x3, 0xe0, 0x0, 0xf, 0x80,
    0x0, 0x3e, 0x0, 0x0, 0xf8, 0x0, 0x3, 0xe0,
    0x0, 0xf, 0x80, 0x0, 0x3e, 0x0, 0x0, 0xf8,
    0x0, 0x3, 0xe0, 0x0, 0xf, 0x80, 0x0, 0x3e,
    0x0, 0x0, 0x7c, 0x0, 0x1, 0xf0, 0x0, 0x7,
    0xc0, 0x0, 0xf, 0x0, 0x0, 0x3e, 0x0, 0x0,
    0x7c, 0x0, 0x1, 0xf8, 0x0, 0xc3, 0xf0, 0xf,
    0x7, 0xff, 0xfc, 0xf, 0xff, 0xf0, 0xf, 0xff,
    0x80, 0x1, 0xe0, 0x0, 0x3, 0x80, 0x0, 0x6,
    0x0, 0x0, 0x1c, 0x0, 0x0, 0x70, 0x0, 0x83,
    0xc0, 0x3, 0xff, 0x0, 0xf, 0xf8, 0x0, 0x1f,
    0xc0,

    /* U+04AB "ҫ" */
    0x0, 0x0, 0x0, 0x1f, 0xfc, 0x7, 0xff, 0xf0,
    0xff, 0xff, 0x1f, 0x0, 0x73, 0xe0, 0x1, 0x3c,
    0x0, 0x7, 0x80, 0x0, 0x78, 0x0, 0xf, 0x0,
    0x0, 0xf0, 0x0, 0xf, 0x0, 0x0, 0xf0, 0x0,
    0xf, 0x0, 0x0, 0xf0, 0x0, 0xf, 0x0, 0x0,
    0xf0, 0x0, 0xf, 0x0, 0x0, 0x78, 0x0, 0x7,
    0x80, 0x0, 0x7c, 0x0, 0x3, 0xe0, 0x1, 0x1f,
    0x0, 0x71, 0xff, 0xff, 0x7, 0xff, 0xf0, 0x3f,
    0xfe, 0x0, 0x3e, 0x0, 0x0, 0xe0, 0x0, 0x6,
    0x0, 0x0, 0x70, 0x0, 0x7, 0x0, 0x0, 0xf0,
    0x1, 0xff, 0x0, 0x1f, 0xe0, 0x1, 0xfc, 0x0,

    /* U+04AC "Ҭ" */
    0xff, 0xff, 0xff, 0xff, 0xff, 0xff, 0xff, 0xff,
    0xff, 0xfc, 0x0, 0x78, 0x0, 0x0, 0x1e, 0x0,
    0x0, 0x7, 0x80, 0x0, 0x1, 0xe0, 0x0, 0x0,
    0x78, 0x0, 0x0, 0x1e, 0x0, 0x0, 0x7, 0x80,
    0x0, 0x1, 0xe0, 0x0, 0x0, 0x78, 0x0, 0x0,
    0x1e, 0x0, 0x0, 0x7, 0x80, 0x0, 0x1, 0xe0,
    0x0, 0x0, 0x78, 0x0, 0x0, 0x1e, 0x0, 0x0,
    0x7, 0x80, 0x0, 0x1, 0xe0, 0x0, 0x0, 0x78,
    0x0, 0x0, 0x1e, 0x0, 0x0, 0x7, 0x80, 0x0,
    0x1, 0xe0, 0x0, 0x0, 0x78, 0x0, 0x0, 0x1e,
    0x0, 0x0, 0x7, 0x80, 0x0, 0x1, 0xe0, 0x0,
    0x0, 0x78, 0x0, 0x0, 0x1e, 0x0, 0x0, 0x7,
    0x80, 0x0, 0x1, 0xff, 0x0, 0x0, 0x7f, 0xc0,
    0x0, 0x1f, 0xf0, 0x0, 0x7, 0xfc, 0x0, 0x0,
    0x1f, 0x0, 0x0, 0x7, 0xc0, 0x0, 0x1, 0xf0,
    0x0, 0x0, 0x7c, 0x0, 0x0, 0x1f, 0x0, 0x0,
    0x7, 0xc0, 0x0, 0x1, 0xf0, 0x0,

    /* U+04AD "ҭ" */
    0xff, 0xff, 0xff, 0xff, 0xff, 0xff, 0xff, 0x80,
    0xf0, 0x0, 0x1e, 0x0, 0x3, 0xc0, 0x0, 0x78,
    0x0, 0xf, 0x0, 0x1, 0xe0, 0x0, 0x3c, 0x0,
    0x7, 0x80, 0x0, 0xf0, 0x0, 0x1e, 0x0, 0x3,
    0xc0, 0x0, 0x78, 0x0, 0xf, 0x0, 0x1, 0xe0,
    0x0, 0x3c, 0x0, 0x7, 0x80, 0x0, 0xf0, 0x0,
    0x1e, 0x0, 0x3, 0xfe, 0x0, 0x7f, 0xc0, 0xf,
    0xf8, 0x1, 0xff, 0x0, 0x1, 0xe0, 0x0, 0x3c,
    0x0, 0x7, 0x80, 0x0, 0xf0, 0x0, 0x1e, 0x0,
    0x3, 0xc0,

    /* U+04AE "Ү" */
    0xf8, 0x0, 0x7, 0xdf, 0x0, 0x3, 0xe3, 0xc0,
    0x0, 0xf8, 0xf8, 0x0, 0x7c, 0x1e, 0x0, 0x1e,
    0x7, 0xc0, 0xf, 0x80, 0xf0, 0x3, 0xc0, 0x3e,
    0x1, 0xf0, 0x7, 0xc0, 0xf8, 0x0, 0xf0, 0x3c,
    0x0, 0x3e, 0x1f, 0x0, 0x7, 0x87, 0x80, 0x1,
    0xf3, 0xe0, 0x0, 0x3c, 0xf0, 0x0, 0x7, 0xf8,
    0x0, 0x1, 0xfe, 0x0, 0x0, 0x3f, 0x0, 0x0,
    0xf, 0xc0, 0x0, 0x1, 0xe0, 0x0, 0x0, 0x78,
    0x0, 0x0, 0x1e, 0x0, 0x0, 0x7, 0x80, 0x0,
    0x1, 0xe0, 0x0, 0x0, 0x78, 0x0, 0x0, 0x1e,
    0x0, 0x0, 0x7, 0x80, 0x0, 0x1, 0xe0, 0x0,
    0x0, 0x78, 0x0, 0x0, 0x1e, 0x0, 0x0, 0x7,
    0x80, 0x0, 0x1, 0xe0, 0x0, 0x0, 0x78, 0x0,
    0x0, 0x1e, 0x0, 0x0, 0x7, 0x80, 0x0,

    /* U+04AF "ү" */
    0xf8, 0x0, 0x1f, 0x78, 0x0, 0x1e, 0x7c, 0x0,
    0x3e, 0x3c, 0x0, 0x3c, 0x3c, 0x0, 0x3c, 0x3e,
    0x0, 0x7c, 0x1e, 0x0, 0x78, 0x1e, 0x0, 0x78,
    0xf, 0x0, 0xf0, 0xf, 0x0, 0xf0, 0xf, 0x81,
    0xf0, 0x7, 0x81, 0xe0, 0x7, 0x81, 0xe0, 0x7,
    0xc3, 0xe0, 0x3, 0xc3, 0xc0, 0x3, 0xc3, 0xc0,
    0x1, 0xe7, 0x80, 0x1, 0xe7, 0x80, 0x1, 0xff,
    0x80, 0x0, 0xff, 0x0, 0x0, 0xff, 0x0, 0x0,
    0x7e, 0x0, 0x0, 0x7e, 0x0, 0x0, 0x7e, 0x0,
    0x0, 0x3c, 0x0, 0x0, 0x3c, 0x0, 0x0, 0x3c,
    0x0, 0x0, 0x3c, 0x0, 0x0, 0x3c, 0x0, 0x0,
    0x3c, 0x0, 0x0, 0x3c, 0x0, 0x0, 0x3c, 0x0,
    0x0, 0x3c, 0x0, 0x0, 0x3c, 0x0, 0x0, 0x3c,
    0x0,

    /* U+04B0 "Ұ" */
    0xf8, 0x0, 0x3, 0xef, 0x80, 0x0, 0xf8, 0xf0,
    0x0, 0x3e, 0x1f, 0x0, 0x7, 0xc1, 0xe0, 0x1,
    0xf0, 0x3e, 0x0, 0x3c, 0x3, 0xc0, 0xf, 0x80,
    0x7c, 0x1, 0xe0, 0x7, 0x80, 0x7c, 0x0, 0x78,
    0x1f, 0x0, 0xf, 0x83, 0xc0, 0x0, 0xf0, 0xf8,
    0x0, 0x1f, 0x1e, 0x0, 0x1, 0xe7, 0xc0, 0x0,
    0x3f, 0xf0, 0x0, 0x3, 0xfc, 0x0, 0x0, 0x3f,
    0x80, 0x0, 0x7, 0xe0, 0x0, 0x0, 0x78, 0x0,
    0x0, 0xf, 0x0, 0x0, 0x1, 0xe0, 0x0, 0xf,
    0xff, 0xf8, 0x1, 0xff, 0xff, 0x0, 0x3f, 0xff,
    0xe0, 0x0, 0x1e, 0x0, 0x0, 0x3, 0xc0, 0x0,
    0x0, 0x78, 0x0, 0x0, 0xf, 0x0, 0x0, 0x1,
    0xe0, 0x0, 0x0, 0x3c, 0x0, 0x0, 0x7, 0x80,
    0x0, 0x0, 0xf0, 0x0, 0x0, 0x1e, 0x0, 0x0,
    0x3, 0xc0, 0x0,

    /* U+04B1 "ұ" */
    0xf0, 0x0, 0xf, 0xf8, 0x0, 0x1f, 0x78, 0x0,
    0x1e, 0x7c, 0x0, 0x3e, 0x3c, 0x0, 0x3c, 0x3c,
    0x0, 0x3c, 0x3e, 0x0, 0x7c, 0x1e, 0x0, 0x78,
    0x1f, 0x0, 0xf8, 0xf, 0x0, 0xf0, 0xf, 0x0,
    0xf0, 0x7, 0x81, 0xf0, 0x7, 0x81, 0xe0, 0x7,
    0xc3, 0xe0, 0x3, 0xc3, 0xc0, 0x3, 0xc3, 0xc0,
    0x1, 0xe7, 0x80, 0x1, 0xe7, 0x80, 0x1, 0xff,
    0x80, 0x0, 0xff, 0x0, 0x0, 0xff, 0x0, 0x0,
    0x7e, 0x0, 0x0, 0x7e, 0x0, 0x0, 0x7e, 0x0,
    0x0, 0x3c, 0x0, 0x0, 0x3c, 0x0, 0x7, 0xff,
    0xe0, 0x7, 0xff, 0xe0, 0x7, 0xff, 0xe0, 0x0,
    0x3c, 0x0, 0x0, 0x3c, 0x0, 0x0, 0x3c, 0x0,
    0x0, 0x3c, 0x0, 0x0, 0x3c, 0x0, 0x0, 0x3c,
    0x0,

    /* U+04B2 "Ҳ" */
    0x3e, 0x0, 0x3, 0xe1, 0xf0, 0x0, 0x7c, 0xf,
    0x0, 0x7, 0xc0, 0xf8, 0x0, 0xf8, 0x7, 0xc0,
    0x1f, 0x0, 0x7c, 0x1, 0xf0, 0x3, 0xe0, 0x3e,
    0x0, 0x1e, 0x3, 0xc0, 0x1, 0xf0, 0x7c, 0x0,
    0xf, 0x8f, 0x80, 0x0, 0x78, 0xf0, 0x0, 0x7,
    0xdf, 0x0, 0x0, 0x3d, 0xe0, 0x0, 0x3, 0xfc,
    0x0, 0x0, 0x1f, 0xc0, 0x0, 0x0, 0xf8, 0x0,
    0x0, 0xf, 0x80, 0x0, 0x1, 0xfc, 0x0, 0x0,
    0x3f, 0xc0, 0x0, 0x3, 0xde, 0x0, 0x0, 0x7d,
    0xf0, 0x0, 0xf, 0x8f, 0x0, 0x0, 0xf8, 0xf8,
    0x0, 0x1f, 0x7, 0xc0, 0x3, 0xe0, 0x7c, 0x0,
    0x3e, 0x3, 0xe0, 0x7, 0xc0, 0x1e, 0x0, 0x78,
    0x1, 0xf0, 0xf, 0x80, 0xf, 0x81, 0xf0, 0x0,
    0xf8, 0x1f, 0x0, 0x7, 0xf3, 0xe0, 0x0, 0x7f,
    0x7c, 0x0, 0x3, 0xf7, 0xc0, 0x0, 0x1f, 0x0,
    0x0, 0x1, 0xf0, 0x0, 0x0, 0x1f, 0x0, 0x0,
    0x1, 0xf0, 0x0, 0x0, 0x1f, 0x0, 0x0, 0x1,
    0xf0, 0x0, 0x0, 0x1f, 0x0, 0x0, 0x1, 0xf0,

    /* U+04B3 "ҳ" */
    0x7c, 0x0, 0x3e, 0x3c, 0x0, 0x3c, 0x3e, 0x0,
    0x78, 0x1f, 0x0, 0xf8, 0xf, 0x81, 0xf0, 0x7,
    0x81, 0xe0, 0x3, 0xc3, 0xc0, 0x3, 0xe7, 0xc0,
    0x1, 0xff, 0x80, 0x0, 0xff, 0x0, 0x0, 0x7f,
    0x0, 0x0, 0x7e, 0x0, 0x0, 0x7e, 0x0, 0x0,
    0x7e, 0x0, 0x0, 0xff, 0x0, 0x1, 0xff, 0x80,
    0x3, 0xe7, 0xc0, 0x7, 0xc3, 0xe0, 0x7, 0x81,
    0xe0, 0xf, 0x81, 0xf0, 0x1f, 0x0, 0xf8, 0x3e,
    0x0, 0x7f, 0x3c, 0x0, 0x3f, 0x7c, 0x0, 0x3f,
    0xf8, 0x0, 0x1f, 0x0, 0x0, 0xf, 0x0, 0x0,
    0xf, 0x0, 0x0, 0xf, 0x0, 0x0, 0xf, 0x0,
    0x0, 0xf, 0x0, 0x0, 0xf,

    /* U+04BA "Һ" */
    0xf0, 0x0, 0x3, 0xc0, 0x0, 0xf, 0x0, 0x0,
    0x3c, 0x0, 0x0, 0xf0, 0x0, 0x3, 0xc0, 0x0,
    0xf, 0x0, 0x0, 0x3c, 0x0, 0x0, 0xf0, 0x0,
    0x3, 0xc0, 0x0, 0xf, 0x0, 0x0, 0x3c, 0x0,
    0x0, 0xf0, 0x0, 0x3, 0xc0, 0x0, 0xf, 0xf,
    0xf8, 0x3d, 0xff, 0xf8, 0xff, 0xff, 0xf3, 0xfe,
    0x7, 0xef, 0xc0, 0x7, 0xbe, 0x0, 0x1f, 0xf8,
    0x0, 0x3f, 0xc0, 0x0, 0xff, 0x0, 0x3, 0xfc,
    0x0, 0xf, 0xf0, 0x0, 0x3f, 0xc0, 0x0, 0xff,
    0x0, 0x3, 0xfc, 0x0, 0xf, 0xf0, 0x0, 0x3f,
    0xc0, 0x0, 0xff, 0x0, 0x3, 0xfc, 0x0, 0xf,
    0xf0, 0x0, 0x3f, 0xc0, 0x0, 0xf0,

    /* U+04BB "һ" */
    0xf0, 0x0, 0xf, 0x0, 0x0, 0xf0, 0x0, 0xf,
    0x0, 0x0, 0xf0, 0x0, 0xf, 0x0, 0x0, 0xf0,
    0x0, 0xf, 0x0, 0x0, 0xf0, 0x0, 0xf, 0x0,
    0x0, 0xf1, 0xff, 0xf, 0x3f, 0xfc, 0xf7, 0xff,
    0xcf, 0xe0, 0x3e, 0xfc, 0x1, 0xef, 0x80, 0x1f,
    0xf8, 0x0, 0xff, 0x0, 0xf, 0xf0, 0x0, 0xff,
    0x0, 0xf, 0xf0, 0x0, 0xff, 0x0, 0xf, 0xf0,
    0x0, 0xff, 0x0, 0xf, 0xf0, 0x0, 0xff, 0x0,
    0xf, 0xf0, 0x0, 0xff, 0x0, 0xf, 0xf0, 0x0,
    0xff, 0x0, 0xf, 0xf0, 0x0, 0xff, 0x0, 0xf,
    0xf0, 0x0, 0xff, 0x0, 0xf, 0xf0, 0x0, 0xf0,

    /* U+04C0 "Ӏ" */
    0xff, 0xff, 0xff, 0xff, 0xff, 0xff, 0xff, 0x80,
    0x78, 0x0, 0xf, 0x0, 0x1, 0xe0, 0x0, 0x3c,
    0x0, 0x7, 0x80, 0x0, 0xf0, 0x0, 0x1e, 0x0,
    0x3, 0xc0, 0x0, 0x78, 0x0, 0xf, 0x0, 0x1,
    0xe0, 0x0, 0x3c, 0x0, 0x7, 0x80, 0x0, 0xf0,
    0x0, 0x1e, 0x0, 0x3, 0xc0, 0x0, 0x78, 0x0,
    0xf, 0x0, 0x1, 0xe0, 0x0, 0x3c, 0x0, 0x7,
    0x80, 0x0, 0xf0, 0x0, 0x1e, 0x0, 0x3, 0xc0,
    0x0, 0x78, 0x0, 0xf, 0x0, 0x1, 0xe0, 0x0,
    0x3c, 0x7, 0xff, 0xff, 0xff, 0xff, 0xff, 0xff,
    0xfc,

    /* U+04C1 "Ӂ" */
    0x1, 0xc0, 0x38, 0x0, 0x1c, 0x3, 0x80, 0x0,
    0xe0, 0xf0, 0x0, 0xf, 0xff, 0x0, 0x0, 0x7f,
    0xe0, 0x0, 0x1, 0xf8, 0x0, 0x0, 0x0, 0x0,
    0x0, 0x0, 0x0, 0x0, 0x7c, 0xf, 0x3, 0xe7,
    0xc0, 0xf0, 0x3e, 0x3e, 0xf, 0x7, 0xc3, 0xe0,
    0xf0, 0x7c, 0x1f, 0xf, 0xf, 0x81, 0xf0, 0xf0,
    0xf8, 0xf, 0x8f, 0x1f, 0x0, 0xf8, 0xf1, 0xf0,
    0x7, 0xcf, 0x3e, 0x0, 0x7c, 0xf3, 0xe0, 0x3,
    0xef, 0x7c, 0x0, 0x3e, 0xf7, 0xc0, 0x1, 0xff,
    0xf8, 0x0, 0x1f, 0xff, 0x80, 0x1, 0xff, 0xf8,
    0x0, 0x1f, 0xff, 0x80, 0x3, 0xff, 0xfc, 0x0,
    0x3f, 0xff, 0xc0, 0x3, 0xff, 0xfc, 0x0, 0x7f,
    0xff, 0xe0, 0x7, 0xdf, 0xbe, 0x0, 0x79, 0xf9,
    0xe0, 0xf, 0x8f, 0x1f, 0x0, 0xf0, 0xf0, 0xf0,
    0xf, 0xf, 0xf, 0x1, 0xf0, 0xf0, 0xf8, 0x1e,
    0xf, 0x7, 0x81, 0xe0, 0xf0, 0x78, 0x3e, 0xf,
    0x7, 0xc3, 0xc0, 0xf0, 0x3c, 0x3c, 0xf, 0x3,
    0xc7, 0xc0, 0xf0, 0x3e, 0x78, 0xf, 0x1, 0xe7,
    0x80, 0xf0, 0x1e,

    /* U+04C2 "ӂ" */
    0x3, 0x0, 0x30, 0x0, 0xe0, 0x1c, 0x0, 0x38,
    0x7, 0x0, 0xf, 0x7, 0xc0, 0x1, 0xff, 0xe0,
    0x0, 0x3f, 0xf0, 0x0, 0x3, 0xf0, 0x0, 0x0,
    0x0, 0x0, 0x0, 0x0, 0x0, 0x0, 0x0, 0x0,
    0x0, 0x0, 0x0, 0x0, 0x0, 0x0, 0x0, 0x78,
    0x1e, 0x7, 0x9f, 0x7, 0x83, 0xe3, 0xe1, 0xe1,
    0xf0, 0x78, 0x78, 0x78, 0x1f, 0x1e, 0x3e, 0x3,
    0xc7, 0x9f, 0x0, 0x79, 0xe7, 0x80, 0x1f, 0x7b,
    0xe0, 0x3, 0xde, 0xf0, 0x0, 0xff, 0xfc, 0x0,
    0x7f, 0xff, 0x0, 0x1f, 0xff, 0xe0, 0x7, 0xff,
    0xf8, 0x3, 0xff, 0xff, 0x0, 0xf7, 0xfb, 0xc0,
    0x3c, 0xfc, 0xf0, 0x1e, 0x1e, 0x1e, 0x7, 0x87,
    0x87, 0x81, 0xe1, 0xe1, 0xe0, 0xf0, 0x78, 0x3c,
    0x3c, 0x1e, 0xf, 0x1f, 0x7, 0x83, 0xe7, 0x81,
    0xe0, 0x79, 0xe0, 0x78, 0x1e, 0xf0, 0x1e, 0x3,
    0xc0,

    /* U+04C3 "Ӄ" */
    0xf0, 0x0, 0x1f, 0xf0, 0x0, 0x3e, 0xf0, 0x0,
    0x7c, 0xf0, 0x0, 0xf8, 0xf0, 0x1, 0xf0, 0xf0,
    0x3, 0xf0, 0xf0, 0x7, 0xe0, 0xf0, 0xf, 0xc0,
    0xf0, 0x1f, 0x80, 0xf0, 0x3f, 0x0, 0xf0, 0x7e,
    0x0, 0xf0, 0xfc, 0x0, 0xf1, 0xf8, 0x0, 0xf3,
    0xf8, 0x0, 0xf7, 0xf0, 0x0, 0xff, 0xfe, 0x0,
    0xff, 0xff, 0x80, 0xff, 0xff, 0xc0, 0xfc, 0x3,
    0xe0, 0xf8, 0x1, 0xf0, 0xf0, 0x0, 0xf0, 0xf0,
    0x0, 0xf8, 0xf0, 0x0, 0x78, 0xf0, 0x0, 0x78,
    0xf0, 0x0, 0x78, 0xf0, 0x0, 0x78, 0xf0, 0x0,
    0x78, 0xf0, 0x0, 0x78, 0xf0, 0x0, 0x78, 0xf0,
    0x0, 0x78, 0xf0, 0x0, 0x78, 0xf0, 0x0, 0x78,
    0xf0, 0x0, 0x78, 0xf0, 0x0, 0x78, 0x0, 0x0,
    0x78, 0x0, 0x0, 0x78, 0x0, 0x0, 0x78, 0x0,
    0x0, 0xf0, 0x0, 0x0, 0xf0, 0x0, 0x1, 0xf0,
    0x0, 0x3, 0xe0, 0x0, 0x7f, 0xc0, 0x0, 0x7f,
    0x80, 0x0, 0x7e, 0x0,

    /* U+04C4 "ӄ" */
    0xf0, 0x1, 0xf7, 0x80, 0x1f, 0x3c, 0x1, 0xf1,
    0xe0, 0x1f, 0xf, 0x1, 0xf0, 0x78, 0x1f, 0x3,
    0xc1, 0xf0, 0x1e, 0x3f, 0x0, 0xf3, 0xf0, 0x7,
    0xbe, 0x0, 0x3f, 0xe0, 0x1, 0xff, 0xfe, 0xf,
    0xff, 0xfc, 0x7f, 0xff, 0xf3, 0xc0, 0xf, 0x9e,
    0x0, 0x3e, 0xf0, 0x0, 0xf7, 0x80, 0x7, 0xbc,
    0x0, 0x3d, 0xe0, 0x1, 0xef, 0x0, 0xf, 0x78,
    0x0, 0x7b, 0xc0, 0x3, 0xde, 0x0, 0x1e, 0xf0,
    0x0, 0xf0, 0x0, 0x7, 0x80, 0x0, 0x3c, 0x0,
    0x1, 0xe0, 0x0, 0xf, 0x0, 0x0, 0x78, 0x0,
    0x7, 0x80, 0x0, 0x7c, 0x1, 0xff, 0xc0, 0xf,
    0xfc, 0x0, 0x7f, 0x80,

    /* U+04C7 "Ӈ" */
    0xf0, 0x0, 0x3f, 0xc0, 0x0, 0xff, 0x0, 0x3,
    0xfc, 0x0, 0xf, 0xf0, 0x0, 0x3f, 0xc0, 0x0,
    0xff, 0x0, 0x3, 0xfc, 0x0, 0xf, 0xf0, 0x0,
    0x3f, 0xc0, 0x0, 0xff, 0x0, 0x3, 0xfc, 0x0,
    0xf, 0xf0, 0x0, 0x3f, 0xc0, 0x0, 0xff, 0x0,
    0x3, 0xff, 0xff, 0xff, 0xff, 0xff, 0xff, 0xff,
    0xff, 0xff, 0x0, 0x3, 0xfc, 0x0, 0xf, 0xf0,
    0x0, 0x3f, 0xc0, 0x0, 0xff, 0x0, 0x3, 0xfc,
    0x0, 0xf, 0xf0, 0x0, 0x3f, 0xc0, 0x0, 0xff,
    0x0, 0x3, 0xfc, 0x0, 0xf, 0xf0, 0x0, 0x3f,
    0xc0, 0x0, 0xff, 0x0, 0x3, 0xfc, 0x0, 0xf,
    0xf0, 0x0, 0x3f, 0xc0, 0x0, 0xf0, 0x0, 0x3,
    0xc0, 0x0, 0xf, 0x0, 0x0, 0x3c, 0x0, 0x1,
    0xe0, 0x0, 0x7, 0x80, 0x0, 0x3e, 0x0, 0x1,
    0xf0, 0x0, 0xff, 0x80, 0x3, 0xfc, 0x0, 0xf,
    0xc0,

    /* U+04C8 "ӈ" */
    0xf0, 0x0, 0xff, 0x0, 0xf, 0xf0, 0x0, 0xff,
    0x0, 0xf, 0xf0, 0x0, 0xff, 0x0, 0xf, 0xf0,
    0x0, 0xff, 0x0, 0xf, 0xf0, 0x0, 0xff, 0x0,
    0xf, 0xff, 0xff, 0xff, 0xff, 0xff, 0xff, 0xff,
    0xff, 0x0, 0xf, 0xf0, 0x0, 0xff, 0x0, 0xf,
    0xf0, 0x0, 0xff, 0x0, 0xf, 0xf0, 0x0, 0xff,
    0x0, 0xf, 0xf0, 0x0, 0xff, 0x0, 0xf, 0xf0,
    0x0, 0xff, 0x0, 0xf, 0xf0, 0x0, 0xf0, 0x0,
    0xf, 0x0, 0x0, 0xf0, 0x0, 0xf, 0x0, 0x0,
    0xf0, 0x0, 0xf, 0x0, 0x1, 0xe0, 0x0, 0x3e,
    0x1, 0xff, 0xc0, 0x1f, 0xf8, 0x1, 0xfe, 0x0,

    /* U+04CB "Ӌ" */
    0xf0, 0x0, 0x3f, 0xc0, 0x0, 0xff, 0x0, 0x3,
    0xfc, 0x0, 0xf, 0xf0, 0x0, 0x3f, 0xc0, 0x0,
    0xff, 0x0, 0x3, 0xfc, 0x0, 0xf, 0xf0, 0x0,
    0x3f, 0xc0, 0x0, 0xff, 0x0, 0x3, 0xfc, 0x0,
    0xf, 0xf0, 0x0, 0x7f, 0xc0, 0x1, 0xf7, 0x80,
    0x7, 0xde, 0x0, 0x3f, 0x7e, 0x7, 0xfc, 0xff,
    0xff, 0xf1, 0xff, 0xfb, 0xc1, 0xff, 0xf, 0x0,
    0x0, 0x3c, 0x0, 0x0, 0xf0, 0x0, 0x3, 0xc0,
    0x0, 0xf, 0x0, 0x0, 0x3c, 0x0, 0x0, 0xf0,
    0x0, 0x3, 0xc0, 0x0, 0xf, 0x0, 0x0, 0x3c,
    0x0, 0x0, 0xf0, 0x0, 0xff, 0xc0, 0x3, 0xff,
    0x0, 0xf, 0xfc, 0x0, 0x3f, 0xf0, 0x0, 0xf8,
    0x0, 0x3, 0xe0, 0x0, 0xf, 0x80, 0x0, 0x3e,
    0x0, 0x0, 0xf8, 0x0, 0x3, 0xe0, 0x0, 0xf,
    0x80,

    /* U+04CC "ӌ" */
    0xf0, 0x0, 0xff, 0x0, 0xf, 0xf0, 0x0, 0xff,
    0x0, 0xf, 0xf0, 0x0, 0xff, 0x0, 0xf, 0xf0,
    0x0, 0xff, 0x0, 0xf, 0xf0, 0x1, 0xff, 0x0,
    0x1f, 0x78, 0x1, 0xf7, 0x80, 0x3f, 0x7e, 0xf,
    0xf3, 0xff, 0xff, 0x1f, 0xfc, 0xf0, 0x7f, 0xf,
    0x0, 0x0, 0xf0, 0x0, 0xf, 0x0, 0x0, 0xf0,
    0x0, 0xf, 0x0, 0x0, 0xf0, 0x1, 0xff, 0x0,
    0x1f, 0xf0, 0x1, 0xff, 0x0, 0x1f, 0xf0, 0x1,
    0xe0, 0x0, 0x1e, 0x0, 0x1, 0xe0, 0x0, 0x1e,
    0x0, 0x1, 0xe0, 0x0, 0x1e, 0x0,

    /* U+04CF "ӏ" */
    0xff, 0xff, 0xff, 0xff, 0xff, 0xff, 0xff, 0xff,
    0xff, 0xff, 0xff, 0xff, 0xff, 0xff, 0xff, 0xff,
    0xff, 0xf0,

    /* U+04D0 "Ӑ" */
    0x3, 0x80, 0x70, 0x0, 0xe0, 0x1c, 0x0, 0x1e,
    0xf, 0x0, 0x7, 0xff, 0x80, 0x0, 0xff, 0xc0,
    0x0, 0xf, 0xe0, 0x0, 0x0, 0x0, 0x0, 0x0,
    0x0, 0x0, 0x0, 0x3f, 0x0, 0x0, 0xf, 0xc0,
    0x0, 0x3, 0xf8, 0x0, 0x1, 0xfe, 0x0, 0x0,
    0x7f, 0x80, 0x0, 0x1e, 0xf0, 0x0, 0xf, 0xbc,
    0x0, 0x3, 0xcf, 0x0, 0x0, 0xf3, 0xe0, 0x0,
    0x7c, 0x78, 0x0, 0x1e, 0x1e, 0x0, 0x7, 0x87,
    0xc0, 0x3, 0xe1, 0xf0, 0x0, 0xf8, 0x3c, 0x0,
    0x3c, 0xf, 0x0, 0xf, 0x3, 0xe0, 0x7, 0xc0,
    0x78, 0x1, 0xe0, 0x1e, 0x0, 0x78, 0x7, 0xc0,
    0x3e, 0x1, 0xf0, 0xf, 0x80, 0x3c, 0x3, 0xc0,
    0xf, 0x81, 0xff, 0xff, 0xe0, 0x7f, 0xff, 0xf8,
    0x1f, 0xff, 0xff, 0xf, 0x80, 0x7, 0xc3, 0xe0,
    0x0, 0xf0, 0xf0, 0x0, 0x3c, 0x3c, 0x0, 0xf,
    0x9f, 0x0, 0x3, 0xe7, 0xc0, 0x0, 0x79, 0xe0,
    0x0, 0x1f, 0xf8, 0x0, 0x7, 0xfe, 0x0, 0x0,
    0xf0,

    /* U+04D1 "ӑ" */
    0xc, 0x1, 0xc0, 0x38, 0x7, 0x0, 0xf0, 0x78,
    0x1, 0xff, 0xe0, 0x3, 0xff, 0x0, 0x7, 0xf0,
    0x0, 0x0, 0x0, 0x0, 0x0, 0x0, 0x0, 0x0,
    0x0, 0x0, 0x0, 0x0, 0x2, 0x0, 0x7, 0xff,
    0xc0, 0x3f, 0xff, 0xc0, 0xff, 0xff, 0x83, 0x80,
    0x1f, 0x8, 0x0, 0x3c, 0x0, 0x0, 0x78, 0x0,
    0x1, 0xe0, 0x0, 0x7, 0x80, 0x0, 0x1e, 0x1,
    0xff, 0xf8, 0x3f, 0xff, 0xe3, 0xff, 0xff, 0x8f,
    0xc0, 0x1e, 0x7c, 0x0, 0x7b, 0xe0, 0x1, 0xef,
    0x0, 0x7, 0xbc, 0x0, 0x1e, 0xf0, 0x0, 0xfb,
    0xc0, 0x3, 0xef, 0x0, 0x1f, 0xbe, 0x0, 0xfe,
    0x7c, 0x7, 0xf8, 0xff, 0xfc, 0xf1, 0xff, 0xe3,
    0xc3, 0xff, 0xf, 0x0, 0x80, 0x0,

    /* U+04D2 "Ӓ" */
    0x3, 0xc1, 0xe0, 0x0, 0xf0, 0x78, 0x0, 0x3c,
    0x1e, 0x0, 0x0, 0x0, 0x0, 0x0, 0x0, 0x0,
    0x0, 0x0, 0x0, 0x0, 0x0, 0x0, 0x0, 0x0,
    0x0, 0x0, 0x0, 0x7f, 0x0, 0x0, 0x1f, 0xc0,
    0x0, 0x7, 0xf0, 0x0, 0x3, 0xfe, 0x0, 0x0,
    0xf7, 0x80, 0x0, 0x3d, 0xe0, 0x0, 0xf, 0x78,
    0x0, 0x7, 0xdf, 0x0, 0x1, 0xe3, 0xc0, 0x0,
    0x78, 0xf0, 0x0, 0x3e, 0x3e, 0x0, 0xf, 0x8f,
    0x80, 0x3, 0xc1, 0xe0, 0x1, 0xf0, 0x78, 0x0,
    0x7c, 0x1f, 0x0, 0x1e, 0x3, 0xc0, 0x7, 0x80,
    0xf0, 0x3, 0xe0, 0x3e, 0x0, 0xf8, 0xf, 0x80,
    0x3c, 0x1, 0xe0, 0x1f, 0x0, 0x7c, 0x7, 0xc0,
    0x1f, 0x1, 0xff, 0xff, 0xc0, 0x7f, 0xff, 0xf0,
    0x3f, 0xff, 0xfe, 0xf, 0x80, 0xf, 0x83, 0xc0,
    0x1, 0xe1, 0xf0, 0x0, 0x7c, 0x7c, 0x0, 0x1f,
    0x1f, 0x0, 0x7, 0xc7, 0x80, 0x0, 0xf3, 0xe0,
    0x0, 0x3e, 0xf8, 0x0, 0xf, 0xbc, 0x0, 0x1,
    0xe0,

    /* U+04D3 "ӓ" */
    0xf, 0x7, 0x80, 0x3c, 0x1e, 0x0, 0xf0, 0x78,
    0x0, 0x0, 0x0, 0x0, 0x0, 0x0, 0x0, 0x0,
    0x0, 0x0, 0x0, 0x0, 0x0, 0x0, 0x0, 0x0,
    0x0, 0x0, 0x80, 0x0, 0xff, 0xf0, 0xf, 0xff,
    0xf0, 0x3f, 0xff, 0xe0, 0xe0, 0x7, 0xc2, 0x0,
    0xf, 0x0, 0x0, 0x1e, 0x0, 0x0, 0x78, 0x0,
    0x1, 0xe0, 0x0, 0x7, 0x80, 0x7f, 0xfe, 0xf,
    0xff, 0xf8, 0xff, 0xff, 0xe3, 0xf0, 0x7, 0x9f,
    0x0, 0x1e, 0xf8, 0x0, 0x7b, 0xc0, 0x1, 0xef,
    0x0, 0x7, 0xbc, 0x0, 0x3e, 0xf0, 0x0, 0xfb,
    0xc0, 0x7, 0xef, 0x80, 0x3f, 0x9f, 0x1, 0xfe,
    0x7f, 0xff, 0x7c, 0xff, 0xf9, 0xf0, 0xff, 0x83,
    0xc0, 0x20, 0x0,

    /* U+04D4 "Ӕ" */
    0x0, 0x3f, 0xff, 0xe0, 0x7, 0xff, 0xfe, 0x0,
    0x7f, 0xff, 0xe0, 0x7, 0x1e, 0x0, 0x0, 0x71,
    0xe0, 0x0, 0xf, 0x1e, 0x0, 0x0, 0xf1, 0xe0,
    0x0, 0xe, 0x1e, 0x0, 0x1, 0xe1, 0xe0, 0x0,
    0x1e, 0x1e, 0x0, 0x1, 0xe1, 0xe0, 0x0, 0x1c,
    0x1e, 0x0, 0x3, 0xc1, 0xe0, 0x0, 0x3c, 0x1e,
    0x0, 0x3, 0xc1, 0xff, 0xe0, 0x7c, 0x1f, 0xfe,
    0x7, 0x81, 0xff, 0xe0, 0x78, 0x1e, 0x0, 0x7,
    0x81, 0xe0, 0x0, 0xf8, 0x1e, 0x0, 0xf, 0x1,
    0xe0, 0x0, 0xf0, 0x1e, 0x0, 0xf, 0xff, 0xe0,
    0x1, 0xff, 0xfe, 0x0, 0x1f, 0xff, 0xe0, 0x1,
    0xe0, 0x1e, 0x0, 0x3e, 0x1, 0xe0, 0x3, 0xc0,
    0x1e, 0x0, 0x3c, 0x1, 0xe0, 0x3, 0xc0, 0x1e,
    0x0, 0x7c, 0x1, 0xe0, 0x7, 0x80, 0x1f, 0xff,
    0x78, 0x1, 0xff, 0xf7, 0x80, 0x1f, 0xff,

    /* U+04D5 "ӕ" */
    0x0, 0x0, 0x10, 0x7, 0xfe, 0x3f, 0xe0, 0xff,
    0xff, 0xfe, 0x1f, 0xff, 0xff, 0xc2, 0x3, 0xf0,
    0x3c, 0x0, 0x7e, 0x7, 0x80, 0x7, 0x80, 0x78,
    0x0, 0xf0, 0xf, 0x0, 0x1e, 0x1, 0xe0, 0x3,
    0xc0, 0x3c, 0x0, 0x78, 0x7, 0x83, 0xff, 0xff,
    0xf1, 0xff, 0xff, 0xfe, 0x7f, 0xff, 0xff, 0xdf,
    0x7, 0x80, 0x3, 0xc0, 0xf0, 0x0, 0xf0, 0x1e,
    0x0, 0x1e, 0x3, 0xc0, 0x3, 0xc0, 0x78, 0x0,
    0x78, 0xf, 0x0, 0xf, 0x1, 0xf0, 0x1, 0xe0,
    0x7e, 0x0, 0x1e, 0xf, 0xe0, 0x33, 0xff, 0xff,
    0xfe, 0x3f, 0xf3, 0xff, 0xc3, 0xfc, 0x3f, 0xf0,
    0xc, 0x0, 0x60, 0x0,

    /* U+04D6 "Ӗ" */
    0x18, 0x3, 0x80, 0xe0, 0x3c, 0x7, 0x83, 0xc0,
    0x1f, 0xfe, 0x0, 0x7f, 0xe0, 0x1, 0xfc, 0x0,
    0x0, 0x0, 0x0, 0x0, 0x0, 0xff, 0xff, 0xff,
    0xff, 0xff, 0xff, 0xff, 0xff, 0xe0, 0x0, 0xf,
    0x0, 0x0, 0x78, 0x0, 0x3, 0xc0, 0x0, 0x1e,
    0x0, 0x0, 0xf0, 0x0, 0x7, 0x80, 0x0, 0x3c,
    0x0, 0x1, 0xe0, 0x0, 0xf, 0x0, 0x0, 0x78,
    0x0, 0x3, 0xff, 0xff, 0xdf, 0xff, 0xfe, 0xff,
    0xff, 0xf7, 0x80, 0x0, 0x3c, 0x0, 0x1, 0xe0,
    0x0, 0xf, 0x0, 0x0, 0x78, 0x0, 0x3, 0xc0,
    0x0, 0x1e, 0x0, 0x0, 0xf0, 0x0, 0x7, 0x80,
    0x0, 0x3c, 0x0, 0x1, 0xe0, 0x0, 0xf, 0x0,
    0x0, 0x78, 0x0, 0x3, 0xc0, 0x0, 0x1f, 0xff,
    0xff, 0xff, 0xff, 0xff, 0xff, 0xff, 0xc0,

    /* U+04D7 "ӗ" */
    0xe, 0x0, 0xe0, 0x1e, 0x1, 0xc0, 0x1e, 0xf,
    0x80, 0x3f, 0xfe, 0x0, 0x3f, 0xf8, 0x0, 0x1f,
    0xc0, 0x0, 0x0, 0x0, 0x0, 0x0, 0x0, 0x0,
    0x0, 0x0, 0x0, 0x0, 0x0, 0x0, 0x0, 0x0,
    0xf, 0xfc, 0x0, 0x7f, 0xfe, 0x1, 0xff, 0xfe,
    0x7, 0xc0, 0x3e, 0x1f, 0x0, 0x3c, 0x3c, 0x0,
    0x3c, 0xf0, 0x0, 0x79, 0xe0, 0x0, 0x7f, 0x80,
    0x0, 0xff, 0x0, 0x1, 0xff, 0xff, 0xff, 0xff,
    0xff, 0xff, 0xff, 0xff, 0xff, 0xf0, 0x0, 0x1,
    0xe0, 0x0, 0x3, 0xc0, 0x0, 0x7, 0x80, 0x0,
    0x7, 0x80, 0x0, 0xf, 0x0, 0x0, 0xf, 0x0,
    0x0, 0x1f, 0x0, 0x2, 0x1f, 0x0, 0x3c, 0x1f,
    0xff, 0xf8, 0x1f, 0xff, 0xf0, 0xf, 0xff, 0x80,
    0x0, 0xc0, 0x0,

    /* U+04D8 "Ә" */
    0x0, 0x10, 0x0, 0xf, 0xfe, 0x0, 0x3f, 0xff,
    0x0, 0x7f, 0xff, 0x0, 0xe0, 0x3f, 0x1, 0x0,
    0x1f, 0x0, 0x0, 0x3e, 0x0, 0x0, 0x3c, 0x0,
    0x0, 0x7c, 0x0, 0x0, 0xf8, 0x0, 0x1, 0xf0,
    0x0, 0x1, 0xf0, 0x0, 0x3, 0xe0, 0x0, 0x7,
    0xc0, 0x0, 0xf, 0x80, 0x0, 0x1f, 0x0, 0x0,
    0x3f, 0xff, 0xff, 0xff, 0xff, 0xff, 0xff, 0xff,
    0xff, 0xff, 0x80, 0x3, 0xff, 0x0, 0x7, 0xfe,
    0x0, 0xf, 0xfc, 0x0, 0x1f, 0xf8, 0x0, 0x3e,
    0xf0, 0x0, 0x79, 0xf0, 0x1, 0xf3, 0xe0, 0x3,
    0xe7, 0xc0, 0x7, 0x87, 0xc0, 0x1f, 0xf, 0x80,
    0x3e, 0xf, 0x80, 0xf8, 0xf, 0xff, 0xe0, 0xf,
    0xff, 0x80, 0xf, 0xfc, 0x0, 0x0, 0x80, 0x0,

    /* U+04D9 "ә" */
    0x0, 0x0, 0x0, 0x7f, 0xf8, 0x7, 0xff, 0xf8,
    0x1f, 0xff, 0xf0, 0x70, 0x3, 0xe1, 0x0, 0x3,
    0xc0, 0x0, 0xf, 0x80, 0x0, 0x1e, 0x0, 0x0,
    0x78, 0x0, 0x0, 0xf0, 0x0, 0x3, 0xc0, 0x0,
    0xf, 0xff, 0xff, 0xff, 0xff, 0xff, 0xff, 0xff,
    0xff, 0xfc, 0x0, 0xf, 0xf0, 0x0, 0x3f, 0xc0,
    0x1, 0xff, 0x0, 0x7, 0x9e, 0x0, 0x1e, 0x78,
    0x0, 0xf0, 0xf0, 0x7, 0xc3, 0xe0, 0x3e, 0x7,
    0xff, 0xf0, 0xf, 0xff, 0x80, 0xf, 0xf8, 0x0,
    0x2, 0x0, 0x0,

    /* U+04DA "Ӛ" */
    0x7, 0x83, 0xc0, 0xf, 0x7, 0x80, 0x1e, 0xf,
    0x0, 0x0, 0x0, 0x0, 0x0, 0x0, 0x0, 0x0,
    0x0, 0x0, 0x0, 0x0, 0x1, 0xff, 0x80, 0xf,
    0xff, 0xc0, 0x1f, 0xff, 0xc0, 0x38, 0x7, 0xc0,
    0x60, 0x7, 0xc0, 0x0, 0xf, 0x80, 0x0, 0xf,
    0x0, 0x0, 0x1f, 0x0, 0x0, 0x3e, 0x0, 0x0,
    0x7c, 0x0, 0x0, 0x7c, 0x0, 0x0, 0xf8, 0x0,
    0x1, 0xf0, 0x0, 0x3, 0xe0, 0x0, 0x7, 0xc0,
    0x0, 0xf, 0xff, 0xff, 0xff, 0xff, 0xff, 0xff,
    0xff, 0xff, 0xff, 0xe0, 0x0, 0xff, 0xc0, 0x1,
    0xff, 0x80, 0x3, 0xff, 0x0, 0x7, 0xfe, 0x0,
    0xf, 0xbc, 0x0, 0x1e, 0x7c, 0x0, 0x7c, 0xf8,
    0x0, 0xf9, 0xf0, 0x1, 0xe1, 0xf0, 0x7, 0xc3,
    0xe0, 0xf, 0x83, 0xe0, 0x3e, 0x3, 0xff, 0xf8,
    0x3, 0xff, 0xe0, 0x3, 0xff, 0x0, 0x0, 0x20,
    0x0,

    /* U+04DB "ӛ" */
    0x7, 0x83, 0xc0, 0x1e, 0xf, 0x0, 0x78, 0x3c,
    0x0, 0x0, 0x0, 0x0, 0x0, 0x0, 0x0, 0x0,
    0x0, 0x0, 0x0, 0x0, 0x0, 0x0, 0x0, 0x0,
    0x0, 0x0, 0x0, 0x1, 0xff, 0xe0, 0x1f, 0xff,
    0xe0, 0x7f, 0xff, 0xc1, 0xc0, 0xf, 0x84, 0x0,
    0xf, 0x0, 0x0, 0x3e, 0x0, 0x0, 0x78, 0x0,
    0x1, 0xe0, 0x0, 0x3, 0xc0, 0x0, 0xf, 0x0,
    0x0, 0x3f, 0xff, 0xff, 0xff, 0xff, 0xff, 0xff,
    0xff, 0xff, 0xf0, 0x0, 0x3f, 0xc0, 0x0, 0xff,
    0x0, 0x3, 0xfc, 0x0, 0x1e, 0x78, 0x0, 0x79,
    0xe0, 0x3, 0xc3, 0xc0, 0x1f, 0xf, 0x80, 0xf8,
    0x1f, 0xff, 0xc0, 0x3f, 0xfe, 0x0, 0x3f, 0xe0,
    0x0, 0x8, 0x0,

    /* U+04DC "Ӝ" */
    0x1, 0xe0, 0xf0, 0x0, 0x3c, 0x1e, 0x0, 0x7,
    0x83, 0xc0, 0x0, 0x0, 0x0, 0x0, 0x0, 0x0,
    0x0, 0x0, 0x0, 0x0, 0x0, 0x0, 0x0, 0x0,
    0x0, 0x0, 0x0, 0x78, 0xf, 0x3, 0xcf, 0x81,
    0xe0, 0xf8, 0xf0, 0x3c, 0x1e, 0x1f, 0x7, 0x87,
    0xc1, 0xe0, 0xf0, 0xf0, 0x3e, 0x1e, 0x3e, 0x3,
    0xc3, 0xc7, 0xc0, 0x7c, 0x78, 0xf0, 0xf, 0x8f,
    0x3e, 0x0, 0xf9, 0xe7, 0x80, 0x1f, 0x3d, 0xf0,
    0x1, 0xf7, 0xbc, 0x0, 0x3e, 0xff, 0x80, 0x3,
    0xff, 0xe0, 0x0, 0x7f, 0xfc, 0x0, 0x1f, 0xff,
    0xc0, 0x3, 0xff, 0xf8, 0x0, 0x7f, 0xff, 0x0,
    0x1f, 0xff, 0xf0, 0x3, 0xff, 0xfe, 0x0, 0x7b,
    0xfb, 0xc0, 0x1f, 0x3f, 0x7c, 0x3, 0xc7, 0xc7,
    0x80, 0x78, 0x78, 0xf0, 0x1f, 0xf, 0x1f, 0x3,
    0xc1, 0xe1, 0xe0, 0x78, 0x3c, 0x3c, 0x1f, 0x7,
    0x87, 0xc3, 0xc0, 0xf0, 0x78, 0x78, 0x1e, 0xf,
    0x1f, 0x3, 0xc1, 0xf3, 0xc0, 0x78, 0x1e, 0x78,
    0xf, 0x3, 0xdf, 0x1, 0xe0, 0x7c,

    /* U+04DD "ӝ" */
    0x1, 0x80, 0xc0, 0x1, 0xe0, 0xf0, 0x0, 0xf0,
    0x78, 0x0, 0x30, 0x18, 0x0, 0x0, 0x0, 0x0,
    0x0, 0x0, 0x0, 0x0, 0x0, 0x0, 0x0, 0x0,
    0x0, 0x0, 0x0, 0x0, 0x0, 0x0, 0x0, 0x1e,
    0x7, 0x83, 0xcf, 0x83, 0xc3, 0xe3, 0xe1, 0xe1,
    0xe0, 0xf0, 0xf1, 0xe0, 0x7c, 0x78, 0xf0, 0x1e,
    0x3c, 0xf0, 0xf, 0x9e, 0x78, 0x3, 0xef, 0x78,
    0x0, 0xf7, 0xb8, 0x0, 0x7f, 0xfc, 0x0, 0x7f,
    0xff, 0x0, 0x3f, 0xff, 0x80, 0x1f, 0xff, 0xc0,
    0x1f, 0xff, 0xf0, 0xf, 0x7f, 0x78, 0x7, 0x1f,
    0x9c, 0x7, 0x87, 0x8f, 0x3, 0xc3, 0xc7, 0x83,
    0xc1, 0xe1, 0xe1, 0xe0, 0xf0, 0xf0, 0xf0, 0x78,
    0x78, 0xf0, 0x3c, 0x1e, 0x78, 0x1e, 0xf, 0x3c,
    0xf, 0x7, 0xbc, 0x7, 0x81, 0xe0,

    /* U+04DE "Ӟ" */
    0xf, 0x7, 0x80, 0x3c, 0x1e, 0x0, 0xf0, 0x78,
    0x0, 0x0, 0x0, 0x0, 0x0, 0x0, 0x0, 0x0,
    0x0, 0x0, 0x0, 0xf, 0xff, 0xc0, 0x7f, 0xff,
    0x81, 0xff, 0xff, 0x87, 0x0, 0x1e, 0x0, 0x0,
    0x3c, 0x0, 0x0, 0xf8, 0x0, 0x1, 0xe0, 0x0,
    0x7, 0x80, 0x0, 0x1e, 0x0, 0x0, 0x78, 0x0,
    0x1, 0xe0, 0x0, 0xf, 0x0, 0x0, 0x7c, 0x0,
    0x7, 0xe0, 0xf, 0xff, 0x0, 0x3f, 0xe0, 0x0,
    0xff, 0xf0, 0x0, 0x7, 0xe0, 0x0, 0x7, 0xc0,
    0x0, 0xf, 0x80, 0x0, 0x1e, 0x0, 0x0, 0x3c,
    0x0, 0x0, 0xf0, 0x0, 0x3, 0xc0, 0x0, 0xf,
    0x0, 0x0, 0x3c, 0x0, 0x0, 0xf0, 0x0, 0x7,
    0xc0, 0x0, 0x1e, 0x80, 0x0, 0xfb, 0xc0, 0x7,
    0xcf, 0xff, 0xfe, 0x3f, 0xff, 0xf0, 0x7f, 0xff,
    0x0, 0x1, 0x0, 0x0,

    /* U+04DF "ӟ" */
    0x1e, 0xf, 0x1, 0xe0, 0xf0, 0x1e, 0xf, 0x0,
    0x0, 0x0, 0x0, 0x0, 0x0, 0x0, 0x0, 0x0,
    0x0, 0x0, 0x0, 0x0, 0x0, 0x40, 0x7, 0xff,
    0xf0, 0x7f, 0xff, 0xc7, 0xff, 0xfe, 0x40, 0x3,
    0xe0, 0x0, 0x1f, 0x0, 0x0, 0xf0, 0x0, 0xf,
    0x0, 0x0, 0xf0, 0x0, 0x1e, 0x0, 0x7, 0xc0,
    0x7f, 0xf8, 0x7, 0xfe, 0x0, 0x7f, 0xf8, 0x0,
    0xf, 0xc0, 0x0, 0x3e, 0x0, 0x1, 0xf0, 0x0,
    0xf, 0x0, 0x0, 0xf0, 0x0, 0xf, 0x0, 0x0,
    0xf0, 0x0, 0x1e, 0xc0, 0x3, 0xef, 0xff, 0xfc,
    0xff, 0xff, 0x8f, 0xff, 0xe0, 0x1, 0x80, 0x0,

    /* U+04E0 "Ӡ" */
    0x3f, 0xff, 0xff, 0x7, 0xff, 0xff, 0xe0, 0xff,
    0xff, 0xfc, 0x0, 0x0, 0xf, 0x80, 0x0, 0x3,
    0xe0, 0x0, 0x0, 0xf8, 0x0, 0x0, 0x3e, 0x0,
    0x0, 0x7, 0xc0, 0x0, 0x1, 0xf0, 0x0, 0x0,
    0x7c, 0x0, 0x0, 0x1f, 0x0, 0x0, 0x7, 0xe0,
    0x0, 0x1, 0xf8, 0x0, 0x0, 0x3e, 0x0, 0x0,
    0xf, 0xf8, 0x0, 0x1, 0xff, 0xc0, 0x0, 0x3f,
    0xfe, 0x0, 0x0, 0x7, 0xe0, 0x0, 0x0, 0x3e,
    0x0, 0x0, 0x3, 0xe0, 0x0, 0x0, 0x3c, 0x0,
    0x0, 0x3, 0xc0, 0x0, 0x0, 0x78, 0x0, 0x0,
    0xf, 0xf0, 0x0, 0x1, 0xfe, 0x0, 0x0, 0x3f,
    0xc0, 0x0, 0x7, 0xfc, 0x0, 0x1, 0xf7, 0x80,
    0x0, 0x3c, 0xf8, 0x0, 0xf, 0x8f, 0xc0, 0x7,
    0xe0, 0xff, 0xff, 0xf8, 0xf, 0xff, 0xfc, 0x0,
    0x3f, 0xfe, 0x0, 0x0, 0x30, 0x0, 0x0,

    /* U+04E1 "ӡ" */
    0x7f, 0xff, 0xf8, 0xff, 0xff, 0xf1, 0xff, 0xff,
    0xe0, 0x0, 0x7, 0xc0, 0x0, 0xf, 0x0, 0x0,
    0x3c, 0x0, 0x0, 0xf8, 0x0, 0x3, 0xe0, 0x0,
    0xf, 0x80, 0x0, 0x3e, 0x0, 0x0, 0xfc, 0x0,
    0x1, 0xf0, 0x0, 0x7, 0xc0, 0x0, 0x1f, 0x0,
    0x0, 0x7c, 0x0, 0x0, 0xff, 0x0, 0x1, 0xff,
    0xc0, 0x3, 0xff, 0xc0, 0x0, 0xf, 0xc0, 0x0,
    0x7, 0xc0, 0x0, 0x7, 0xc0, 0x0, 0x7, 0x80,
    0x0, 0x7, 0x80, 0x0, 0xf, 0x0, 0x0, 0x1e,
    0x0, 0x0, 0x3c, 0x0, 0x0, 0x78, 0x0, 0x0,
    0xf0, 0x0, 0x3, 0xc0, 0x0, 0xf, 0xb0, 0x0,
    0x3e, 0x7c, 0x1, 0xf8, 0xff, 0xff, 0xe1, 0xff,
    0xff, 0x80, 0x3f, 0xf0, 0x0,

    /* U+04E2 "Ӣ" */
    0xf, 0xff, 0xc0, 0x3f, 0xff, 0x0, 0xff, 0xfc,
    0x0, 0x0, 0x0, 0x0, 0x0, 0x0, 0x0, 0x0,
    0x0, 0x0, 0x0, 0x0, 0x0, 0x0, 0xf0, 0x0,
    0xff, 0xc0, 0x3, 0xff, 0x0, 0x1f, 0xfc, 0x0,
    0x7f, 0xf0, 0x3, 0xff, 0xc0, 0xf, 0xff, 0x0,
    0x3f, 0xfc, 0x1, 0xef, 0xf0, 0x7, 0xbf, 0xc0,
    0x3c, 0xff, 0x0, 0xf3, 0xfc, 0x7, 0xcf, 0xf0,
    0x1e, 0x3f, 0xc0, 0xf8, 0xff, 0x3, 0xc3, 0xfc,
    0xf, 0xf, 0xf0, 0x78, 0x3f, 0xc1, 0xe0, 0xff,
    0xf, 0x3, 0xfc, 0x3c, 0xf, 0xf1, 0xf0, 0x3f,
    0xc7, 0x80, 0xff, 0x3e, 0x3, 0xfc, 0xf0, 0xf,
    0xf3, 0xc0, 0x3f, 0xde, 0x0, 0xff, 0x78, 0x3,
    0xff, 0xc0, 0xf, 0xff, 0x0, 0x3f, 0xfc, 0x0,
    0xff, 0xe0, 0x3, 0xff, 0x80, 0xf, 0xfc, 0x0,
    0x3f, 0xf0, 0x0, 0xf0,

    /* U+04E3 "ӣ" */
    0x1f, 0xff, 0x81, 0xff, 0xf8, 0x1f, 0xff, 0x80,
    0x0, 0x0, 0x0, 0x0, 0x0, 0x0, 0x0, 0x0,
    0x0, 0x0, 0x0, 0x0, 0xf0, 0x0, 0xff, 0x0,
    0x1f, 0xf0, 0x3, 0xff, 0x0, 0x3f, 0xf0, 0x7,
    0xff, 0x0, 0xff, 0xf0, 0xf, 0xff, 0x1, 0xff,
    0xf0, 0x3e, 0xff, 0x3, 0xcf, 0xf0, 0x7c, 0xff,
    0xf, 0x8f, 0xf0, 0xf0, 0xff, 0x1f, 0xf, 0xf3,
    0xe0, 0xff, 0x3c, 0xf, 0xf7, 0xc0, 0xff, 0xf8,
    0xf, 0xff, 0x0, 0xff, 0xf0, 0xf, 0xfe, 0x0,
    0xff, 0xc0, 0xf, 0xfc, 0x0, 0xff, 0x80, 0xf,
    0xf0, 0x0, 0xf0,

    /* U+04E4 "Ӥ" */
    0xf, 0x7, 0x80, 0x3c, 0x1e, 0x0, 0xf0, 0x78,
    0x0, 0x0, 0x0, 0x0, 0x0, 0x0, 0x0, 0x0,
    0x0, 0x0, 0x0, 0x0, 0x0, 0x0, 0xf0, 0x0,
    0xff, 0xc0, 0x3, 0xff, 0x0, 0x1f, 0xfc, 0x0,
    0x7f, 0xf0, 0x3, 0xff, 0xc0, 0xf, 0xff, 0x0,
    0x7f, 0xfc, 0x1, 0xef, 0xf0, 0x7, 0xbf, 0xc0,
    0x3c, 0xff, 0x0, 0xf3, 0xfc, 0x7, 0xcf, 0xf0,
    0x1e, 0x3f, 0xc0, 0xf8, 0xff, 0x3, 0xc3, 0xfc,
    0xf, 0xf, 0xf0, 0x78, 0x3f, 0xc1, 0xe0, 0xff,
    0xf, 0x3, 0xfc, 0x3c, 0xf, 0xf1, 0xe0, 0x3f,
    0xc7, 0x80, 0xff, 0x3e, 0x3, 0xfc, 0xf0, 0xf,
    0xf3, 0xc0, 0x3f, 0xde, 0x0, 0xff, 0x78, 0x3,
    0xff, 0xc0, 0xf, 0xff, 0x0, 0x3f, 0xf8, 0x0,
    0xff, 0xe0, 0x3, 0xff, 0x0, 0xf, 0xfc, 0x0,
    0x3f, 0xf0, 0x0, 0xf0,

    /* U+04E5 "ӥ" */
    0xc, 0x6, 0x1, 0xe0, 0xf0, 0x1e, 0xf, 0x0,
    0xc0, 0x60, 0x0, 0x0, 0x0, 0x0, 0x0, 0x0,
    0x0, 0x0, 0x0, 0x0, 0x0, 0x0, 0x0, 0x0,
    0x0, 0xf0, 0x0, 0xff, 0x0, 0x1f, 0xf0, 0x3,
    0xff, 0x0, 0x3f, 0xf0, 0x7, 0xff, 0x0, 0xff,
    0xf0, 0xf, 0xff, 0x1, 0xff, 0xf0, 0x3e, 0xff,
    0x3, 0xcf, 0xf0, 0x7c, 0xff, 0xf, 0x8f, 0xf0,
    0xf0, 0xff, 0x1f, 0xf, 0xf3, 0xe0, 0xff, 0x3c,
    0xf, 0xf7, 0xc0, 0xff, 0xf8, 0xf, 0xff, 0x0,
    0xff, 0xf0, 0xf, 0xfe, 0x0, 0xff, 0xc0, 0xf,
    0xfc, 0x0, 0xff, 0x80, 0xf, 0xf0, 0x0, 0xf0,

    /* U+04E6 "Ӧ" */
    0x7, 0x83, 0xc0, 0xf, 0x7, 0x80, 0x1e, 0xf,
    0x0, 0x0, 0x0, 0x0, 0x0, 0x0, 0x0, 0x0,
    0x0, 0x0, 0x4, 0x0, 0x0, 0xff, 0x80, 0x7,
    0xff, 0xc0, 0x1f, 0xff, 0xc0, 0x7c, 0x7, 0xc1,
    0xf0, 0x7, 0xc3, 0xe0, 0xf, 0x8f, 0x80, 0xf,
    0x1f, 0x0, 0x1f, 0x3e, 0x0, 0x3e, 0x7c, 0x0,
    0x7d, 0xf0, 0x0, 0x7f, 0xe0, 0x0, 0xff, 0xc0,
    0x1, 0xff, 0x80, 0x3, 0xff, 0x0, 0x7, 0xfe,
    0x0, 0xf, 0xfc, 0x0, 0x1f, 0xf8, 0x0, 0x3f,
    0xf0, 0x0, 0x7f, 0xe0, 0x0, 0xff, 0xc0, 0x1,
    0xff, 0x80, 0x3, 0xff, 0x0, 0x7, 0xfe, 0x0,
    0xf, 0x3c, 0x0, 0x3e, 0x7c, 0x0, 0x7c, 0xf8,
    0x0, 0xf9, 0xf0, 0x1, 0xe1, 0xf0, 0x7, 0xc3,
    0xe0, 0xf, 0x3, 0xe0, 0x3e, 0x3, 0xff, 0xf8,
    0x3, 0xff, 0xe0, 0x1, 0xff, 0x0, 0x0, 0x20,
    0x0,

    /* U+04E7 "ӧ" */
    0x7, 0x87, 0x80, 0x1e, 0x1e, 0x0, 0x78, 0x78,
    0x0, 0x0, 0x0, 0x0, 0x0, 0x0, 0x0, 0x0,
    0x0, 0x0, 0x0, 0x0, 0x0, 0x0, 0x0, 0x0,
    0x0, 0x0, 0x0, 0x0, 0x3f, 0xf0, 0x3, 0xff,
    0xf0, 0x1f, 0xff, 0xe0, 0xfc, 0x7, 0xc3, 0xe0,
    0xf, 0x1f, 0x0, 0x1e, 0x7c, 0x0, 0x79, 0xf0,
    0x1, 0xef, 0x80, 0x3, 0xfe, 0x0, 0xf, 0xf8,
    0x0, 0x3f, 0xe0, 0x0, 0xff, 0x80, 0x3, 0xfe,
    0x0, 0xf, 0xf8, 0x0, 0x3f, 0xe0, 0x0, 0xff,
    0x80, 0x3, 0xdf, 0x0, 0x1e, 0x7c, 0x0, 0x79,
    0xf0, 0x1, 0xe3, 0xe0, 0xf, 0xf, 0xc0, 0x7c,
    0x1f, 0xff, 0xe0, 0x3f, 0xff, 0x0, 0x3f, 0xf0,
    0x0, 0xc, 0x0,

    /* U+04E8 "Ө" */
    0x0, 0x10, 0x0, 0x3, 0xfe, 0x0, 0x1f, 0xff,
    0x0, 0x7f, 0xff, 0x1, 0xf0, 0x1f, 0x7, 0xc0,
    0x1f, 0xf, 0x80, 0x1e, 0x3e, 0x0, 0x3c, 0x7c,
    0x0, 0x7c, 0xf0, 0x0, 0xf9, 0xe0, 0x0, 0xf7,
    0xc0, 0x1, 0xff, 0x80, 0x3, 0xff, 0x0, 0x7,
    0xfe, 0x0, 0xf, 0xff, 0xff, 0xff, 0xff, 0xff,
    0xff, 0xff, 0xff, 0xff, 0xe0, 0x0, 0xff, 0xc0,
    0x1, 0xff, 0x80, 0x3, 0xff, 0x0, 0x7, 0xfe,
    0x0, 0xf, 0xfc, 0x0, 0x1f, 0xf8, 0x0, 0x3c,
    0xf8, 0x0, 0xf9, 0xf0, 0x1, 0xf3, 0xe0, 0x3,
    0xe7, 0xc0, 0x7, 0x87, 0xc0, 0x1f, 0xf, 0x80,
    0x3c, 0xf, 0x80, 0xf8, 0xf, 0xff, 0xe0, 0xf,
    0xff, 0x80, 0x7, 0xfc, 0x0, 0x0, 0x80, 0x0,

    /* U+04E9 "ө" */
    0x0, 0x0, 0x0, 0xf, 0xfc, 0x0, 0xff, 0xfc,
    0x7, 0xff, 0xf8, 0x3e, 0x1, 0xf0, 0xf0, 0x3,
    0xc7, 0x80, 0x7, 0x9e, 0x0, 0x1e, 0x70, 0x0,
    0x3b, 0xc0, 0x0, 0xff, 0x0, 0x3, 0xfc, 0x0,
    0xf, 0xff, 0xff, 0xff, 0xff, 0xff, 0xff, 0xff,
    0xff, 0xfc, 0x0, 0xf, 0xf0, 0x0, 0x3f, 0xc0,
    0x0, 0xf7, 0x80, 0x7, 0x9e, 0x0, 0x1e, 0x7c,
    0x0, 0xf8, 0xf0, 0x3, 0xc3, 0xe0, 0x1f, 0x7,
    0xff, 0xf8, 0xf, 0xff, 0xc0, 0xf, 0xfc, 0x0,
    0x3, 0x0, 0x0,

    /* U+04EA "Ӫ" */
    0x7, 0x83, 0xc0, 0xf, 0x7, 0x80, 0x1e, 0xf,
    0x0, 0x0, 0x0, 0x0, 0x0, 0x0, 0x0, 0x0,
    0x0, 0x0, 0x4, 0x0, 0x0, 0xff, 0x80, 0x7,
    0xff, 0xc0, 0x1f, 0xff, 0xc0, 0x7c, 0x7, 0xc1,
    0xf0, 0x7, 0xc3, 0xe0, 0x7, 0x8f, 0x80, 0xf,
    0x1f, 0x0, 0x1f, 0x3c, 0x0, 0x3e, 0x78, 0x0,
    0x3d, 0xf0, 0x0, 0x7f, 0xe0, 0x0, 0xff, 0xc0,
    0x1, 0xff, 0x80, 0x3, 0xff, 0xff, 0xff, 0xff,
    0xff, 0xff, 0xff, 0xff, 0xff, 0xf8, 0x0, 0x3f,
    0xf0, 0x0, 0x7f, 0xe0, 0x0, 0xff, 0xc0, 0x1,
    0xff, 0x80, 0x3, 0xff, 0x0, 0x7, 0xfe, 0x0,
    0xf, 0x3e, 0x0, 0x3e, 0x7c, 0x0, 0x7c, 0xf8,
    0x0, 0xf9, 0xf0, 0x1, 0xe1, 0xf0, 0x7, 0xc3,
    0xe0, 0xf, 0x3, 0xe0, 0x3e, 0x3, 0xff, 0xf8,
    0x3, 0xff, 0xe0, 0x1, 0xff, 0x0, 0x0, 0x20,
    0x0,

    /* U+04EB "ӫ" */
    0x7, 0x87, 0x80, 0x1e, 0x1e, 0x0, 0x78, 0x78,
    0x0, 0x0, 0x0, 0x0, 0x0, 0x0, 0x0, 0x0,
    0x0, 0x0, 0x0, 0x0, 0x0, 0x0, 0x0, 0x0,
    0x0, 0x0, 0x0, 0x0, 0x3f, 0xf0, 0x3, 0xff,
    0xf0, 0x1f, 0xff, 0xe0, 0xfc, 0x7, 0xc3, 0xe0,
    0xf, 0x1f, 0x0, 0x1e, 0x7c, 0x0, 0x79, 0xe0,
    0x0, 0xef, 0x80, 0x3, 0xfe, 0x0, 0xf, 0xf8,
    0x0, 0x3f, 0xff, 0xff, 0xff, 0xff, 0xff, 0xff,
    0xff, 0xff, 0xf8, 0x0, 0x3f, 0xe0, 0x0, 0xff,
    0x80, 0x3, 0xdf, 0x0, 0x1e, 0x7c, 0x0, 0x79,
    0xf0, 0x3, 0xe3, 0xe0, 0xf, 0xf, 0xc0, 0x7c,
    0x1f, 0xff, 0xe0, 0x3f, 0xff, 0x0, 0x3f, 0xf0,
    0x0, 0xc, 0x0,

    /* U+04EC "Ӭ" */
    0x1e, 0xf, 0x0, 0x78, 0x3c, 0x1, 0xe0, 0xf0,
    0x0, 0x0, 0x0, 0x0, 0x0, 0x0, 0x0, 0x0,
    0x0, 0x0, 0x0, 0x1f, 0xfe, 0x0, 0xff, 0xfe,
    0x3, 0xff, 0xfe, 0xe, 0x0, 0xfc, 0x20, 0x1,
    0xf8, 0x0, 0x3, 0xe0, 0x0, 0xf, 0xc0, 0x0,
    0x3f, 0x0, 0x0, 0x7e, 0x0, 0x1, 0xf8, 0x0,
    0x7, 0xe0, 0x0, 0x1f, 0x80, 0x0, 0x3f, 0x0,
    0x0, 0xfc, 0x0, 0x3, 0xf3, 0xff, 0xff, 0xcf,
    0xff, 0xff, 0x3f, 0xff, 0xfc, 0x0, 0x1, 0xf0,
    0x0, 0x7, 0xc0, 0x0, 0x1f, 0x0, 0x0, 0x7c,
    0x0, 0x1, 0xf0, 0x0, 0xf, 0x80, 0x0, 0x3e,
    0x0, 0x0, 0xf8, 0x0, 0x7, 0xc0, 0x0, 0x1f,
    0x0, 0x0, 0xf8, 0xc0, 0x7, 0xe3, 0x80, 0x3f,
    0xf, 0xff, 0xf8, 0x3f, 0xff, 0x80, 0x7f, 0xf8,
    0x0, 0x4, 0x0, 0x0,

    /* U+04ED "ӭ" */
    0x3c, 0x1e, 0x3, 0xc1, 0xe0, 0x3c, 0x1e, 0x0,
    0x0, 0x0, 0x0, 0x0, 0x0, 0x0, 0x0, 0x0,
    0x0, 0x0, 0x0, 0x0, 0x0, 0x0, 0x0, 0x10,
    0x0, 0x3f, 0xf8, 0xf, 0xff, 0xe0, 0xff, 0xff,
    0xe, 0x0, 0xf8, 0x80, 0x7, 0xc0, 0x0, 0x3c,
    0x0, 0x1, 0xe0, 0x0, 0x1e, 0x0, 0x0, 0xf0,
    0x0, 0xf, 0x1f, 0xff, 0xf1, 0xff, 0xff, 0x1f,
    0xff, 0xf0, 0x0, 0xf, 0x0, 0x0, 0xf0, 0x0,
    0xf, 0x0, 0x0, 0xf0, 0x0, 0x1e, 0x0, 0x1,
    0xe0, 0x0, 0x3c, 0x80, 0x7, 0xce, 0x0, 0xf8,
    0xff, 0xff, 0xf, 0xff, 0xe0, 0x7f, 0xf8, 0x0,
    0x30, 0x0,

    /* U+04EE "Ӯ" */
    0x7, 0xff, 0xe0, 0x7, 0xff, 0xe0, 0x7, 0xff,
    0xe0, 0x0, 0x0, 0x0, 0x0, 0x0, 0x0, 0x0,
    0x0, 0x0, 0x0, 0x0, 0x0, 0x0, 0x0, 0x0,
    0xf8, 0x0, 0x1f, 0x7c, 0x0, 0x1f, 0x7c, 0x0,
    0x1e, 0x3c, 0x0, 0x3e, 0x3e, 0x0, 0x3e, 0x3e,
    0x0, 0x3c, 0x1f, 0x0, 0x7c, 0x1f, 0x0, 0x7c,
    0x1f, 0x0, 0xf8, 0xf, 0x80, 0xf8, 0xf, 0x80,
    0xf0, 0x7, 0x81, 0xf0, 0x7, 0xc1, 0xf0, 0x7,
    0xc1, 0xe0, 0x3, 0xe3, 0xe0, 0x3, 0xe3, 0xc0,
    0x1, 0xe7, 0xc0, 0x1, 0xf7, 0xc0, 0x1, 0xf7,
    0x80, 0x0, 0xff, 0x80, 0x0, 0xff, 0x0, 0x0,
    0xff, 0x0, 0x0, 0x7f, 0x0, 0x0, 0x7e, 0x0,
    0x0, 0x3e, 0x0, 0x0, 0x3c, 0x0, 0x0, 0x7c,
    0x0, 0x0, 0x7c, 0x0, 0x0, 0xf8, 0x0, 0x0,
    0xf8, 0x0, 0x1, 0xf0, 0x0, 0x3f, 0xe0, 0x0,
    0x3f, 0xc0, 0x0, 0x3f, 0x0, 0x0,

    /* U+04EF "ӯ" */
    0x7, 0xff, 0xe0, 0x7, 0xff, 0xe0, 0x7, 0xff,
    0xe0, 0x0, 0x0, 0x0, 0x0, 0x0, 0x0, 0x0,
    0x0, 0x0, 0x0, 0x0, 0x0, 0x0, 0x0, 0x0,
    0xf8, 0x0, 0xf, 0x78, 0x0, 0x1f, 0x7c, 0x0,
    0x1e, 0x3c, 0x0, 0x1e, 0x3c, 0x0, 0x3e, 0x3e,
    0x0, 0x3c, 0x1e, 0x0, 0x3c, 0x1e, 0x0, 0x78,
    0xf, 0x0, 0x78, 0xf, 0x0, 0xf8, 0xf, 0x80,
    0xf0, 0x7, 0x80, 0xf0, 0x7, 0x81, 0xf0, 0x7,
    0xc1, 0xe0, 0x3, 0xc3, 0xe0, 0x3, 0xe3, 0xc0,
    0x1, 0xe3, 0xc0, 0x1, 0xe7, 0xc0, 0x1, 0xf7,
    0x80, 0x0, 0xf7, 0x80, 0x0, 0xff, 0x0, 0x0,
    0x7f, 0x0, 0x0, 0x7f, 0x0, 0x0, 0x7e, 0x0,
    0x0, 0x3e, 0x0, 0x0, 0x3c, 0x0, 0x0, 0x3c,
    0x0, 0x0, 0x7c, 0x0, 0x0, 0x78, 0x0, 0x0,
    0xf8, 0x0, 0x0, 0xf0, 0x0, 0x1, 0xf0, 0x0,
    0x3f, 0xe0, 0x0, 0x3f, 0xc0, 0x0, 0x3f, 0x0,
    0x0,

    /* U+04F0 "Ӱ" */
    0x7, 0x83, 0xc0, 0x7, 0x83, 0xc0, 0x7, 0x83,
    0xc0, 0x0, 0x0, 0x0, 0x0, 0x0, 0x0, 0x0,
    0x0, 0x0, 0x0, 0x0, 0x0, 0x0, 0x0, 0x0,
    0xf8, 0x0, 0x3e, 0x7c, 0x0, 0x3e, 0x7c, 0x0,
    0x3e, 0x7c, 0x0, 0x7c, 0x3e, 0x0, 0x7c, 0x3e,
    0x0, 0x78, 0x3e, 0x0, 0xf8, 0x1f, 0x0, 0xf8,
    0x1f, 0x0, 0xf0, 0xf, 0x1, 0xf0, 0xf, 0x81,
    0xf0, 0xf, 0x81, 0xe0, 0x7, 0x83, 0xe0, 0x7,
    0xc3, 0xc0, 0x7, 0xc3, 0xc0, 0x3, 0xc7, 0xc0,
    0x3, 0xe7, 0x80, 0x3, 0xe7, 0x80, 0x1, 0xff,
    0x80, 0x1, 0xff, 0x0, 0x1, 0xff, 0x0, 0x0,
    0xfe, 0x0, 0x0, 0xfe, 0x0, 0x0, 0x7e, 0x0,
    0x0, 0x7c, 0x0, 0x0, 0x7c, 0x0, 0x0, 0x7c,
    0x0, 0x0, 0xf8, 0x0, 0x0, 0xf8, 0x0, 0x1,
    0xf0, 0x0, 0x3, 0xf0, 0x0, 0x3f, 0xe0, 0x0,
    0x3f, 0xc0, 0x0, 0x3f, 0x0, 0x0,

    /* U+04F1 "ӱ" */
    0x3, 0x1, 0x80, 0x7, 0x83, 0xc0, 0x7, 0x83,
    0xc0, 0x3, 0x1, 0x80, 0x0, 0x0, 0x0, 0x0,
    0x0, 0x0, 0x0, 0x0, 0x0, 0x0, 0x0, 0x0,
    0x0, 0x0, 0x0, 0x0, 0x0, 0x0, 0xf8, 0x0,
    0x1e, 0x78, 0x0, 0x3e, 0x78, 0x0, 0x3e, 0x7c,
    0x0, 0x3c, 0x3c, 0x0, 0x7c, 0x3e, 0x0, 0x78,
    0x1e, 0x0, 0x78, 0x1e, 0x0, 0xf8, 0x1f, 0x0,
    0xf0, 0xf, 0x0, 0xf0, 0xf, 0x1, 0xf0, 0xf,
    0x81, 0xe0, 0x7, 0x81, 0xe0, 0x7, 0x83, 0xc0,
    0x7, 0xc3, 0xc0, 0x3, 0xc3, 0xc0, 0x3, 0xe7,
    0x80, 0x1, 0xe7, 0x80, 0x1, 0xef, 0x0, 0x1,
    0xff, 0x0, 0x0, 0xff, 0x0, 0x0, 0xfe, 0x0,
    0x0, 0xfe, 0x0, 0x0, 0x7e, 0x0, 0x0, 0x7c,
    0x0, 0x0, 0x7c, 0x0, 0x0, 0x78, 0x0, 0x0,
    0x78, 0x0, 0x0, 0xf8, 0x0, 0x0, 0xf0, 0x0,
    0x1, 0xf0, 0x0, 0x3, 0xe0, 0x0, 0x3f, 0xe0,
    0x0, 0x3f, 0xc0, 0x0, 0x3f, 0x0, 0x0,

    /* U+04F2 "Ӳ" */
    0x0, 0x3c, 0x78, 0x0, 0x78, 0xf0, 0x0, 0xf0,
    0xf0, 0x0, 0xe1, 0xe0, 0x1, 0xe3, 0xc0, 0x3,
    0xc7, 0x80, 0x0, 0x0, 0x0, 0x0, 0x0, 0x0,
    0xf8, 0x0, 0x1f, 0x7c, 0x0, 0x1f, 0x7c, 0x0,
    0x3e, 0x7c, 0x0, 0x3e, 0x3e, 0x0, 0x3e, 0x3e,
    0x0, 0x7c, 0x1f, 0x0, 0x7c, 0x1f, 0x0, 0x78,
    0x1f, 0x0, 0xf8, 0xf, 0x80, 0xf8, 0xf, 0x80,
    0xf0, 0x7, 0x81, 0xf0, 0x7, 0xc1, 0xe0, 0x7,
    0xc3, 0xe0, 0x3, 0xc3, 0xe0, 0x3, 0xe3, 0xc0,
    0x1, 0xe7, 0xc0, 0x1, 0xf7, 0x80, 0x1, 0xf7,
    0x80, 0x0, 0xff, 0x80, 0x0, 0xff, 0x0, 0x0,
    0xff, 0x0, 0x0, 0x7f, 0x0, 0x0, 0x7e, 0x0,
    0x0, 0x3e, 0x0, 0x0, 0x3c, 0x0, 0x0, 0x7c,
    0x0, 0x0, 0x78, 0x0, 0x0, 0xf8, 0x0, 0x0,
    0xf0, 0x0, 0x1, 0xf0, 0x0, 0x3f, 0xe0, 0x0,
    0x3f, 0xc0, 0x0, 0x3f, 0x0, 0x0,

    /* U+04F3 "ӳ" */
    0x0, 0x3c, 0x78, 0x0, 0x78, 0x78, 0x0, 0x70,
    0xf0, 0x0, 0xf0, 0xe0, 0x0, 0xe1, 0xe0, 0x1,
    0xc3, 0xc0, 0x3, 0xc3, 0x80, 0x3, 0x87, 0x0,
    0x0, 0x0, 0x0, 0x0, 0x0, 0x0, 0x0, 0x0,
    0x0, 0x0, 0x0, 0x0, 0xf8, 0x0, 0xf, 0x78,
    0x0, 0x1f, 0x7c, 0x0, 0x1e, 0x3c, 0x0, 0x3e,
    0x3c, 0x0, 0x3c, 0x3e, 0x0, 0x3c, 0x1e, 0x0,
    0x7c, 0x1e, 0x0, 0x78, 0x1f, 0x0, 0x78, 0xf,
    0x0, 0xf8, 0xf, 0x80, 0xf0, 0x7, 0x81, 0xf0,
    0x7, 0x81, 0xe0, 0x7, 0xc1, 0xe0, 0x3, 0xc3,
    0xe0, 0x3, 0xe3, 0xc0, 0x1, 0xe3, 0xc0, 0x1,
    0xe7, 0x80, 0x1, 0xf7, 0x80, 0x0, 0xff, 0x80,
    0x0, 0xff, 0x0, 0x0, 0x7f, 0x0, 0x0, 0x7e,
    0x0, 0x0, 0x7e, 0x0, 0x0, 0x3e, 0x0, 0x0,
    0x3c, 0x0, 0x0, 0x3c, 0x0, 0x0, 0x78, 0x0,
    0x0, 0x78, 0x0, 0x0, 0xf8, 0x0, 0x0, 0xf0,
    0x0, 0x1, 0xf0, 0x0, 0x3f, 0xe0, 0x0, 0x3f,
    0xc0, 0x0, 0x3f, 0x0, 0x0,

    /* U+04F4 "Ӵ" */
    0x7, 0x87, 0x80, 0x1e, 0x1e, 0x0, 0x78, 0x78,
    0x0, 0x0, 0x0, 0x0, 0x0, 0x0, 0x0, 0x0,
    0x0, 0x0, 0x0, 0x0, 0x0, 0x0, 0xf8, 0x0,
    0x3f, 0xe0, 0x0, 0xff, 0x80, 0x3, 0xfe, 0x0,
    0xf, 0xf8, 0x0, 0x3f, 0xe0, 0x0, 0xff, 0x80,
    0x3, 0xfe, 0x0, 0xf, 0xf8, 0x0, 0x3f, 0xe0,
    0x0, 0xff, 0x80, 0x3, 0xfe, 0x0, 0xf, 0xf8,
    0x0, 0x3f, 0xe0, 0x0, 0xff, 0x80, 0x3, 0xdf,
    0x0, 0x1f, 0x7e, 0x1, 0xfc, 0xff, 0xff, 0xf1,
    0xff, 0xff, 0xc1, 0xff, 0x8f, 0x0, 0x0, 0x3c,
    0x0, 0x0, 0xf0, 0x0, 0x3, 0xc0, 0x0, 0xf,
    0x0, 0x0, 0x3c, 0x0, 0x0, 0xf0, 0x0, 0x3,
    0xc0, 0x0, 0xf, 0x0, 0x0, 0x3c, 0x0, 0x0,
    0xf0, 0x0, 0x3, 0xc0, 0x0, 0xf, 0x0, 0x0,
    0x3c, 0x0, 0x0, 0xf0,

    /* U+04F5 "ӵ" */
    0x6, 0x3, 0x0, 0xf0, 0x78, 0xf, 0x7, 0x80,
    0x60, 0x30, 0x0, 0x0, 0x0, 0x0, 0x0, 0x0,
    0x0, 0x0, 0x0, 0x0, 0x0, 0x0, 0x0, 0x0,
    0x0, 0xf0, 0x0, 0xff, 0x0, 0xf, 0xf0, 0x0,
    0xff, 0x0, 0xf, 0xf0, 0x0, 0xff, 0x0, 0xf,
    0xf0, 0x0, 0xff, 0x0, 0xf, 0xf0, 0x0, 0xff,
    0x0, 0xf, 0xf0, 0x0, 0xff, 0x80, 0xf, 0x7c,
    0x3, 0xf3, 0xff, 0xff, 0x1f, 0xff, 0xf0, 0x7f,
    0xcf, 0x0, 0x0, 0xf0, 0x0, 0xf, 0x0, 0x0,
    0xf0, 0x0, 0xf, 0x0, 0x0, 0xf0, 0x0, 0xf,
    0x0, 0x0, 0xf0, 0x0, 0xf, 0x0, 0x0, 0xf0,

    /* U+04F6 "Ӷ" */
    0xff, 0xff, 0xff, 0xff, 0xff, 0xff, 0xff, 0xff,
    0xe0, 0x0, 0xf, 0x0, 0x0, 0x78, 0x0, 0x3,
    0xc0, 0x0, 0x1e, 0x0, 0x0, 0xf0, 0x0, 0x7,
    0x80, 0x0, 0x3c, 0x0, 0x1, 0xe0, 0x0, 0xf,
    0x0, 0x0, 0x78, 0x0, 0x3, 0xc0, 0x0, 0x1e,
    0x0, 0x0, 0xf0, 0x0, 0x7, 0x80, 0x0, 0x3c,
    0x0, 0x1, 0xe0, 0x0, 0xf, 0x0, 0x0, 0x78,
    0x0, 0x3, 0xc0, 0x0, 0x1e, 0x0, 0x0, 0xf0,
    0x0, 0x7, 0x80, 0x0, 0x3c, 0x0, 0x1, 0xe0,
    0x0, 0xf, 0x0, 0x0, 0x78, 0x0, 0x3, 0xff,
    0x0, 0x1f, 0xf8, 0x0, 0xff, 0xc0, 0x7, 0xfe,
    0x0, 0x1, 0xf0, 0x0, 0xf, 0x80, 0x0, 0x7c,
    0x0, 0x3, 0xe0, 0x0, 0x1f, 0x0, 0x0, 0xf8,
    0x0, 0x7, 0xc0, 0x0,

    /* U+04F7 "ӷ" */
    0xff, 0xff, 0xff, 0xff, 0xff, 0xff, 0xff, 0xc0,
    0x0, 0xf0, 0x0, 0x3c, 0x0, 0xf, 0x0, 0x3,
    0xc0, 0x0, 0xf0, 0x0, 0x3c, 0x0, 0xf, 0x0,
    0x3, 0xc0, 0x0, 0xf0, 0x0, 0x3c, 0x0, 0xf,
    0x0, 0x3, 0xc0, 0x0, 0xf0, 0x0, 0x3c, 0x0,
    0xf, 0x0, 0x3, 0xc0, 0x0, 0xf0, 0x0, 0x3f,
    0xc0, 0xf, 0xf0, 0x3, 0xfc, 0x0, 0xff, 0x0,
    0x3, 0xc0, 0x0, 0xf0, 0x0, 0x3c, 0x0, 0xf,
    0x0, 0x3, 0xc0, 0x0, 0xf0, 0x0,

    /* U+04F8 "Ӹ" */
    0x3, 0xc1, 0xe0, 0x3, 0xc1, 0xe0, 0x3, 0xc1,
    0xe0, 0x0, 0x0, 0x0, 0x0, 0x0, 0x0, 0x0,
    0x0, 0x0, 0x0, 0x0, 0x0, 0x0, 0x0, 0x0,
    0xf0, 0x0, 0xf, 0xf0, 0x0, 0xf, 0xf0, 0x0,
    0xf, 0xf0, 0x0, 0xf, 0xf0, 0x0, 0xf, 0xf0,
    0x0, 0xf, 0xf0, 0x0, 0xf, 0xf0, 0x0, 0xf,
    0xf0, 0x0, 0xf, 0xf0, 0x0, 0xf, 0xf0, 0x0,
    0xf, 0xf0, 0x0, 0xf, 0xf0, 0x0, 0xf, 0xf0,
    0x0, 0xf, 0xff, 0xc0, 0xf, 0xff, 0xf0, 0xf,
    0xff, 0xfc, 0xf, 0xf0, 0x7e, 0xf, 0xf0, 0x3f,
    0xf, 0xf0, 0x1f, 0xf, 0xf0, 0x1f, 0xf, 0xf0,
    0xf, 0x8f, 0xf0, 0xf, 0x8f, 0xf0, 0xf, 0x8f,
    0xf0, 0xf, 0x8f, 0xf0, 0xf, 0x8f, 0xf0, 0xf,
    0x8f, 0xf0, 0x1f, 0x8f, 0xf0, 0x1f, 0xf, 0xf0,
    0x3f, 0xf, 0xf0, 0x7e, 0xf, 0xff, 0xfc, 0xf,
    0xff, 0xf8, 0xf, 0xff, 0xc0, 0xf,

    /* U+04F9 "ӹ" */
    0x3, 0x1, 0x80, 0xf, 0x7, 0x80, 0x1e, 0xf,
    0x0, 0x18, 0xc, 0x0, 0x0, 0x0, 0x0, 0x0,
    0x0, 0x0, 0x0, 0x0, 0x0, 0x0, 0x0, 0x0,
    0x0, 0x0, 0x0, 0x0, 0x3, 0xc0, 0x0, 0x7f,
    0x80, 0x0, 0xff, 0x0, 0x1, 0xfe, 0x0, 0x3,
    0xfc, 0x0, 0x7, 0xf8, 0x0, 0xf, 0xf0, 0x0,
    0x1f, 0xe0, 0x0, 0x3f, 0xc0, 0x0, 0x7f, 0x80,
    0x0, 0xff, 0xfc, 0x1, 0xff, 0xff, 0x3, 0xff,
    0xff, 0x7, 0xf8, 0x3f, 0xf, 0xf0, 0x1e, 0x1f,
    0xe0, 0x1e, 0x3f, 0xc0, 0x3c, 0x7f, 0x80, 0x78,
    0xff, 0x0, 0xf1, 0xfe, 0x1, 0xe3, 0xfc, 0x7,
    0x87, 0xf8, 0x3f, 0xf, 0xff, 0xfc, 0x1f, 0xff,
    0xf0, 0x3f, 0xff, 0x0, 0x78,

    /* U+20B4 "₴" */
    0x0, 0x0, 0x0, 0x0, 0x3f, 0xfe, 0x0, 0x7,
    0xff, 0xf8, 0x0, 0x7f, 0xff, 0xc0, 0x7, 0x0,
    0x3e, 0x0, 0x40, 0x0, 0xf0, 0x0, 0x0, 0xf,
    0x0, 0x0, 0x0, 0x78, 0x0, 0x0, 0x7, 0x80,
    0x0, 0x0, 0x78, 0x0, 0x0, 0x7, 0x80, 0x0,
    0x0, 0xf8, 0x0, 0x0, 0xf, 0x8f, 0xff, 0xff,
    0xff, 0xff, 0xff, 0xff, 0xff, 0xff, 0xff, 0xff,
    0x0, 0xff, 0xfc, 0x0, 0x3f, 0xff, 0x0, 0x7,
    0xff, 0x80, 0xf, 0xff, 0xff, 0xff, 0xff, 0xff,
    0xff, 0xff, 0xff, 0xff, 0xff, 0x1f, 0x0, 0x0,
    0x1, 0xe0, 0x0, 0x0, 0x1e, 0x0, 0x0, 0x1,
    0xe0, 0x0, 0x0, 0x1e, 0x0, 0x0, 0x1, 0xe0,
    0x0, 0x0, 0x1e, 0x0, 0x0, 0x0, 0xf0, 0x0,
    0x8, 0xf, 0x80, 0x3, 0x80, 0x7c, 0x0, 0xf8,
    0x3, 0xff, 0xff, 0x80, 0x1f, 0xff, 0xf8, 0x0,
    0x7f, 0xfc, 0x0, 0x0, 0x30, 0x0
};


/*---------------------
 *  GLYPH DESCRIPTION
 *--------------------*/

static const lv_font_fmt_txt_glyph_dsc_t glyph_dsc[] = {
    {.bitmap_index = 0, .adv_w = 0, .box_w = 0, .box_h = 0, .ofs_x = 0, .ofs_y = 0} /* id = 0 reserved */,
    {.bitmap_index = 0, .adv_w = 448, .box_w = 21, .box_h = 42, .ofs_x = 5, .ofs_y = 0},
    {.bitmap_index = 111, .adv_w = 448, .box_w = 21, .box_h = 42, .ofs_x = 5, .ofs_y = 0},
    {.bitmap_index = 222, .adv_w = 448, .box_w = 27, .box_h = 44, .ofs_x = -1, .ofs_y = -10},
    {.bitmap_index = 371, .adv_w = 448, .box_w = 21, .box_h = 42, .ofs_x = 5, .ofs_y = 0},
    {.bitmap_index = 482, .adv_w = 448, .box_w = 22, .box_h = 36, .ofs_x = 3, .ofs_y = -1},
    {.bitmap_index = 581, .adv_w = 448, .box_w = 22, .box_h = 36, .ofs_x = 3, .ofs_y = -1},
    {.bitmap_index = 680, .adv_w = 448, .box_w = 19, .box_h = 34, .ofs_x = 5, .ofs_y = 0},
    {.bitmap_index = 761, .adv_w = 448, .box_w = 19, .box_h = 42, .ofs_x = 5, .ofs_y = 0},
    {.bitmap_index = 861, .adv_w = 448, .box_w = 19, .box_h = 35, .ofs_x = 2, .ofs_y = -1},
    {.bitmap_index = 945, .adv_w = 448, .box_w = 28, .box_h = 34, .ofs_x = 0, .ofs_y = 0},
    {.bitmap_index = 1064, .adv_w = 448, .box_w = 27, .box_h = 34, .ofs_x = 1, .ofs_y = 0},
    {.bitmap_index = 1179, .adv_w = 448, .box_w = 27, .box_h = 34, .ofs_x = -1, .ofs_y = 0},
    {.bitmap_index = 1294, .adv_w = 448, .box_w = 24, .box_h = 42, .ofs_x = 3, .ofs_y = 0},
    {.bitmap_index = 1420, .adv_w = 448, .box_w = 22, .box_h = 42, .ofs_x = 3, .ofs_y = 0},
    {.bitmap_index = 1536, .adv_w = 448, .box_w = 24, .box_h = 42, .ofs_x = 3, .ofs_y = 0},
    {.bitmap_index = 1662, .adv_w = 448, .box_w = 22, .box_h = 42, .ofs_x = 3, .ofs_y = -8},
    {.bitmap_index = 1778, .adv_w = 448, .box_w = 26, .box_h = 34, .ofs_x = 1, .ofs_y = 0},
    {.bitmap_index = 1889, .adv_w = 448, .box_w = 22, .box_h = 34, .ofs_x = 4, .ofs_y = 0},
    {.bitmap_index = 1983, .adv_w = 448, .box_w = 22, .box_h = 34, .ofs_x = 4, .ofs_y = 0},
    {.bitmap_index = 2077, .adv_w = 448, .box_w = 21, .box_h = 34, .ofs_x = 5, .ofs_y = 0},
    {.bitmap_index = 2167, .adv_w = 448, .box_w = 27, .box_h = 42, .ofs_x = 1, .ofs_y = -8},
    {.bitmap_index = 2309, .adv_w = 448, .box_w = 21, .box_h = 34, .ofs_x = 5, .ofs_y = 0},
    {.bitmap_index = 2399, .adv_w = 448, .box_w = 28, .box_h = 34, .ofs_x = 0, .ofs_y = 0},
    {.bitmap_index = 2518, .adv_w = 448, .box_w = 21, .box_h = 36, .ofs_x = 3, .ofs_y = -1},
    {.bitmap_index = 2613, .adv_w = 448, .box_w = 22, .box_h = 34, .ofs_x = 3, .ofs_y = 0},
    {.bitmap_index = 2707, .adv_w = 448, .box_w = 22, .box_h = 42, .ofs_x = 3, .ofs_y = 0},
    {.bitmap_index = 2823, .adv_w = 448, .box_w = 24, .box_h = 34, .ofs_x = 3, .ofs_y = 0},
    {.bitmap_index = 2925, .adv_w = 448, .box_w = 25, .box_h = 34, .ofs_x = 1, .ofs_y = 0},
    {.bitmap_index = 3032, .adv_w = 448, .box_w = 24, .box_h = 34, .ofs_x = 2, .ofs_y = 0},
    {.bitmap_index = 3134, .adv_w = 448, .box_w = 22, .box_h = 34, .ofs_x = 3, .ofs_y = 0},
    {.bitmap_index = 3228, .adv_w = 448, .box_w = 23, .box_h = 36, .ofs_x = 3, .ofs_y = -1},
    {.bitmap_index = 3332, .adv_w = 448, .box_w = 22, .box_h = 34, .ofs_x = 3, .ofs_y = 0},
    {.bitmap_index = 3426, .adv_w = 448, .box_w = 22, .box_h = 34, .ofs_x = 5, .ofs_y = 0},
    {.bitmap_index = 3520, .adv_w = 448, .box_w = 22, .box_h = 36, .ofs_x = 3, .ofs_y = -1},
    {.bitmap_index = 3619, .adv_w = 448, .box_w = 26, .box_h = 34, .ofs_x = 1, .ofs_y = 0},
    {.bitmap_index = 3730, .adv_w = 448, .box_w = 24, .box_h = 34, .ofs_x = 3, .ofs_y = 0},
    {.bitmap_index = 3832, .adv_w = 448, .box_w = 25, .box_h = 34, .ofs_x = 2, .ofs_y = 0},
    {.bitmap_index = 3939, .adv_w = 448, .box_w = 28, .box_h = 34, .ofs_x = 0, .ofs_y = 0},
    {.bitmap_index = 4058, .adv_w = 448, .box_w = 25, .box_h = 42, .ofs_x = 2, .ofs_y = -8},
    {.bitmap_index = 4190, .adv_w = 448, .box_w = 22, .box_h = 34, .ofs_x = 3, .ofs_y = 0},
    {.bitmap_index = 4284, .adv_w = 448, .box_w = 24, .box_h = 34, .ofs_x = 3, .ofs_y = 0},
    {.bitmap_index = 4386, .adv_w = 448, .box_w = 26, .box_h = 42, .ofs_x = 2, .ofs_y = -8},
    {.bitmap_index = 4523, .adv_w = 448, .box_w = 26, .box_h = 34, .ofs_x = 1, .ofs_y = 0},
    {.bitmap_index = 4634, .adv_w = 448, .box_w = 24, .box_h = 34, .ofs_x = 1, .ofs_y = 0},
    {.bitmap_index = 4736, .adv_w = 448, .box_w = 22, .box_h = 34, .ofs_x = 5, .ofs_y = 0},
    {.bitmap_index = 4830, .adv_w = 448, .box_w = 22, .box_h = 36, .ofs_x = 3, .ofs_y = -1},
    {.bitmap_index = 4929, .adv_w = 448, .box_w = 25, .box_h = 36, .ofs_x = 2, .ofs_y = -1},
    {.bitmap_index = 5042, .adv_w = 448, .box_w = 24, .box_h = 34, .ofs_x = 1, .ofs_y = 0},
    {.bitmap_index = 5144, .adv_w = 448, .box_w = 22, .box_h = 27, .ofs_x = 3, .ofs_y = -1},
    {.bitmap_index = 5219, .adv_w = 448, .box_w = 22, .box_h = 37, .ofs_x = 3, .ofs_y = -1},
    {.bitmap_index = 5321, .adv_w = 448, .box_w = 18, .box_h = 25, .ofs_x = 5, .ofs_y = 0},
    {.bitmap_index = 5378, .adv_w = 448, .box_w = 18, .box_h = 25, .ofs_x = 7, .ofs_y = 0},
    {.bitmap_index = 5435, .adv_w = 448, .box_w = 24, .box_h = 32, .ofs_x = 2, .ofs_y = -7},
    {.bitmap_index = 5531, .adv_w = 448, .box_w = 23, .box_h = 27, .ofs_x = 3, .ofs_y = -1},
    {.bitmap_index = 5609, .adv_w = 448, .box_w = 26, .box_h = 25, .ofs_x = 1, .ofs_y = 0},
    {.bitmap_index = 5691, .adv_w = 448, .box_w = 21, .box_h = 27, .ofs_x = 3, .ofs_y = -1},
    {.bitmap_index = 5762, .adv_w = 448, .box_w = 20, .box_h = 25, .ofs_x = 4, .ofs_y = 0},
    {.bitmap_index = 5825, .adv_w = 448, .box_w = 20, .box_h = 36, .ofs_x = 4, .ofs_y = 0},
    {.bitmap_index = 5915, .adv_w = 448, .box_w = 22, .box_h = 25, .ofs_x = 5, .ofs_y = 0},
    {.bitmap_index = 5984, .adv_w = 448, .box_w = 24, .box_h = 25, .ofs_x = 1, .ofs_y = 0},
    {.bitmap_index = 6059, .adv_w = 448, .box_w = 26, .box_h = 25, .ofs_x = 1, .ofs_y = 0},
    {.bitmap_index = 6141, .adv_w = 448, .box_w = 20, .box_h = 25, .ofs_x = 4, .ofs_y = 0},
    {.bitmap_index = 6204, .adv_w = 448, .box_w = 22, .box_h = 27, .ofs_x = 3, .ofs_y = -1},
    {.bitmap_index = 6279, .adv_w = 448, .box_w = 20, .box_h = 25, .ofs_x = 4, .ofs_y = 0},
    {.bitmap_index = 6342, .adv_w = 448, .box_w = 21, .box_h = 36, .ofs_x = 4, .ofs_y = -10},
    {.bitmap_index = 6437, .adv_w = 448, .box_w = 20, .box_h = 27, .ofs_x = 4, .ofs_y = -1},
    {.bitmap_index = 6505, .adv_w = 448, .box_w = 19, .box_h = 25, .ofs_x = 5, .ofs_y = 0},
    {.bitmap_index = 6565, .adv_w = 448, .box_w = 24, .box_h = 35, .ofs_x = 2, .ofs_y = -10},
    {.bitmap_index = 6670, .adv_w = 448, .box_w = 23, .box_h = 45, .ofs_x = 2, .ofs_y = -10},
    {.bitmap_index = 6800, .adv_w = 448, .box_w = 25, .box_h = 25, .ofs_x = 2, .ofs_y = 0},
    {.bitmap_index = 6879, .adv_w = 448, .box_w = 23, .box_h = 32, .ofs_x = 4, .ofs_y = -7},
    {.bitmap_index = 6971, .adv_w = 448, .box_w = 20, .box_h = 25, .ofs_x = 4, .ofs_y = 0},
    {.bitmap_index = 7034, .adv_w = 448, .box_w = 22, .box_h = 25, .ofs_x = 3, .ofs_y = 0},
    {.bitmap_index = 7103, .adv_w = 448, .box_w = 26, .box_h = 32, .ofs_x = 2, .ofs_y = -7},
    {.bitmap_index = 7207, .adv_w = 448, .box_w = 26, .box_h = 25, .ofs_x = 1, .ofs_y = 0},
    {.bitmap_index = 7289, .adv_w = 448, .box_w = 23, .box_h = 25, .ofs_x = 2, .ofs_y = 0},
    {.bitmap_index = 7361, .adv_w = 448, .box_w = 20, .box_h = 25, .ofs_x = 5, .ofs_y = 0},
    {.bitmap_index = 7424, .adv_w = 448, .box_w = 20, .box_h = 27, .ofs_x = 5, .ofs_y = -1},
    {.bitmap_index = 7492, .adv_w = 448, .box_w = 25, .box_h = 27, .ofs_x = 3, .ofs_y = -1},
    {.bitmap_index = 7577, .adv_w = 448, .box_w = 19, .box_h = 25, .ofs_x = 4, .ofs_y = 0},
    {.bitmap_index = 7637, .adv_w = 448, .box_w = 23, .box_h = 39, .ofs_x = 3, .ofs_y = -1},
    {.bitmap_index = 7750, .adv_w = 448, .box_w = 23, .box_h = 35, .ofs_x = 3, .ofs_y = -1},
    {.bitmap_index = 7851, .adv_w = 448, .box_w = 24, .box_h = 45, .ofs_x = 2, .ofs_y = -10},
    {.bitmap_index = 7986, .adv_w = 448, .box_w = 18, .box_h = 38, .ofs_x = 7, .ofs_y = 0},
    {.bitmap_index = 8072, .adv_w = 448, .box_w = 20, .box_h = 27, .ofs_x = 4, .ofs_y = -1},
    {.bitmap_index = 8140, .adv_w = 448, .box_w = 19, .box_h = 27, .ofs_x = 5, .ofs_y = -1},
    {.bitmap_index = 8205, .adv_w = 448, .box_w = 20, .box_h = 35, .ofs_x = 5, .ofs_y = 0},
    {.bitmap_index = 8293, .adv_w = 448, .box_w = 19, .box_h = 35, .ofs_x = 5, .ofs_y = 0},
    {.bitmap_index = 8377, .adv_w = 448, .box_w = 14, .box_h = 45, .ofs_x = 5, .ofs_y = -10},
    {.bitmap_index = 8456, .adv_w = 448, .box_w = 28, .box_h = 25, .ofs_x = 0, .ofs_y = 0},
    {.bitmap_index = 8544, .adv_w = 448, .box_w = 25, .box_h = 25, .ofs_x = 2, .ofs_y = 0},
    {.bitmap_index = 8623, .adv_w = 448, .box_w = 24, .box_h = 35, .ofs_x = 1, .ofs_y = 0},
    {.bitmap_index = 8728, .adv_w = 448, .box_w = 22, .box_h = 38, .ofs_x = 5, .ofs_y = 0},
    {.bitmap_index = 8833, .adv_w = 448, .box_w = 20, .box_h = 38, .ofs_x = 4, .ofs_y = 0},
    {.bitmap_index = 8928, .adv_w = 448, .box_w = 24, .box_h = 45, .ofs_x = 2, .ofs_y = -10},
    {.bitmap_index = 9063, .adv_w = 448, .box_w = 20, .box_h = 32, .ofs_x = 4, .ofs_y = -7},
    {.bitmap_index = 9143, .adv_w = 448, .box_w = 26, .box_h = 34, .ofs_x = 1, .ofs_y = 0},
    {.bitmap_index = 9254, .adv_w = 448, .box_w = 26, .box_h = 36, .ofs_x = 1, .ofs_y = 0},
    {.bitmap_index = 9371, .adv_w = 448, .box_w = 23, .box_h = 36, .ofs_x = 3, .ofs_y = -1},
    {.bitmap_index = 9475, .adv_w = 448, .box_w = 22, .box_h = 27, .ofs_x = 3, .ofs_y = -1},
    {.bitmap_index = 9550, .adv_w = 448, .box_w = 21, .box_h = 41, .ofs_x = 5, .ofs_y = 0},
    {.bitmap_index = 9658, .adv_w = 448, .box_w = 17, .box_h = 33, .ofs_x = 7, .ofs_y = 0},
    {.bitmap_index = 9729, .adv_w = 448, .box_w = 24, .box_h = 34, .ofs_x = 2, .ofs_y = 0},
    {.bitmap_index = 9831, .adv_w = 448, .box_w = 20, .box_h = 25, .ofs_x = 4, .ofs_y = 0},
    {.bitmap_index = 9894, .adv_w = 448, .box_w = 21, .box_h = 44, .ofs_x = 4, .ofs_y = -10},
    {.bitmap_index = 10010, .adv_w = 448, .box_w = 19, .box_h = 35, .ofs_x = 5, .ofs_y = -10},
    {.bitmap_index = 10094, .adv_w = 448, .box_w = 28, .box_h = 41, .ofs_x = 0, .ofs_y = -7},
    {.bitmap_index = 10238, .adv_w = 448, .box_w = 27, .box_h = 32, .ofs_x = 1, .ofs_y = -7},
    {.bitmap_index = 10346, .adv_w = 448, .box_w = 22, .box_h = 44, .ofs_x = 3, .ofs_y = -9},
    {.bitmap_index = 10467, .adv_w = 448, .box_w = 20, .box_h = 35, .ofs_x = 4, .ofs_y = -9},
    {.bitmap_index = 10555, .adv_w = 448, .box_w = 25, .box_h = 41, .ofs_x = 3, .ofs_y = -7},
    {.bitmap_index = 10684, .adv_w = 448, .box_w = 22, .box_h = 31, .ofs_x = 5, .ofs_y = -6},
    {.bitmap_index = 10770, .adv_w = 448, .box_w = 27, .box_h = 41, .ofs_x = 1, .ofs_y = -7},
    {.bitmap_index = 10909, .adv_w = 448, .box_w = 24, .box_h = 31, .ofs_x = 4, .ofs_y = -6},
    {.bitmap_index = 11002, .adv_w = 448, .box_w = 24, .box_h = 34, .ofs_x = 5, .ofs_y = 0},
    {.bitmap_index = 11104, .adv_w = 448, .box_w = 24, .box_h = 25, .ofs_x = 4, .ofs_y = 0},
    {.bitmap_index = 11179, .adv_w = 448, .box_w = 22, .box_h = 44, .ofs_x = 3, .ofs_y = -9},
    {.bitmap_index = 11300, .adv_w = 448, .box_w = 20, .box_h = 35, .ofs_x = 4, .ofs_y = -9},
    {.bitmap_index = 11388, .adv_w = 448, .box_w = 26, .box_h = 41, .ofs_x = 1, .ofs_y = -7},
    {.bitmap_index = 11522, .adv_w = 448, .box_w = 19, .box_h = 31, .ofs_x = 5, .ofs_y = -6},
    {.bitmap_index = 11596, .adv_w = 448, .box_w = 26, .box_h = 34, .ofs_x = 1, .ofs_y = 0},
    {.bitmap_index = 11707, .adv_w = 448, .box_w = 24, .box_h = 35, .ofs_x = 2, .ofs_y = -10},
    {.bitmap_index = 11812, .adv_w = 448, .box_w = 27, .box_h = 34, .ofs_x = 1, .ofs_y = 0},
    {.bitmap_index = 11927, .adv_w = 448, .box_w = 24, .box_h = 35, .ofs_x = 2, .ofs_y = -10},
    {.bitmap_index = 12032, .adv_w = 448, .box_w = 28, .box_h = 41, .ofs_x = 0, .ofs_y = -7},
    {.bitmap_index = 12176, .adv_w = 448, .box_w = 24, .box_h = 31, .ofs_x = 3, .ofs_y = -6},
    {.bitmap_index = 12269, .adv_w = 448, .box_w = 22, .box_h = 34, .ofs_x = 4, .ofs_y = 0},
    {.bitmap_index = 12363, .adv_w = 448, .box_w = 20, .box_h = 35, .ofs_x = 4, .ofs_y = 0},
    {.bitmap_index = 12451, .adv_w = 448, .box_w = 19, .box_h = 34, .ofs_x = 5, .ofs_y = 0},
    {.bitmap_index = 12532, .adv_w = 448, .box_w = 28, .box_h = 42, .ofs_x = 0, .ofs_y = 0},
    {.bitmap_index = 12679, .adv_w = 448, .box_w = 26, .box_h = 37, .ofs_x = 1, .ofs_y = 0},
    {.bitmap_index = 12800, .adv_w = 448, .box_w = 24, .box_h = 44, .ofs_x = 3, .ofs_y = -10},
    {.bitmap_index = 12932, .adv_w = 448, .box_w = 21, .box_h = 35, .ofs_x = 5, .ofs_y = -10},
    {.bitmap_index = 13024, .adv_w = 448, .box_w = 22, .box_h = 44, .ofs_x = 3, .ofs_y = -10},
    {.bitmap_index = 13145, .adv_w = 448, .box_w = 20, .box_h = 35, .ofs_x = 5, .ofs_y = -10},
    {.bitmap_index = 13233, .adv_w = 448, .box_w = 22, .box_h = 41, .ofs_x = 3, .ofs_y = -7},
    {.bitmap_index = 13346, .adv_w = 448, .box_w = 20, .box_h = 31, .ofs_x = 4, .ofs_y = -6},
    {.bitmap_index = 13424, .adv_w = 448, .box_w = 4, .box_h = 35, .ofs_x = 10, .ofs_y = 0},
    {.bitmap_index = 13442, .adv_w = 448, .box_w = 26, .box_h = 42, .ofs_x = 1, .ofs_y = 0},
    {.bitmap_index = 13579, .adv_w = 448, .box_w = 22, .box_h = 37, .ofs_x = 3, .ofs_y = -1},
    {.bitmap_index = 13681, .adv_w = 448, .box_w = 26, .box_h = 42, .ofs_x = 1, .ofs_y = 0},
    {.bitmap_index = 13818, .adv_w = 448, .box_w = 22, .box_h = 36, .ofs_x = 3, .ofs_y = -1},
    {.bitmap_index = 13917, .adv_w = 448, .box_w = 28, .box_h = 34, .ofs_x = 0, .ofs_y = 0},
    {.bitmap_index = 14036, .adv_w = 448, .box_w = 27, .box_h = 27, .ofs_x = 1, .ofs_y = -1},
    {.bitmap_index = 14128, .adv_w = 448, .box_w = 21, .box_h = 42, .ofs_x = 5, .ofs_y = 0},
    {.bitmap_index = 14239, .adv_w = 448, .box_w = 23, .box_h = 37, .ofs_x = 3, .ofs_y = -1},
    {.bitmap_index = 14346, .adv_w = 448, .box_w = 23, .box_h = 36, .ofs_x = 3, .ofs_y = -1},
    {.bitmap_index = 14450, .adv_w = 448, .box_w = 22, .box_h = 27, .ofs_x = 3, .ofs_y = -1},
    {.bitmap_index = 14525, .adv_w = 448, .box_w = 23, .box_h = 42, .ofs_x = 3, .ofs_y = -1},
    {.bitmap_index = 14646, .adv_w = 448, .box_w = 22, .box_h = 36, .ofs_x = 3, .ofs_y = -1},
    {.bitmap_index = 14745, .adv_w = 448, .box_w = 27, .box_h = 42, .ofs_x = 0, .ofs_y = 0},
    {.bitmap_index = 14887, .adv_w = 448, .box_w = 25, .box_h = 35, .ofs_x = 1, .ofs_y = 0},
    {.bitmap_index = 14997, .adv_w = 448, .box_w = 22, .box_h = 42, .ofs_x = 3, .ofs_y = -1},
    {.bitmap_index = 15113, .adv_w = 448, .box_w = 20, .box_h = 35, .ofs_x = 4, .ofs_y = -1},
    {.bitmap_index = 15201, .adv_w = 448, .box_w = 27, .box_h = 35, .ofs_x = 1, .ofs_y = -1},
    {.bitmap_index = 15320, .adv_w = 448, .box_w = 23, .box_h = 35, .ofs_x = 3, .ofs_y = -10},
    {.bitmap_index = 15421, .adv_w = 448, .box_w = 22, .box_h = 42, .ofs_x = 3, .ofs_y = 0},
    {.bitmap_index = 15537, .adv_w = 448, .box_w = 20, .box_h = 33, .ofs_x = 4, .ofs_y = 0},
    {.bitmap_index = 15620, .adv_w = 448, .box_w = 22, .box_h = 42, .ofs_x = 3, .ofs_y = 0},
    {.bitmap_index = 15736, .adv_w = 448, .box_w = 20, .box_h = 35, .ofs_x = 4, .ofs_y = 0},
    {.bitmap_index = 15824, .adv_w = 448, .box_w = 23, .box_h = 42, .ofs_x = 3, .ofs_y = -1},
    {.bitmap_index = 15945, .adv_w = 448, .box_w = 22, .box_h = 36, .ofs_x = 3, .ofs_y = -1},
    {.bitmap_index = 16044, .adv_w = 448, .box_w = 23, .box_h = 36, .ofs_x = 3, .ofs_y = -1},
    {.bitmap_index = 16148, .adv_w = 448, .box_w = 22, .box_h = 27, .ofs_x = 3, .ofs_y = -1},
    {.bitmap_index = 16223, .adv_w = 448, .box_w = 23, .box_h = 42, .ofs_x = 3, .ofs_y = -1},
    {.bitmap_index = 16344, .adv_w = 448, .box_w = 22, .box_h = 36, .ofs_x = 3, .ofs_y = -1},
    {.bitmap_index = 16443, .adv_w = 448, .box_w = 22, .box_h = 42, .ofs_x = 4, .ofs_y = -1},
    {.bitmap_index = 16559, .adv_w = 448, .box_w = 20, .box_h = 36, .ofs_x = 5, .ofs_y = -1},
    {.bitmap_index = 16649, .adv_w = 448, .box_w = 24, .box_h = 42, .ofs_x = 3, .ofs_y = 0},
    {.bitmap_index = 16775, .adv_w = 448, .box_w = 24, .box_h = 43, .ofs_x = 2, .ofs_y = -10},
    {.bitmap_index = 16904, .adv_w = 448, .box_w = 24, .box_h = 42, .ofs_x = 3, .ofs_y = 0},
    {.bitmap_index = 17030, .adv_w = 448, .box_w = 24, .box_h = 45, .ofs_x = 2, .ofs_y = -10},
    {.bitmap_index = 17165, .adv_w = 448, .box_w = 24, .box_h = 42, .ofs_x = 3, .ofs_y = 0},
    {.bitmap_index = 17291, .adv_w = 448, .box_w = 24, .box_h = 47, .ofs_x = 2, .ofs_y = -10},
    {.bitmap_index = 17432, .adv_w = 448, .box_w = 22, .box_h = 42, .ofs_x = 3, .ofs_y = 0},
    {.bitmap_index = 17548, .adv_w = 448, .box_w = 20, .box_h = 35, .ofs_x = 4, .ofs_y = 0},
    {.bitmap_index = 17636, .adv_w = 448, .box_w = 21, .box_h = 41, .ofs_x = 5, .ofs_y = -7},
    {.bitmap_index = 17744, .adv_w = 448, .box_w = 18, .box_h = 31, .ofs_x = 7, .ofs_y = -6},
    {.bitmap_index = 17814, .adv_w = 448, .box_w = 24, .box_h = 42, .ofs_x = 2, .ofs_y = 0},
    {.bitmap_index = 17940, .adv_w = 448, .box_w = 23, .box_h = 35, .ofs_x = 2, .ofs_y = 0},
    {.bitmap_index = 18041, .adv_w = 448, .box_w = 28, .box_h = 36, .ofs_x = 0, .ofs_y = -1}
};

/*---------------------
 *  CHARACTER MAPPING
 *--------------------*/

static const uint16_t unicode_list_1[] = {
    0x0, 0x1, 0x10, 0x11, 0x2e, 0x2f, 0x30, 0x31,
    0x32, 0x33, 0x34, 0x35, 0x36, 0x37, 0x38, 0x39,
    0x40, 0x41, 0x42, 0x43, 0x48, 0x49, 0x4a, 0x4b,
    0x4c, 0x4d, 0x4e, 0x4f, 0x50, 0x51, 0x58, 0x59,
    0x5e, 0x5f, 0x60, 0x61, 0x62, 0x65, 0x66, 0x69,
    0x6a
};

/*Collect the unicode lists and glyph_id offsets*/
static const lv_font_fmt_txt_cmap_t cmaps[] =
{
    {
        .range_start = 1024, .range_length = 96, .glyph_id_start = 1,
        .unicode_list = NULL, .glyph_id_ofs_list = NULL, .list_length = 0, .type = LV_FONT_FMT_TXT_CMAP_FORMAT0_TINY
    },
    {
        .range_start = 1122, .range_length = 107, .glyph_id_start = 97,
        .unicode_list = unicode_list_1, .glyph_id_ofs_list = NULL, .list_length = 41, .type = LV_FONT_FMT_TXT_CMAP_SPARSE_TINY
    },
    {
        .range_start = 1231, .range_length = 43, .glyph_id_start = 138,
        .unicode_list = NULL, .glyph_id_ofs_list = NULL, .list_length = 0, .type = LV_FONT_FMT_TXT_CMAP_FORMAT0_TINY
    },
    {
        .range_start = 8372, .range_length = 1, .glyph_id_start = 181,
        .unicode_list = NULL, .glyph_id_ofs_list = NULL, .list_length = 0, .type = LV_FONT_FMT_TXT_CMAP_FORMAT0_TINY
    }
};



/*--------------------
 *  ALL CUSTOM DATA
 *--------------------*/

#if LVGL_VERSION_MAJOR == 8
/*Store all the custom data of the font*/
static  lv_font_fmt_txt_glyph_cache_t cache;
#endif

#if LVGL_VERSION_MAJOR >= 8
static const lv_font_fmt_txt_dsc_t font_dsc = {
#else
static lv_font_fmt_txt_dsc_t font_dsc = {
#endif
    .glyph_bitmap = glyph_bitmap,
    .glyph_dsc = glyph_dsc,
    .cmaps = cmaps,
    .kern_dsc = NULL,
    .kern_scale = 0,
    .cmap_num = 4,
    .bpp = 1,
    .kern_classes = 0,
    .bitmap_format = 0,
#if LVGL_VERSION_MAJOR == 8
    .cache = &cache
#endif
};



/*-----------------
 *  PUBLIC FONT
 *----------------*/

/*Initialize a public general font descriptor*/
#if LVGL_VERSION_MAJOR >= 8
const lv_font_t hack_cyrillic_30 = {
#else
lv_font_t hack_cyrillic_30 = {
#endif
    .get_glyph_dsc = lv_font_get_glyph_dsc_fmt_txt,    /*Function pointer to get glyph's data*/
    .get_glyph_bitmap = lv_font_get_bitmap_fmt_txt,    /*Function pointer to get glyph's bitmap*/
    .line_height = 52,          /*The maximum line height required by the font*/
    .base_line = 10,             /*Baseline measured from the bottom of the line*/
#if !(LVGL_VERSION_MAJOR == 6 && LVGL_VERSION_MINOR == 0)
    .subpx = LV_FONT_SUBPX_NONE,
#endif
#if LV_VERSION_CHECK(7, 4, 0) || LVGL_VERSION_MAJOR >= 8
    .underline_position = -5,
    .underline_thickness = 2,
#endif
    .dsc = &font_dsc,          /*The custom font data. Will be accessed by `get_glyph_bitmap/dsc` */
#if LV_VERSION_CHECK(8, 2, 0) || LVGL_VERSION_MAJOR >= 9
    .fallback = NULL,
#endif
    .user_data = NULL,
};



#endif /*#if HACK_CYRILLIC_30*/

