/*******************************************************************************
 * Size: 41 px
 * Bpp: 1
 * Opts: --font /tmp/hacktest/Hack-Regular.ttf -r 0x400-0x4FF,0x20B4 --size 41 --bpp 1 --format lvgl --no-compress --lv-font-name hack_cyrillic_26 -o /tmp/hacktest/gen/hack_cyrillic_26.c
 ******************************************************************************/

#include "lvgl.h"

#ifndef HACK_CYRILLIC_26
#define HACK_CYRILLIC_26 1
#endif

#if HACK_CYRILLIC_26

/*-----------------
 *    BITMAPS
 *----------------*/

/*Store the image of the glyphs*/
static LV_ATTRIBUTE_LARGE_CONST const uint8_t glyph_bitmap[] = {
    /* U+0400 "Ѐ" */
    0xf, 0x0, 0x1, 0xc0, 0x0, 0x38, 0x0, 0x7,
    0x0, 0x0, 0xe0, 0x0, 0x0, 0x0, 0x0, 0x3,
    0xff, 0xff, 0xff, 0xff, 0xff, 0xff, 0xff, 0x0,
    0x3, 0xc0, 0x0, 0xf0, 0x0, 0x3c, 0x0, 0xf,
    0x0, 0x3, 0xc0, 0x0, 0xf0, 0x0, 0x3c, 0x0,
    0xf, 0x0, 0x3, 0xc0, 0x0, 0xff, 0xff, 0xbf,
    0xff, 0xef, 0xff, 0xfb, 0xc0, 0x0, 0xf0, 0x0,
    0x3c, 0x0, 0xf, 0x0, 0x3, 0xc0, 0x0, 0xf0,
    0x0, 0x3c, 0x0, 0xf, 0x0, 0x3, 0xc0, 0x0,
    0xf0, 0x0, 0x3c, 0x0, 0xf, 0xff, 0xff, 0xff,
    0xff, 0xff, 0xff, 0xc0,

    /* U+0401 "Ё" */
    0xf, 0x1e, 0x3, 0xc7, 0x80, 0xf1, 0xe0, 0x3c,
    0x78, 0x0, 0x0, 0x0, 0x0, 0x0, 0x0, 0x3,
    0xff, 0xff, 0xff, 0xff, 0xff, 0xff, 0xff, 0x0,
    0x3, 0xc0, 0x0, 0xf0, 0x0, 0x3c, 0x0, 0xf,
    0x0, 0x3, 0xc0, 0x0, 0xf0, 0x0, 0x3c, 0x0,
    0xf, 0x0, 0x3, 0xc0, 0x0, 0xff, 0xff, 0xbf,
    0xff, 0xef, 0xff, 0xfb, 0xc0, 0x0, 0xf0, 0x0,
    0x3c, 0x0, 0xf, 0x0, 0x3, 0xc0, 0x0, 0xf0,
    0x0, 0x3c, 0x0, 0xf, 0x0, 0x3, 0xc0, 0x0,
    0xf0, 0x0, 0x3c, 0x0, 0xf, 0xff, 0xff, 0xff,
    0xff, 0xff, 0xff, 0xc0,

    /* U+0402 "Ђ" */
    0xff, 0xff, 0xc0, 0xff, 0xff, 0xc0, 0xff, 0xff,
    0xc0, 0x7, 0x80, 0x0, 0x7, 0x80, 0x0, 0x7,
    0x80, 0x0, 0x7, 0x80, 0x0, 0x7, 0x80, 0x0,
    0x7, 0x80, 0x0, 0x7, 0x80, 0x0, 0x7, 0x80,
    0x0, 0x7, 0x80, 0x0, 0x7, 0x8f, 0xf0, 0x7,
    0xbf, 0xfc, 0x7, 0xff, 0xfe, 0x7, 0xf8, 0x3e,
    0x7, 0xe0, 0x1e, 0x7, 0xc0, 0x1f, 0x7, 0x80,
    0xf, 0x7, 0x80, 0xf, 0x7, 0x80, 0xf, 0x7,
    0x80, 0xf, 0x7, 0x80, 0xf, 0x7, 0x80, 0xf,
    0x7, 0x80, 0xf, 0x7, 0x80, 0xf, 0x7, 0x80,
    0xf, 0x7, 0x80, 0xf, 0x7, 0x80, 0xf, 0x7,
    0x80, 0xf, 0x0, 0x0, 0xf, 0x0, 0x0, 0xf,
    0x0, 0x0, 0xf, 0x0, 0x0, 0x1f, 0x0, 0x0,
    0x1e, 0x0, 0x0, 0x3e, 0x0, 0x7, 0xfc, 0x0,
    0x7, 0xf8, 0x0, 0x7, 0xe0,

    /* U+0403 "Ѓ" */
    0x0, 0x3c, 0x0, 0xf, 0x0, 0x1, 0xc0, 0x0,
    0x70, 0x0, 0x1c, 0x0, 0x0, 0x0, 0x0, 0x0,
    0x7, 0xff, 0xff, 0xff, 0xff, 0xff, 0xff, 0xff,
    0xc0, 0x0, 0x78, 0x0, 0xf, 0x0, 0x1, 0xe0,
    0x0, 0x3c, 0x0, 0x7, 0x80, 0x0, 0xf0, 0x0,
    0x1e, 0x0, 0x3, 0xc0, 0x0, 0x78, 0x0, 0xf,
    0x0, 0x1, 0xe0, 0x0, 0x3c, 0x0, 0x7, 0x80,
    0x0, 0xf0, 0x0, 0x1e, 0x0, 0x3, 0xc0, 0x0,
    0x78, 0x0, 0xf, 0x0, 0x1, 0xe0, 0x0, 0x3c,
    0x0, 0x7, 0x80, 0x0, 0xf0, 0x0, 0x1e, 0x0,
    0x3, 0xc0, 0x0, 0x78, 0x0, 0xf, 0x0, 0x0,

    /* U+0404 "Є" */
    0x0, 0x0, 0x0, 0x3f, 0xf0, 0x1f, 0xff, 0x87,
    0xff, 0xf1, 0xf0, 0xe, 0x3c, 0x0, 0x4f, 0x0,
    0x3, 0xc0, 0x0, 0x78, 0x0, 0xf, 0x0, 0x1,
    0xe0, 0x0, 0x78, 0x0, 0xf, 0x0, 0x1, 0xe0,
    0x0, 0x3f, 0xff, 0xe7, 0xff, 0xfc, 0xff, 0xff,
    0x9e, 0x0, 0x3, 0xc0, 0x0, 0x78, 0x0, 0xf,
    0x0, 0x0, 0xe0, 0x0, 0x1e, 0x0, 0x3, 0xc0,
    0x0, 0x7c, 0x0, 0x7, 0x80, 0x0, 0xf8, 0x0,
    0x8f, 0x80, 0x70, 0xff, 0xfe, 0xf, 0xff, 0xc0,
    0x7f, 0xe0, 0x0, 0x80,

    /* U+0405 "Ѕ" */
    0x0, 0x0, 0x0, 0xff, 0xe0, 0x7f, 0xfe, 0x1f,
    0xff, 0xc7, 0xc0, 0x18, 0xf0, 0x0, 0x3c, 0x0,
    0x7, 0x80, 0x0, 0xf0, 0x0, 0x1e, 0x0, 0x3,
    0xc0, 0x0, 0x7c, 0x0, 0x7, 0xe0, 0x0, 0xff,
    0x80, 0xf, 0xfe, 0x0, 0xff, 0xf0, 0x7, 0xff,
    0x80, 0x1f, 0xf8, 0x0, 0x3f, 0x0, 0x3, 0xf0,
    0x0, 0x3e, 0x0, 0x3, 0xc0, 0x0, 0x78, 0x0,
    0xf, 0x0, 0x1, 0xe0, 0x0, 0x3f, 0x0, 0xf,
    0x78, 0x3, 0xef, 0xff, 0xf9, 0xff, 0xfe, 0xf,
    0xff, 0x0, 0x6, 0x0,

    /* U+0406 "І" */
    0xff, 0xff, 0xff, 0xff, 0xff, 0xff, 0xe0, 0x78,
    0x0, 0x3c, 0x0, 0x1e, 0x0, 0xf, 0x0, 0x7,
    0x80, 0x3, 0xc0, 0x1, 0xe0, 0x0, 0xf0, 0x0,
    0x78, 0x0, 0x3c, 0x0, 0x1e, 0x0, 0xf, 0x0,
    0x7, 0x80, 0x3, 0xc0, 0x1, 0xe0, 0x0, 0xf0,
    0x0, 0x78, 0x0, 0x3c, 0x0, 0x1e, 0x0, 0xf,
    0x0, 0x7, 0x80, 0x3, 0xc0, 0x1, 0xe0, 0x0,
    0xf0, 0x1f, 0xff, 0xff, 0xff, 0xff, 0xff, 0xfc,

    /* U+0407 "Ї" */
    0x3c, 0x3c, 0x1e, 0x1e, 0xf, 0xf, 0x7, 0x87,
    0x80, 0x0, 0x0, 0x0, 0x0, 0x0, 0x1, 0xff,
    0xff, 0xff, 0xff, 0xff, 0xff, 0xc0, 0xf0, 0x0,
    0x78, 0x0, 0x3c, 0x0, 0x1e, 0x0, 0xf, 0x0,
    0x7, 0x80, 0x3, 0xc0, 0x1, 0xe0, 0x0, 0xf0,
    0x0, 0x78, 0x0, 0x3c, 0x0, 0x1e, 0x0, 0xf,
    0x0, 0x7, 0x80, 0x3, 0xc0, 0x1, 0xe0, 0x0,
    0xf0, 0x0, 0x78, 0x0, 0x3c, 0x0, 0x1e, 0x0,
    0xf, 0x0, 0x7, 0x80, 0x3, 0xc0, 0x1, 0xe0,
    0x3f, 0xff, 0xff, 0xff, 0xff, 0xff, 0xf8,

    /* U+0408 "Ј" */
    0x7, 0xff, 0x83, 0xff, 0xc1, 0xff, 0xe0, 0x0,
    0xf0, 0x0, 0x78, 0x0, 0x3c, 0x0, 0x1e, 0x0,
    0xf, 0x0, 0x7, 0x80, 0x3, 0xc0, 0x1, 0xe0,
    0x0, 0xf0, 0x0, 0x78, 0x0, 0x3c, 0x0, 0x1e,
    0x0, 0xf, 0x0, 0x7, 0x80, 0x3, 0xc0, 0x1,
    0xe0, 0x0, 0xf0, 0x0, 0x78, 0x0, 0x3c, 0x0,
    0x1e, 0x0, 0xf, 0x0, 0x7, 0xe0, 0x7, 0xb8,
    0x7, 0xdf, 0xff, 0xcf, 0xff, 0xe1, 0xff, 0xc0,
    0x6, 0x0,

    /* U+0409 "Љ" */
    0x7, 0xff, 0x0, 0x3, 0xff, 0x80, 0x1, 0xff,
    0xc0, 0x0, 0xf1, 0xe0, 0x0, 0x78, 0xf0, 0x0,
    0x3c, 0x78, 0x0, 0x1e, 0x3c, 0x0, 0xf, 0x1e,
    0x0, 0x7, 0x8f, 0x0, 0x3, 0xc7, 0x80, 0x1,
    0xe3, 0xc0, 0x0, 0xf1, 0xe0, 0x0, 0x78, 0xfe,
    0x0, 0x3c, 0x7f, 0xc0, 0x1e, 0x3f, 0xf0, 0xf,
    0x1e, 0x7c, 0x7, 0x8f, 0xf, 0x3, 0xc7, 0x87,
    0x81, 0xe3, 0xc1, 0xe0, 0xf1, 0xe0, 0xf0, 0x78,
    0xf0, 0x78, 0x3c, 0x78, 0x3c, 0x1c, 0x3c, 0x1e,
    0xe, 0x1e, 0xf, 0xf, 0xf, 0xf, 0x7, 0x87,
    0x87, 0x87, 0x83, 0xcf, 0x9f, 0xc1, 0xff, 0x8f,
    0xc0, 0xff, 0x87, 0x0, 0x7f, 0x0,

    /* U+040A "Њ" */
    0xf0, 0x1e, 0x0, 0xf0, 0x1e, 0x0, 0xf0, 0x1e,
    0x0, 0xf0, 0x1e, 0x0, 0xf0, 0x1e, 0x0, 0xf0,
    0x1e, 0x0, 0xf0, 0x1e, 0x0, 0xf0, 0x1e, 0x0,
    0xf0, 0x1e, 0x0, 0xf0, 0x1e, 0x0, 0xf0, 0x1e,
    0x0, 0xf0, 0x1e, 0x0, 0xf0, 0x1f, 0xe0, 0xff,
    0xff, 0xf8, 0xff, 0xff, 0xfc, 0xff, 0xfe, 0x7e,
    0xf0, 0x1e, 0x1e, 0xf0, 0x1e, 0x1f, 0xf0, 0x1e,
    0xf, 0xf0, 0x1e, 0xf, 0xf0, 0x1e, 0xf, 0xf0,
    0x1e, 0xf, 0xf0, 0x1e, 0xf, 0xf0, 0x1e, 0xf,
    0xf0, 0x1e, 0x1e, 0xf0, 0x1e, 0x1e, 0xf0, 0x1e,
    0x7c, 0xf0, 0x1f, 0xfc, 0xf0, 0x1f, 0xf0, 0xf0,
    0x1f, 0xc0,

    /* U+040B "Ћ" */
    0xff, 0xff, 0x81, 0xff, 0xff, 0x3, 0xff, 0xfe,
    0x0, 0x78, 0x0, 0x0, 0xf0, 0x0, 0x1, 0xe0,
    0x0, 0x3, 0xc0, 0x0, 0x7, 0x80, 0x0, 0xf,
    0x0, 0x0, 0x1e, 0x0, 0x0, 0x3c, 0x0, 0x0,
    0x78, 0x0, 0x0, 0xf1, 0xfe, 0x1, 0xef, 0xff,
    0x3, 0xff, 0xff, 0x7, 0xf8, 0x3e, 0xf, 0xc0,
    0x3c, 0x1f, 0x0, 0x7c, 0x3c, 0x0, 0x78, 0x78,
    0x0, 0xf0, 0xf0, 0x1, 0xe1, 0xe0, 0x3, 0xc3,
    0xc0, 0x7, 0x87, 0x80, 0xf, 0xf, 0x0, 0x1e,
    0x1e, 0x0, 0x3c, 0x3c, 0x0, 0x78, 0x78, 0x0,
    0xf0, 0xf0, 0x1, 0xe1, 0xe0, 0x3, 0xc0,

    /* U+040C "Ќ" */
    0x0, 0x1c, 0x0, 0x0, 0xf0, 0x0, 0x7, 0x80,
    0x0, 0x3c, 0x0, 0x0, 0xe0, 0x0, 0x0, 0x0,
    0x0, 0x0, 0x0, 0x3c, 0x0, 0x3e, 0xf0, 0x1,
    0xf3, 0xc0, 0xf, 0x8f, 0x0, 0x7c, 0x3c, 0x3,
    0xe0, 0xf0, 0x1f, 0x3, 0xc0, 0xf8, 0xf, 0x3,
    0xc0, 0x3c, 0x1e, 0x0, 0xf0, 0xf0, 0x3, 0xc7,
    0x80, 0xf, 0x3c, 0x0, 0x3d, 0xf0, 0x0, 0xff,
    0xe0, 0x3, 0xff, 0x80, 0xf, 0xff, 0x0, 0x3f,
    0x3e, 0x0, 0xf8, 0x78, 0x3, 0xc1, 0xf0, 0xf,
    0x3, 0xe0, 0x3c, 0x7, 0x80, 0xf0, 0x1f, 0x3,
    0xc0, 0x3e, 0xf, 0x0, 0x78, 0x3c, 0x1, 0xf0,
    0xf0, 0x3, 0xe3, 0xc0, 0x7, 0x8f, 0x0, 0x1f,
    0x3c, 0x0, 0x3e, 0xf0, 0x0, 0xf8,

    /* U+040D "Ѝ" */
    0x7, 0x80, 0x0, 0x78, 0x0, 0x7, 0x0, 0x0,
    0x70, 0x0, 0x7, 0x0, 0x0, 0x0, 0x0, 0x0,
    0x7, 0x80, 0x1f, 0xf0, 0x7, 0xfe, 0x0, 0xff,
    0xc0, 0x3f, 0xf8, 0x7, 0xff, 0x0, 0xff, 0xe0,
    0x3f, 0xfc, 0x7, 0x7f, 0x81, 0xef, 0xf0, 0x39,
    0xfe, 0x7, 0x3f, 0xc1, 0xe7, 0xf8, 0x38, 0xff,
    0xf, 0x1f, 0xe1, 0xc3, 0xfc, 0x38, 0x7f, 0x8f,
    0xf, 0xf1, 0xc1, 0xfe, 0x78, 0x3f, 0xce, 0x7,
    0xf9, 0xc0, 0xff, 0x78, 0x1f, 0xee, 0x3, 0xff,
    0xc0, 0x7f, 0xf0, 0xf, 0xfe, 0x1, 0xff, 0xc0,
    0x3f, 0xf0, 0x7, 0xfe, 0x0, 0xff, 0x80, 0x1e,

    /* U+040E "Ў" */
    0xe, 0x3, 0x80, 0x38, 0x3c, 0x1, 0xff, 0xc0,
    0x7, 0xfc, 0x0, 0x1f, 0xc0, 0x0, 0x0, 0x0,
    0x0, 0x0, 0xf, 0x0, 0xf, 0x78, 0x0, 0x7b,
    0xe0, 0x7, 0x8f, 0x0, 0x3c, 0x78, 0x3, 0xe1,
    0xe0, 0x1e, 0xf, 0x0, 0xf0, 0x7c, 0xf, 0x81,
    0xe0, 0x78, 0xf, 0x3, 0xc0, 0x7c, 0x3c, 0x1,
    0xe1, 0xe0, 0xf, 0xf, 0x0, 0x3c, 0xf0, 0x1,
    0xe7, 0x80, 0xf, 0x78, 0x0, 0x3f, 0xc0, 0x1,
    0xfe, 0x0, 0x7, 0xe0, 0x0, 0x3f, 0x0, 0x1,
    0xf8, 0x0, 0x7, 0x80, 0x0, 0x3c, 0x0, 0x3,
    0xc0, 0x0, 0x1e, 0x0, 0x1, 0xe0, 0x0, 0x1f,
    0x0, 0xf, 0xf0, 0x0, 0x7f, 0x0, 0x3, 0xf0,
    0x0, 0x0,

    /* U+040F "Џ" */
    0xf0, 0x1, 0xfe, 0x0, 0x3f, 0xc0, 0x7, 0xf8,
    0x0, 0xff, 0x0, 0x1f, 0xe0, 0x3, 0xfc, 0x0,
    0x7f, 0x80, 0xf, 0xf0, 0x1, 0xfe, 0x0, 0x3f,
    0xc0, 0x7, 0xf8, 0x0, 0xff, 0x0, 0x1f, 0xe0,
    0x3, 0xfc, 0x0, 0x7f, 0x80, 0xf, 0xf0, 0x1,
    0xfe, 0x0, 0x3f, 0xc0, 0x7, 0xf8, 0x0, 0xff,
    0x0, 0x1f, 0xe0, 0x3, 0xfc, 0x0, 0x7f, 0x80,
    0xf, 0xf0, 0x1, 0xfe, 0x0, 0x3f, 0xc0, 0x7,
    0xff, 0xff, 0xff, 0xff, 0xff, 0xff, 0xff, 0xc0,
    0x3c, 0x0, 0x7, 0x80, 0x0, 0xf0, 0x0, 0x1e,
    0x0, 0x3, 0xc0, 0x0, 0x78, 0x0, 0xf, 0x0,

    /* U+0410 "А" */
    0x0, 0x7c, 0x0, 0x1, 0xf8, 0x0, 0x3, 0xf8,
    0x0, 0x7, 0xf0, 0x0, 0xe, 0xe0, 0x0, 0x3d,
    0xc0, 0x0, 0x7b, 0xc0, 0x0, 0xe7, 0x80, 0x3,
    0xc7, 0x0, 0x7, 0x8f, 0x0, 0xe, 0x1e, 0x0,
    0x3c, 0x1c, 0x0, 0x78, 0x3c, 0x0, 0xf0, 0x78,
    0x3, 0xc0, 0xf0, 0x7, 0x80, 0xf0, 0xf, 0x1,
    0xe0, 0x1c, 0x3, 0xc0, 0x78, 0x7, 0x80, 0xff,
    0xff, 0x81, 0xff, 0xff, 0x7, 0xff, 0xfe, 0xf,
    0x0, 0x1e, 0x1e, 0x0, 0x3c, 0x78, 0x0, 0x78,
    0xf0, 0x0, 0x79, 0xe0, 0x0, 0xf7, 0xc0, 0x1,
    0xef, 0x0, 0x3, 0xde, 0x0, 0x3, 0xc0,

    /* U+0411 "Б" */
    0xff, 0xff, 0xdf, 0xff, 0xfb, 0xff, 0xff, 0x78,
    0x0, 0xf, 0x0, 0x1, 0xe0, 0x0, 0x3c, 0x0,
    0x7, 0x80, 0x0, 0xf0, 0x0, 0x1e, 0x0, 0x3,
    0xc0, 0x0, 0x78, 0x0, 0xf, 0x0, 0x1, 0xff,
    0xf0, 0x3f, 0xff, 0xc7, 0xff, 0xfc, 0xf0, 0xf,
    0xde, 0x0, 0x7b, 0xc0, 0xf, 0xf8, 0x0, 0xff,
    0x0, 0x1f, 0xe0, 0x3, 0xfc, 0x0, 0x7f, 0x80,
    0xf, 0xf0, 0x3, 0xfe, 0x0, 0x7b, 0xc0, 0x3f,
    0x7f, 0xff, 0xcf, 0xff, 0xf1, 0xff, 0xf0, 0x0,

    /* U+0412 "В" */
    0xff, 0xf8, 0x1f, 0xff, 0xc3, 0xff, 0xfc, 0x78,
    0x7, 0xcf, 0x0, 0x79, 0xe0, 0x7, 0xbc, 0x0,
    0xf7, 0x80, 0x1e, 0xf0, 0x3, 0xde, 0x0, 0x7b,
    0xc0, 0xf, 0x78, 0x3, 0xcf, 0x1, 0xf9, 0xff,
    0xfe, 0x3f, 0xfe, 0x7, 0xff, 0xf8, 0xf0, 0xf,
    0x9e, 0x0, 0x7b, 0xc0, 0xf, 0x78, 0x0, 0xff,
    0x0, 0x1f, 0xe0, 0x3, 0xfc, 0x0, 0x7f, 0x80,
    0xf, 0xf0, 0x3, 0xfe, 0x0, 0x7b, 0xc0, 0x3f,
    0x7f, 0xff, 0xcf, 0xff, 0xf1, 0xff, 0xf0, 0x0,

    /* U+0413 "Г" */
    0xff, 0xff, 0xff, 0xff, 0xff, 0xff, 0xff, 0xf8,
    0x0, 0xf, 0x0, 0x1, 0xe0, 0x0, 0x3c, 0x0,
    0x7, 0x80, 0x0, 0xf0, 0x0, 0x1e, 0x0, 0x3,
    0xc0, 0x0, 0x78, 0x0, 0xf, 0x0, 0x1, 0xe0,
    0x0, 0x3c, 0x0, 0x7, 0x80, 0x0, 0xf0, 0x0,
    0x1e, 0x0, 0x3, 0xc0, 0x0, 0x78, 0x0, 0xf,
    0x0, 0x1, 0xe0, 0x0, 0x3c, 0x0, 0x7, 0x80,
    0x0, 0xf0, 0x0, 0x1e, 0x0, 0x3, 0xc0, 0x0,
    0x78, 0x0, 0xf, 0x0, 0x1, 0xe0, 0x0, 0x0,

    /* U+0414 "Д" */
    0xf, 0xff, 0xf8, 0xf, 0xff, 0xf8, 0xf, 0xff,
    0xf8, 0xf, 0x0, 0x78, 0xf, 0x0, 0x78, 0xf,
    0x0, 0x78, 0xf, 0x0, 0x78, 0xf, 0x0, 0x78,
    0xf, 0x0, 0x78, 0xf, 0x0, 0x78, 0xf, 0x0,
    0x78, 0xf, 0x0, 0x78, 0xf, 0x0, 0x78, 0xf,
    0x0, 0x78, 0xf, 0x0, 0x78, 0xf, 0x0, 0x78,
    0xf, 0x0, 0x78, 0xf, 0x0, 0x78, 0xf, 0x0,
    0x78, 0xf, 0x0, 0x78, 0xf, 0x0, 0x78, 0x1f,
    0x0, 0x78, 0x1e, 0x0, 0x78, 0x1e, 0x0, 0x78,
    0x1e, 0x0, 0x78, 0x1e, 0x0, 0x78, 0x3e, 0x0,
    0x78, 0xff, 0xff, 0xff, 0xff, 0xff, 0xff, 0xff,
    0xff, 0xff, 0xf0, 0x0, 0xf, 0xf0, 0x0, 0xf,
    0xf0, 0x0, 0xf, 0xf0, 0x0, 0xf, 0xf0, 0x0,
    0xf, 0xf0, 0x0, 0xf, 0xf0, 0x0, 0xf,

    /* U+0415 "Е" */
    0xff, 0xff, 0xff, 0xff, 0xff, 0xff, 0xff, 0xc0,
    0x0, 0xf0, 0x0, 0x3c, 0x0, 0xf, 0x0, 0x3,
    0xc0, 0x0, 0xf0, 0x0, 0x3c, 0x0, 0xf, 0x0,
    0x3, 0xc0, 0x0, 0xf0, 0x0, 0x3f, 0xff, 0xef,
    0xff, 0xfb, 0xff, 0xfe, 0xf0, 0x0, 0x3c, 0x0,
    0xf, 0x0, 0x3, 0xc0, 0x0, 0xf0, 0x0, 0x3c,
    0x0, 0xf, 0x0, 0x3, 0xc0, 0x0, 0xf0, 0x0,
    0x3c, 0x0, 0xf, 0x0, 0x3, 0xff, 0xff, 0xff,
    0xff, 0xff, 0xff, 0xf0,

    /* U+0416 "Ж" */
    0xf8, 0x3c, 0x1f, 0x78, 0x3c, 0x1e, 0x78, 0x3c,
    0x3e, 0x3c, 0x3c, 0x3c, 0x3c, 0x3c, 0x3c, 0x1e,
    0x3c, 0x78, 0x1e, 0x3c, 0x78, 0xf, 0x3c, 0xf0,
    0xf, 0x3c, 0xf0, 0x7, 0xbd, 0xe0, 0x7, 0xbd,
    0xe0, 0x3, 0xff, 0xc0, 0x3, 0xff, 0xc0, 0x7,
    0xff, 0xe0, 0x7, 0xff, 0xe0, 0x7, 0xff, 0xe0,
    0xf, 0xff, 0xf0, 0xf, 0xff, 0xf0, 0xf, 0x7e,
    0xf0, 0x1e, 0x7e, 0x78, 0x1e, 0x3c, 0x78, 0x1e,
    0x3c, 0x78, 0x3c, 0x3c, 0x3c, 0x3c, 0x3c, 0x3c,
    0x3c, 0x3c, 0x3c, 0x78, 0x3c, 0x1e, 0x78, 0x3c,
    0x1e, 0x78, 0x3c, 0x1e, 0xf0, 0x3c, 0xf, 0xf0,
    0x3c, 0xf,

    /* U+0417 "З" */
    0x0, 0x0, 0xf, 0xff, 0x81, 0xff, 0xf8, 0x3f,
    0xff, 0x86, 0x0, 0xf8, 0x0, 0xf, 0x80, 0x0,
    0xf0, 0x0, 0x1e, 0x0, 0x3, 0xc0, 0x0, 0x78,
    0x0, 0x1f, 0x0, 0x3, 0xc0, 0x1, 0xf0, 0xf,
    0xfc, 0x1, 0xfe, 0x0, 0x3f, 0xf0, 0x0, 0x1f,
    0x80, 0x0, 0xf8, 0x0, 0xf, 0x0, 0x1, 0xf0,
    0x0, 0x1e, 0x0, 0x3, 0xc0, 0x0, 0x78, 0x0,
    0xf, 0x0, 0x1, 0xe0, 0x0, 0x7e, 0x0, 0xf,
    0x70, 0x7, 0xef, 0xff, 0xf9, 0xff, 0xfe, 0x1f,
    0xff, 0x0, 0xc, 0x0,

    /* U+0418 "И" */
    0xf0, 0x3, 0xfe, 0x0, 0xff, 0xc0, 0x1f, 0xf8,
    0x7, 0xff, 0x0, 0xff, 0xe0, 0x1f, 0xfc, 0x7,
    0xff, 0x80, 0xef, 0xf0, 0x3d, 0xfe, 0x7, 0x3f,
    0xc0, 0xe7, 0xf8, 0x3c, 0xff, 0x7, 0x1f, 0xe1,
    0xe3, 0xfc, 0x38, 0x7f, 0x87, 0xf, 0xf1, 0xe1,
    0xfe, 0x38, 0x3f, 0xcf, 0x7, 0xf9, 0xc0, 0xff,
    0x38, 0x1f, 0xef, 0x3, 0xfd, 0xc0, 0x7f, 0xf8,
    0xf, 0xfe, 0x1, 0xff, 0xc0, 0x3f, 0xf8, 0x7,
    0xfe, 0x0, 0xff, 0xc0, 0x1f, 0xf0, 0x3, 0xc0,

    /* U+0419 "Й" */
    0x1c, 0x7, 0x1, 0xc1, 0xc0, 0x3f, 0xf8, 0x3,
    0xfe, 0x0, 0x3f, 0x80, 0x0, 0x0, 0x0, 0x0,
    0x7, 0x80, 0x1f, 0xf0, 0x7, 0xfe, 0x0, 0xff,
    0xc0, 0x3f, 0xf8, 0x7, 0xff, 0x0, 0xff, 0xe0,
    0x3f, 0xfc, 0x7, 0x7f, 0x81, 0xef, 0xf0, 0x39,
    0xfe, 0x7, 0x3f, 0xc1, 0xe7, 0xf8, 0x38, 0xff,
    0xf, 0x1f, 0xe1, 0xc3, 0xfc, 0x38, 0x7f, 0x8f,
    0xf, 0xf1, 0xc1, 0xfe, 0x78, 0x3f, 0xce, 0x7,
    0xf9, 0xc0, 0xff, 0x78, 0x1f, 0xee, 0x3, 0xff,
    0xc0, 0x7f, 0xf0, 0xf, 0xfe, 0x1, 0xff, 0xc0,
    0x3f, 0xf0, 0x7, 0xfe, 0x0, 0xff, 0x80, 0x1e,

    /* U+041A "К" */
    0xf0, 0x0, 0xfb, 0xc0, 0x7, 0xcf, 0x0, 0x3e,
    0x3c, 0x1, 0xf0, 0xf0, 0xf, 0x83, 0xc0, 0x7c,
    0xf, 0x3, 0xe0, 0x3c, 0xf, 0x0, 0xf0, 0x78,
    0x3, 0xc3, 0xc0, 0xf, 0x1e, 0x0, 0x3c, 0xf0,
    0x0, 0xf7, 0xc0, 0x3, 0xff, 0x80, 0xf, 0xfe,
    0x0, 0x3f, 0xfc, 0x0, 0xfc, 0xf8, 0x3, 0xe1,
    0xe0, 0xf, 0x7, 0xc0, 0x3c, 0xf, 0x80, 0xf0,
    0x1e, 0x3, 0xc0, 0x7c, 0xf, 0x0, 0xf8, 0x3c,
    0x1, 0xe0, 0xf0, 0x7, 0xc3, 0xc0, 0xf, 0x8f,
    0x0, 0x1e, 0x3c, 0x0, 0x7c, 0xf0, 0x0, 0xfb,
    0xc0, 0x3, 0xe0,

    /* U+041B "Л" */
    0x3, 0xff, 0xfc, 0xf, 0xff, 0xf0, 0x3f, 0xff,
    0xc0, 0xf0, 0xf, 0x3, 0xc0, 0x3c, 0xf, 0x0,
    0xf0, 0x3c, 0x3, 0xc0, 0xf0, 0xf, 0x3, 0xc0,
    0x3c, 0xf, 0x0, 0xf0, 0x3c, 0x3, 0xc0, 0xf0,
    0xf, 0x3, 0xc0, 0x3c, 0xf, 0x0, 0xf0, 0x3c,
    0x3, 0xc0, 0xf0, 0xf, 0x3, 0xc0, 0x3c, 0xf,
    0x0, 0xf0, 0x3c, 0x3, 0xc0, 0xf0, 0xf, 0x3,
    0xc0, 0x3c, 0xf, 0x0, 0xf0, 0x3c, 0x3, 0xc0,
    0xf0, 0xf, 0x7, 0x80, 0x3c, 0x1e, 0x0, 0xf1,
    0xf0, 0x3, 0xff, 0xc0, 0xf, 0xfe, 0x0, 0x3f,
    0xc0, 0x0, 0xf0,

    /* U+041C "М" */
    0xfc, 0x1, 0xff, 0xe0, 0xf, 0xff, 0x0, 0x7f,
    0xfc, 0x7, 0xff, 0xe0, 0x3f, 0xfb, 0x1, 0xbf,
    0xdc, 0x1d, 0xfe, 0xe0, 0xef, 0xf3, 0x6, 0x7f,
    0x9c, 0x73, 0xfc, 0xe3, 0x9f, 0xe3, 0x18, 0xff,
    0x1d, 0xc7, 0xf8, 0xee, 0x3f, 0xc3, 0x71, 0xfe,
    0x1f, 0xf, 0xf0, 0xf8, 0x7f, 0x87, 0xc3, 0xfc,
    0x1c, 0x1f, 0xe0, 0x0, 0xff, 0x0, 0x7, 0xf8,
    0x0, 0x3f, 0xc0, 0x1, 0xfe, 0x0, 0xf, 0xf0,
    0x0, 0x7f, 0x80, 0x3, 0xfc, 0x0, 0x1f, 0xe0,
    0x0, 0xff, 0x0, 0x7, 0xf8, 0x0, 0x3c,

    /* U+041D "Н" */
    0xf0, 0x1, 0xfe, 0x0, 0x3f, 0xc0, 0x7, 0xf8,
    0x0, 0xff, 0x0, 0x1f, 0xe0, 0x3, 0xfc, 0x0,
    0x7f, 0x80, 0xf, 0xf0, 0x1, 0xfe, 0x0, 0x3f,
    0xc0, 0x7, 0xf8, 0x0, 0xff, 0x0, 0x1f, 0xff,
    0xff, 0xff, 0xff, 0xff, 0xff, 0xff, 0xf0, 0x1,
    0xfe, 0x0, 0x3f, 0xc0, 0x7, 0xf8, 0x0, 0xff,
    0x0, 0x1f, 0xe0, 0x3, 0xfc, 0x0, 0x7f, 0x80,
    0xf, 0xf0, 0x1, 0xfe, 0x0, 0x3f, 0xc0, 0x7,
    0xf8, 0x0, 0xff, 0x0, 0x1f, 0xe0, 0x3, 0xc0,

    /* U+041E "О" */
    0x0, 0x0, 0x0, 0x3f, 0xc0, 0xf, 0xff, 0x1,
    0xff, 0xf8, 0x3e, 0x7, 0xc3, 0xc0, 0x3c, 0x78,
    0x1, 0xe7, 0x80, 0x1e, 0x78, 0x1, 0xe7, 0x0,
    0xe, 0xf0, 0x0, 0xff, 0x0, 0xf, 0xf0, 0x0,
    0xff, 0x0, 0xf, 0xf0, 0x0, 0xff, 0x0, 0xf,
    0xf0, 0x0, 0xff, 0x0, 0xf, 0xf0, 0x0, 0xff,
    0x0, 0xf, 0xf0, 0x0, 0xff, 0x0, 0xf, 0x78,
    0x0, 0xe7, 0x80, 0x1e, 0x78, 0x1, 0xe7, 0x80,
    0x1e, 0x3c, 0x3, 0xc3, 0xe0, 0x7c, 0x1f, 0xff,
    0x80, 0xff, 0xf0, 0x7, 0xfc, 0x0, 0x6, 0x0,

    /* U+041F "П" */
    0xff, 0xff, 0xff, 0xff, 0xff, 0xff, 0xff, 0xf8,
    0x0, 0xff, 0x0, 0x1f, 0xe0, 0x3, 0xfc, 0x0,
    0x7f, 0x80, 0xf, 0xf0, 0x1, 0xfe, 0x0, 0x3f,
    0xc0, 0x7, 0xf8, 0x0, 0xff, 0x0, 0x1f, 0xe0,
    0x3, 0xfc, 0x0, 0x7f, 0x80, 0xf, 0xf0, 0x1,
    0xfe, 0x0, 0x3f, 0xc0, 0x7, 0xf8, 0x0, 0xff,
    0x0, 0x1f, 0xe0, 0x3, 0xfc, 0x0, 0x7f, 0x80,
    0xf, 0xf0, 0x1, 0xfe, 0x0, 0x3f, 0xc0, 0x7,
    0xf8, 0x0, 0xff, 0x0, 0x1f, 0xe0, 0x3, 0xc0,

    /* U+0420 "Р" */
    0xff, 0xf8, 0x1f, 0xff, 0xc3, 0xff, 0xfe, 0x78,
    0x7, 0xef, 0x0, 0x7d, 0xe0, 0x7, 0xfc, 0x0,
    0x7f, 0x80, 0xf, 0xf0, 0x1, 0xfe, 0x0, 0x3f,
    0xc0, 0x7, 0xf8, 0x0, 0xff, 0x0, 0x3d, 0xe0,
    0xf, 0xbc, 0x3, 0xf7, 0xff, 0xfc, 0xff, 0xfe,
    0x1f, 0xff, 0x3, 0xc0, 0x0, 0x78, 0x0, 0xf,
    0x0, 0x1, 0xe0, 0x0, 0x3c, 0x0, 0x7, 0x80,
    0x0, 0xf0, 0x0, 0x1e, 0x0, 0x3, 0xc0, 0x0,
    0x78, 0x0, 0xf, 0x0, 0x1, 0xe0, 0x0, 0x0,

    /* U+0421 "С" */
    0x0, 0x0, 0x0, 0x3f, 0xf0, 0x1f, 0xff, 0x87,
    0xff, 0xf1, 0xf0, 0xe, 0x3c, 0x0, 0x4f, 0x0,
    0x3, 0xc0, 0x0, 0x78, 0x0, 0xf, 0x0, 0x1,
    0xe0, 0x0, 0x78, 0x0, 0xf, 0x0, 0x1, 0xe0,
    0x0, 0x3c, 0x0, 0x7, 0x80, 0x0, 0xf0, 0x0,
    0x1e, 0x0, 0x3, 0xc0, 0x0, 0x78, 0x0, 0xf,
    0x0, 0x0, 0xe0, 0x0, 0x1e, 0x0, 0x3, 0xc0,
    0x0, 0x78, 0x0, 0x7, 0x80, 0x0, 0xf8, 0x0,
    0x8f, 0x80, 0x70, 0xff, 0xfe, 0xf, 0xff, 0xc0,
    0x7f, 0xe0, 0x0, 0x80,

    /* U+0422 "Т" */
    0xff, 0xff, 0xff, 0xff, 0xff, 0xff, 0xff, 0xff,
    0xf8, 0x3, 0xc0, 0x0, 0x7, 0x80, 0x0, 0xf,
    0x0, 0x0, 0x1e, 0x0, 0x0, 0x3c, 0x0, 0x0,
    0x78, 0x0, 0x0, 0xf0, 0x0, 0x1, 0xe0, 0x0,
    0x3, 0xc0, 0x0, 0x7, 0x80, 0x0, 0xf, 0x0,
    0x0, 0x1e, 0x0, 0x0, 0x3c, 0x0, 0x0, 0x78,
    0x0, 0x0, 0xf0, 0x0, 0x1, 0xe0, 0x0, 0x3,
    0xc0, 0x0, 0x7, 0x80, 0x0, 0xf, 0x0, 0x0,
    0x1e, 0x0, 0x0, 0x3c, 0x0, 0x0, 0x78, 0x0,
    0x0, 0xf0, 0x0, 0x1, 0xe0, 0x0, 0x3, 0xc0,
    0x0, 0x7, 0x80, 0x0, 0xf, 0x0, 0x0,

    /* U+0423 "У" */
    0x78, 0x0, 0x7b, 0xc0, 0x3, 0xdf, 0x0, 0x3c,
    0x78, 0x1, 0xe3, 0xc0, 0x1f, 0xf, 0x0, 0xf0,
    0x78, 0x7, 0x83, 0xe0, 0x7c, 0xf, 0x3, 0xc0,
    0x78, 0x1e, 0x3, 0xe1, 0xe0, 0xf, 0xf, 0x0,
    0x78, 0x78, 0x1, 0xe7, 0x80, 0xf, 0x3c, 0x0,
    0x7b, 0xc0, 0x1, 0xfe, 0x0, 0xf, 0xf0, 0x0,
    0x3f, 0x0, 0x1, 0xf8, 0x0, 0xf, 0xc0, 0x0,
    0x3c, 0x0, 0x1, 0xe0, 0x0, 0x1e, 0x0, 0x0,
    0xf0, 0x0, 0xf, 0x0, 0x0, 0xf8, 0x0, 0x7f,
    0x80, 0x3, 0xf8, 0x0, 0x1f, 0x80, 0x0,

    /* U+0424 "Ф" */
    0x0, 0x78, 0x0, 0x1, 0xe0, 0x0, 0x7, 0x80,
    0x0, 0xff, 0xc0, 0xf, 0xff, 0xc0, 0x7f, 0xff,
    0x83, 0xf7, 0xbf, 0x1f, 0x1e, 0x3e, 0x78, 0x78,
    0x79, 0xe1, 0xe1, 0xef, 0x7, 0x83, 0xfc, 0x1e,
    0xf, 0xf0, 0x78, 0x3f, 0xc1, 0xe0, 0xff, 0x7,
    0x83, 0xfc, 0x1e, 0xf, 0xf0, 0x78, 0x3f, 0xc1,
    0xe0, 0xff, 0x7, 0x83, 0xfc, 0x1e, 0xf, 0x78,
    0x78, 0x79, 0xe1, 0xe1, 0xe7, 0xc7, 0x8f, 0x8f,
    0xde, 0xfc, 0x1f, 0xff, 0xe0, 0x3f, 0xff, 0x0,
    0x3f, 0xf0, 0x0, 0x1e, 0x0, 0x0, 0x78, 0x0,
    0x1, 0xe0, 0x0,

    /* U+0425 "Х" */
    0x3c, 0x0, 0x1e, 0x1e, 0x0, 0x3e, 0x1f, 0x0,
    0x3c, 0xf, 0x0, 0x78, 0xf, 0x80, 0x78, 0x7,
    0x80, 0xf0, 0x3, 0xc1, 0xf0, 0x3, 0xc1, 0xe0,
    0x1, 0xe3, 0xc0, 0x0, 0xf3, 0xc0, 0x0, 0xf7,
    0x80, 0x0, 0x7f, 0x0, 0x0, 0x7f, 0x0, 0x0,
    0x3e, 0x0, 0x0, 0x3e, 0x0, 0x0, 0x7f, 0x0,
    0x0, 0x7f, 0x0, 0x0, 0xf7, 0x80, 0x0, 0xf7,
    0x80, 0x1, 0xe3, 0xc0, 0x3, 0xe1, 0xe0, 0x3,
    0xc1, 0xe0, 0x7, 0x80, 0xf0, 0xf, 0x80, 0xf0,
    0xf, 0x0, 0x78, 0x1e, 0x0, 0x7c, 0x1e, 0x0,
    0x3c, 0x3c, 0x0, 0x1e, 0x7c, 0x0, 0x1e, 0x78,
    0x0, 0xf,

    /* U+0426 "Ц" */
    0xf0, 0x1, 0xe3, 0xc0, 0x7, 0x8f, 0x0, 0x1e,
    0x3c, 0x0, 0x78, 0xf0, 0x1, 0xe3, 0xc0, 0x7,
    0x8f, 0x0, 0x1e, 0x3c, 0x0, 0x78, 0xf0, 0x1,
    0xe3, 0xc0, 0x7, 0x8f, 0x0, 0x1e, 0x3c, 0x0,
    0x78, 0xf0, 0x1, 0xe3, 0xc0, 0x7, 0x8f, 0x0,
    0x1e, 0x3c, 0x0, 0x78, 0xf0, 0x1, 0xe3, 0xc0,
    0x7, 0x8f, 0x0, 0x1e, 0x3c, 0x0, 0x78, 0xf0,
    0x1, 0xe3, 0xc0, 0x7, 0x8f, 0x0, 0x1e, 0x3c,
    0x0, 0x78, 0xf0, 0x1, 0xe3, 0xc0, 0x7, 0x8f,
    0x0, 0x1e, 0x3f, 0xff, 0xff, 0xff, 0xff, 0xff,
    0xff, 0xff, 0xf0, 0x0, 0x3, 0xc0, 0x0, 0xf,
    0x0, 0x0, 0x3c, 0x0, 0x0, 0xf0, 0x0, 0x3,
    0xc0, 0x0, 0xf, 0x0, 0x0, 0x3c,

    /* U+0427 "Ч" */
    0xf0, 0x1, 0xfe, 0x0, 0x3f, 0xc0, 0x7, 0xf8,
    0x0, 0xff, 0x0, 0x1f, 0xe0, 0x3, 0xfc, 0x0,
    0x7f, 0x80, 0xf, 0xf0, 0x1, 0xfe, 0x0, 0x3f,
    0xc0, 0x7, 0xf8, 0x0, 0xff, 0x0, 0x1f, 0xf0,
    0x7, 0xdf, 0x3, 0xfb, 0xff, 0xff, 0x3f, 0xff,
    0xe1, 0xff, 0x3c, 0x0, 0x7, 0x80, 0x0, 0xf0,
    0x0, 0x1e, 0x0, 0x3, 0xc0, 0x0, 0x78, 0x0,
    0xf, 0x0, 0x1, 0xe0, 0x0, 0x3c, 0x0, 0x7,
    0x80, 0x0, 0xf0, 0x0, 0x1e, 0x0, 0x3, 0xc0,

    /* U+0428 "Ш" */
    0xf0, 0xf0, 0xff, 0xf, 0xf, 0xf0, 0xf0, 0xff,
    0xf, 0xf, 0xf0, 0xf0, 0xff, 0xf, 0xf, 0xf0,
    0xf0, 0xff, 0xf, 0xf, 0xf0, 0xf0, 0xff, 0xf,
    0xf, 0xf0, 0xf0, 0xff, 0xf, 0xf, 0xf0, 0xf0,
    0xff, 0xf, 0xf, 0xf0, 0xf0, 0xff, 0xf, 0xf,
    0xf0, 0xf0, 0xff, 0xf, 0xf, 0xf0, 0xf0, 0xff,
    0xf, 0xf, 0xf0, 0xf0, 0xff, 0xf, 0xf, 0xf0,
    0xf0, 0xff, 0xf, 0xf, 0xf0, 0xf0, 0xff, 0xf,
    0xf, 0xf0, 0xf0, 0xff, 0xff, 0xff, 0xff, 0xff,
    0xff, 0xff, 0xff,

    /* U+0429 "Щ" */
    0xf0, 0xf0, 0xf1, 0xe1, 0xe1, 0xe3, 0xc3, 0xc3,
    0xc7, 0x87, 0x87, 0x8f, 0xf, 0xf, 0x1e, 0x1e,
    0x1e, 0x3c, 0x3c, 0x3c, 0x78, 0x78, 0x78, 0xf0,
    0xf0, 0xf1, 0xe1, 0xe1, 0xe3, 0xc3, 0xc3, 0xc7,
    0x87, 0x87, 0x8f, 0xf, 0xf, 0x1e, 0x1e, 0x1e,
    0x3c, 0x3c, 0x3c, 0x78, 0x78, 0x78, 0xf0, 0xf0,
    0xf1, 0xe1, 0xe1, 0xe3, 0xc3, 0xc3, 0xc7, 0x87,
    0x87, 0x8f, 0xf, 0xf, 0x1e, 0x1e, 0x1e, 0x3c,
    0x3c, 0x3c, 0x78, 0x78, 0x78, 0xf0, 0xf0, 0xf1,
    0xe1, 0xe1, 0xe3, 0xc3, 0xc3, 0xc7, 0xff, 0xff,
    0xff, 0xff, 0xff, 0xff, 0xff, 0xff, 0xc0, 0x0,
    0x7, 0x80, 0x0, 0xf, 0x0, 0x0, 0x1e, 0x0,
    0x0, 0x3c, 0x0, 0x0, 0x78, 0x0, 0x0, 0xf0,
    0x0, 0x1, 0xe0,

    /* U+042A "Ъ" */
    0xff, 0x80, 0x3, 0xfe, 0x0, 0xf, 0xf8, 0x0,
    0x1, 0xe0, 0x0, 0x7, 0x80, 0x0, 0x1e, 0x0,
    0x0, 0x78, 0x0, 0x1, 0xe0, 0x0, 0x7, 0x80,
    0x0, 0x1e, 0x0, 0x0, 0x78, 0x0, 0x1, 0xe0,
    0x0, 0x7, 0xff, 0x0, 0x1f, 0xff, 0x0, 0x7f,
    0xff, 0x1, 0xe0, 0x7e, 0x7, 0x80, 0xf8, 0x1e,
    0x1, 0xf0, 0x78, 0x3, 0xc1, 0xe0, 0xf, 0x7,
    0x80, 0x3c, 0x1e, 0x0, 0xf0, 0x78, 0x3, 0xc1,
    0xe0, 0xf, 0x7, 0x80, 0x7c, 0x1e, 0x3, 0xe0,
    0x78, 0x1f, 0x81, 0xff, 0xfc, 0x7, 0xff, 0xc0,
    0x1f, 0xfc, 0x0,

    /* U+042B "Ы" */
    0xf0, 0x0, 0x7f, 0x80, 0x3, 0xfc, 0x0, 0x1f,
    0xe0, 0x0, 0xff, 0x0, 0x7, 0xf8, 0x0, 0x3f,
    0xc0, 0x1, 0xfe, 0x0, 0xf, 0xf0, 0x0, 0x7f,
    0x80, 0x3, 0xfc, 0x0, 0x1f, 0xe0, 0x0, 0xff,
    0xf8, 0x7, 0xff, 0xf0, 0x3f, 0xff, 0xe1, 0xfe,
    0x1f, 0xf, 0xf0, 0x3c, 0x7f, 0x81, 0xe3, 0xfc,
    0x7, 0x9f, 0xe0, 0x3c, 0xff, 0x1, 0xe7, 0xf8,
    0xf, 0x3f, 0xc0, 0x79, 0xfe, 0x3, 0xcf, 0xf0,
    0x3c, 0x7f, 0x81, 0xe3, 0xfc, 0x3e, 0x1f, 0xff,
    0xf0, 0xff, 0xfe, 0x7, 0xff, 0xc0, 0x3c,

    /* U+042C "Ь" */
    0xf0, 0x0, 0x1e, 0x0, 0x3, 0xc0, 0x0, 0x78,
    0x0, 0xf, 0x0, 0x1, 0xe0, 0x0, 0x3c, 0x0,
    0x7, 0x80, 0x0, 0xf0, 0x0, 0x1e, 0x0, 0x3,
    0xc0, 0x0, 0x78, 0x0, 0xf, 0xff, 0x81, 0xff,
    0xfc, 0x3f, 0xff, 0xe7, 0x80, 0x7e, 0xf0, 0x7,
    0xde, 0x0, 0x7b, 0xc0, 0x7, 0xf8, 0x0, 0xff,
    0x0, 0x1f, 0xe0, 0x3, 0xfc, 0x0, 0x7f, 0x80,
    0xf, 0xf0, 0x3, 0xfe, 0x0, 0xfb, 0xc0, 0x3f,
    0x7f, 0xff, 0xcf, 0xff, 0xe1, 0xff, 0xf0, 0x0,

    /* U+042D "Э" */
    0x0, 0x0, 0x7, 0xfe, 0x3, 0xff, 0xf0, 0x7f,
    0xff, 0xe, 0x1, 0xf1, 0x0, 0x1e, 0x0, 0x1,
    0xe0, 0x0, 0x3e, 0x0, 0x3, 0xc0, 0x0, 0x78,
    0x0, 0xf, 0x0, 0x0, 0xf0, 0x0, 0x1e, 0x0,
    0x3, 0xcf, 0xff, 0xf9, 0xff, 0xff, 0x3f, 0xff,
    0xe0, 0x0, 0x3c, 0x0, 0x7, 0x80, 0x0, 0xf0,
    0x0, 0x1e, 0x0, 0x3, 0x80, 0x0, 0xf0, 0x0,
    0x1e, 0x0, 0x7, 0xc0, 0x0, 0xf2, 0x0, 0x3e,
    0x70, 0xf, 0x8f, 0xff, 0xe1, 0xff, 0xf8, 0xf,
    0xfc, 0x0, 0x10, 0x0,

    /* U+042E "Ю" */
    0x0, 0x0, 0x3, 0xc0, 0xfe, 0xf, 0x7, 0xfe,
    0x3c, 0x3f, 0xf8, 0xf0, 0xf0, 0xf3, 0xc7, 0x81,
    0xcf, 0x1e, 0x7, 0xbc, 0x78, 0x1e, 0xf3, 0xc0,
    0x3b, 0xcf, 0x0, 0xff, 0x3c, 0x3, 0xfc, 0xf0,
    0xf, 0xf3, 0xc0, 0x3f, 0xcf, 0x0, 0xff, 0xfc,
    0x3, 0xff, 0xf0, 0xf, 0xff, 0xc0, 0x3f, 0xcf,
    0x0, 0xff, 0x3c, 0x3, 0xfc, 0xf0, 0xf, 0xf3,
    0xc0, 0x3f, 0xcf, 0x0, 0xff, 0x3c, 0x3, 0xfc,
    0x70, 0xe, 0xf1, 0xe0, 0x7b, 0xc7, 0x81, 0xef,
    0x1e, 0x7, 0xbc, 0x3c, 0x3c, 0xf0, 0xff, 0xf3,
    0xc1, 0xff, 0x8f, 0x3, 0xf8, 0x0, 0x1, 0x0,

    /* U+042F "Я" */
    0x0, 0xff, 0xf8, 0x1f, 0xff, 0xc3, 0xff, 0xfe,
    0x3f, 0x0, 0xf1, 0xe0, 0x7, 0x9f, 0x0, 0x3c,
    0xf0, 0x1, 0xe7, 0x80, 0xf, 0x3c, 0x0, 0x79,
    0xe0, 0x3, 0xcf, 0x0, 0x1e, 0x7c, 0x0, 0xf1,
    0xe0, 0x7, 0x8f, 0xc0, 0x3c, 0x3f, 0xff, 0xe0,
    0xff, 0xff, 0x1, 0xff, 0xf8, 0xf, 0x3, 0xc0,
    0x78, 0x1e, 0x7, 0x80, 0xf0, 0x38, 0x7, 0x83,
    0xc0, 0x3c, 0x3c, 0x1, 0xe1, 0xe0, 0xf, 0x1e,
    0x0, 0x78, 0xf0, 0x3, 0xcf, 0x0, 0x1e, 0x78,
    0x0, 0xf7, 0x80, 0x7, 0xbc, 0x0, 0x3c,

    /* U+0430 "а" */
    0x0, 0x0, 0x1, 0xff, 0xe0, 0x3f, 0xff, 0x3,
    0xff, 0xf8, 0x30, 0x7, 0xc0, 0x0, 0x3c, 0x0,
    0x1, 0xe0, 0x0, 0x1e, 0x0, 0x1, 0xe0, 0x3f,
    0xfe, 0x1f, 0xff, 0xe3, 0xff, 0xfe, 0x7e, 0x1,
    0xe7, 0x80, 0x1e, 0xf0, 0x1, 0xef, 0x0, 0x1e,
    0xf0, 0x3, 0xef, 0x0, 0x3e, 0xf8, 0x7, 0xe7,
    0x80, 0xfe, 0x7f, 0xfe, 0xe3, 0xff, 0xcf, 0x1f,
    0xf0, 0xf0, 0x10, 0x0,

    /* U+0431 "б" */
    0x0, 0x3, 0x0, 0x3f, 0xe0, 0x1f, 0xfe, 0x7,
    0xff, 0x1, 0xf8, 0x0, 0x7c, 0x0, 0x1e, 0x0,
    0x3, 0xc0, 0x0, 0x70, 0x0, 0x1c, 0x0, 0x3,
    0x9f, 0xf0, 0x7f, 0xff, 0x8f, 0xff, 0xf9, 0xf8,
    0xf, 0x3e, 0x0, 0xf7, 0xc0, 0x1e, 0xf8, 0x3,
    0xde, 0x0, 0x3f, 0xc0, 0x7, 0xf8, 0x0, 0xff,
    0x0, 0x1f, 0xe0, 0x3, 0xfc, 0x0, 0x7f, 0x80,
    0xf, 0xf0, 0x1, 0xff, 0x0, 0x79, 0xe0, 0xf,
    0x3c, 0x1, 0xe3, 0xc0, 0x78, 0x7f, 0xff, 0x7,
    0xff, 0xc0, 0x3f, 0xe0, 0x0, 0x40, 0x0,

    /* U+0432 "в" */
    0xff, 0xe0, 0xff, 0xf8, 0xff, 0xfc, 0xf0, 0x3e,
    0xf0, 0x1e, 0xf0, 0x1e, 0xf0, 0x1e, 0xf0, 0x1e,
    0xf0, 0x3c, 0xff, 0xf8, 0xff, 0xf0, 0xff, 0xfc,
    0xf0, 0x1e, 0xf0, 0xf, 0xf0, 0xf, 0xf0, 0xf,
    0xf0, 0xf, 0xf0, 0x1f, 0xf0, 0x3e, 0xff, 0xfe,
    0xff, 0xfc, 0xff, 0xf0,

    /* U+0433 "г" */
    0xff, 0xff, 0xff, 0xff, 0xff, 0xff, 0x80, 0xf,
    0x0, 0x1e, 0x0, 0x3c, 0x0, 0x78, 0x0, 0xf0,
    0x1, 0xe0, 0x3, 0xc0, 0x7, 0x80, 0xf, 0x0,
    0x1e, 0x0, 0x3c, 0x0, 0x78, 0x0, 0xf0, 0x1,
    0xe0, 0x3, 0xc0, 0x7, 0x80, 0xf, 0x0, 0x1e,
    0x0, 0x0,

    /* U+0434 "д" */
    0x1f, 0xff, 0xc1, 0xff, 0xfc, 0x1f, 0xff, 0xc1,
    0xe0, 0x3c, 0x1e, 0x3, 0xc1, 0xe0, 0x3c, 0x1e,
    0x3, 0xc1, 0xe0, 0x3c, 0x1e, 0x3, 0xc1, 0xe0,
    0x3c, 0x1e, 0x3, 0xc1, 0xe0, 0x3c, 0x1e, 0x3,
    0xc1, 0xe0, 0x3c, 0x1e, 0x3, 0xc1, 0xe0, 0x3c,
    0x3e, 0x3, 0xc3, 0xe0, 0x3c, 0x3c, 0x3, 0xcf,
    0xff, 0xff, 0xff, 0xff, 0xff, 0xff, 0xff, 0xe0,
    0x0, 0x7e, 0x0, 0x7, 0xe0, 0x0, 0x7e, 0x0,
    0x7, 0xe0, 0x0, 0x70,

    /* U+0435 "е" */
    0x0, 0x0, 0x0, 0x3f, 0xe0, 0xf, 0xff, 0x81,
    0xff, 0xfc, 0x3e, 0x3, 0xc3, 0xc0, 0x1e, 0x78,
    0x1, 0xe7, 0x80, 0xf, 0xf0, 0x0, 0xff, 0x0,
    0xf, 0xff, 0xff, 0xff, 0xff, 0xff, 0xff, 0xff,
    0xff, 0x0, 0x0, 0xf0, 0x0, 0xf, 0x0, 0x0,
    0x78, 0x0, 0x7, 0x80, 0x0, 0x7c, 0x0, 0x3,
    0xe0, 0xe, 0x1f, 0xff, 0xe0, 0xff, 0xfe, 0x3,
    0xff, 0x80, 0x3, 0x0,

    /* U+0436 "ж" */
    0xf0, 0x78, 0x3d, 0xe1, 0xe1, 0xe7, 0x87, 0x87,
    0x8f, 0x1e, 0x3c, 0x1e, 0x79, 0xe0, 0x79, 0xe7,
    0x80, 0xf7, 0xbc, 0x3, 0xde, 0xf0, 0xf, 0xff,
    0xc0, 0x3f, 0xff, 0x0, 0xff, 0xfc, 0x7, 0xff,
    0xf8, 0x1f, 0xff, 0xe0, 0x73, 0xf3, 0x83, 0xc7,
    0x8f, 0xf, 0x1e, 0x3c, 0x38, 0x78, 0x71, 0xe1,
    0xe1, 0xe7, 0x7, 0x83, 0xbc, 0x1e, 0xf, 0xf0,
    0x78, 0x3f, 0x81, 0xe0, 0x70,

    /* U+0437 "з" */
    0x0, 0x0, 0x1f, 0xff, 0x87, 0xff, 0xf1, 0xff,
    0xfe, 0x0, 0x7, 0xc0, 0x0, 0xf0, 0x0, 0x3c,
    0x0, 0x1f, 0x0, 0xf, 0x81, 0xff, 0xc0, 0x7f,
    0x80, 0x1f, 0xf8, 0x0, 0x1f, 0x80, 0x1, 0xe0,
    0x0, 0x3c, 0x0, 0xf, 0x0, 0x3, 0xc0, 0x0,
    0xf0, 0x0, 0x7f, 0x0, 0x3e, 0xff, 0xff, 0x3f,
    0xff, 0x87, 0xff, 0xc0, 0x6, 0x0,

    /* U+0438 "и" */
    0xf0, 0x7, 0xf8, 0x7, 0xfc, 0x3, 0xfe, 0x3,
    0xff, 0x3, 0xff, 0x81, 0xff, 0xc1, 0xff, 0xe0,
    0xef, 0xf0, 0xf7, 0xf8, 0x73, 0xfc, 0x79, 0xfe,
    0x78, 0xff, 0x38, 0x7f, 0xbc, 0x3f, 0xdc, 0x1f,
    0xfe, 0xf, 0xfe, 0x7, 0xff, 0x3, 0xff, 0x1,
    0xff, 0x0, 0xff, 0x80, 0x7f, 0x80, 0x3c,

    /* U+0439 "й" */
    0x38, 0xc, 0x1c, 0x6, 0x6, 0x7, 0x3, 0x87,
    0x81, 0xff, 0x80, 0x7f, 0xc0, 0xf, 0x80, 0x0,
    0x0, 0x0, 0x0, 0x0, 0x0, 0x3c, 0x1, 0xfe,
    0x1, 0xff, 0x0, 0xff, 0x80, 0xff, 0xc0, 0xff,
    0xe0, 0x7f, 0xf0, 0x7f, 0xf8, 0x3b, 0xfc, 0x3d,
    0xfe, 0x1c, 0xff, 0x1e, 0x7f, 0x9e, 0x3f, 0xce,
    0x1f, 0xef, 0xf, 0xf7, 0x7, 0xff, 0x83, 0xff,
    0x81, 0xff, 0xc0, 0xff, 0xc0, 0x7f, 0xc0, 0x3f,
    0xe0, 0x1f, 0xe0, 0xf,

    /* U+043A "к" */
    0xf0, 0x7, 0xcf, 0x0, 0xf8, 0xf0, 0x1f, 0xf,
    0x3, 0xc0, 0xf0, 0x78, 0xf, 0xf, 0x0, 0xf1,
    0xe0, 0xf, 0x3c, 0x0, 0xf7, 0x80, 0xf, 0xfc,
    0x0, 0xff, 0xe0, 0xf, 0xdf, 0x0, 0xf8, 0xf0,
    0xf, 0x7, 0x80, 0xf0, 0x3c, 0xf, 0x3, 0xe0,
    0xf0, 0x1e, 0xf, 0x0, 0xf0, 0xf0, 0xf, 0x8f,
    0x0, 0x7c, 0xf0, 0x3, 0xcf, 0x0, 0x1e,

    /* U+043B "л" */
    0x7, 0xff, 0xf8, 0x3f, 0xff, 0xc1, 0xff, 0xfe,
    0xf, 0x0, 0xf0, 0x78, 0x7, 0x83, 0xc0, 0x3c,
    0x1e, 0x1, 0xe0, 0xf0, 0xf, 0x7, 0x80, 0x78,
    0x3c, 0x3, 0xc1, 0xe0, 0x1e, 0xf, 0x0, 0xf0,
    0x78, 0x7, 0x83, 0xc0, 0x3c, 0x1e, 0x1, 0xe0,
    0xf0, 0xf, 0xf, 0x80, 0x78, 0x78, 0x3, 0xc7,
    0xc0, 0x1f, 0xfc, 0x0, 0xff, 0xc0, 0x7, 0xfc,
    0x0, 0x3c,

    /* U+043C "м" */
    0xf0, 0x0, 0x1f, 0xf0, 0x0, 0x7f, 0xe0, 0x0,
    0xff, 0xe0, 0x3, 0xff, 0xc0, 0x7, 0xff, 0xc0,
    0x1f, 0xff, 0xc0, 0x7f, 0xff, 0x80, 0xff, 0xf7,
    0x83, 0xdf, 0xef, 0x7, 0xbf, 0xcf, 0x1e, 0x7f,
    0x9e, 0x3c, 0xff, 0x1e, 0xf1, 0xfe, 0x1d, 0xc3,
    0xfc, 0x3f, 0x87, 0xf8, 0x3e, 0xf, 0xf0, 0x7c,
    0x1f, 0xe0, 0x0, 0x3f, 0xc0, 0x0, 0x7f, 0x80,
    0x0, 0xff, 0x0, 0x1, 0xfe, 0x0, 0x3, 0xc0,

    /* U+043D "н" */
    0xf0, 0x7, 0xf8, 0x3, 0xfc, 0x1, 0xfe, 0x0,
    0xff, 0x0, 0x7f, 0x80, 0x3f, 0xc0, 0x1f, 0xe0,
    0xf, 0xf0, 0x7, 0xff, 0xff, 0xff, 0xff, 0xff,
    0xff, 0xff, 0x0, 0x7f, 0x80, 0x3f, 0xc0, 0x1f,
    0xe0, 0xf, 0xf0, 0x7, 0xf8, 0x3, 0xfc, 0x1,
    0xfe, 0x0, 0xff, 0x0, 0x7f, 0x80, 0x3c,

    /* U+043E "о" */
    0x0, 0x40, 0x0, 0xff, 0x80, 0x7f, 0xfc, 0x1f,
    0xff, 0xc3, 0xc0, 0x78, 0xf0, 0x7, 0x9e, 0x0,
    0xf7, 0xc0, 0x1e, 0xf0, 0x1, 0xfe, 0x0, 0x3f,
    0xc0, 0x7, 0xf8, 0x0, 0xff, 0x0, 0x1f, 0xe0,
    0x3, 0xfc, 0x0, 0x7f, 0x80, 0xf, 0xf8, 0x3,
    0xef, 0x0, 0x79, 0xe0, 0xf, 0x1e, 0x3, 0xc3,
    0xff, 0xf8, 0x3f, 0xfe, 0x1, 0xff, 0x0, 0x2,
    0x0,

    /* U+043F "п" */
    0xff, 0xff, 0xff, 0xff, 0xff, 0xff, 0xfe, 0x0,
    0xff, 0x0, 0x7f, 0x80, 0x3f, 0xc0, 0x1f, 0xe0,
    0xf, 0xf0, 0x7, 0xf8, 0x3, 0xfc, 0x1, 0xfe,
    0x0, 0xff, 0x0, 0x7f, 0x80, 0x3f, 0xc0, 0x1f,
    0xe0, 0xf, 0xf0, 0x7, 0xf8, 0x3, 0xfc, 0x1,
    0xfe, 0x0, 0xff, 0x0, 0x7f, 0x80, 0x3c,

    /* U+0440 "р" */
    0x0, 0x0, 0x3c, 0xff, 0xf, 0x7f, 0xe3, 0xff,
    0xfc, 0xfc, 0xf, 0x3e, 0x1, 0xef, 0x80, 0x7b,
    0xe0, 0x1f, 0xf0, 0x3, 0xfc, 0x0, 0xff, 0x0,
    0x3f, 0xc0, 0xf, 0xf0, 0x3, 0xfc, 0x0, 0xff,
    0x0, 0x3f, 0xc0, 0xf, 0xf0, 0x7, 0xfe, 0x1,
    0xef, 0x80, 0x7b, 0xf0, 0x3c, 0xff, 0xff, 0x3d,
    0xff, 0x8f, 0x3f, 0xc3, 0xc1, 0x0, 0xf0, 0x0,
    0x3c, 0x0, 0xf, 0x0, 0x3, 0xc0, 0x0, 0xf0,
    0x0, 0x3c, 0x0, 0xf, 0x0, 0x3, 0xc0, 0x0,

    /* U+0441 "с" */
    0x0, 0x10, 0x0, 0xff, 0xc0, 0xff, 0xfc, 0x7f,
    0xff, 0x3e, 0x1, 0xdf, 0x0, 0x17, 0x80, 0x1,
    0xe0, 0x0, 0xf0, 0x0, 0x3c, 0x0, 0xf, 0x0,
    0x3, 0xc0, 0x0, 0xf0, 0x0, 0x3c, 0x0, 0xf,
    0x0, 0x3, 0xc0, 0x0, 0x78, 0x0, 0x1e, 0x0,
    0x7, 0xc0, 0x4, 0xf8, 0x3, 0x1f, 0xff, 0xc3,
    0xff, 0xf0, 0x3f, 0xf0, 0x0, 0xc0,

    /* U+0442 "т" */
    0xff, 0xff, 0xff, 0xff, 0xff, 0xff, 0x3, 0xc0,
    0x3, 0xc0, 0x3, 0xc0, 0x3, 0xc0, 0x3, 0xc0,
    0x3, 0xc0, 0x3, 0xc0, 0x3, 0xc0, 0x3, 0xc0,
    0x3, 0xc0, 0x3, 0xc0, 0x3, 0xc0, 0x3, 0xc0,
    0x3, 0xc0, 0x3, 0xc0, 0x3, 0xc0, 0x3, 0xc0,
    0x3, 0xc0, 0x3, 0xc0,

    /* U+0443 "у" */
    0x70, 0x0, 0x7b, 0xc0, 0x3, 0xde, 0x0, 0x1c,
    0x78, 0x1, 0xe3, 0xc0, 0xf, 0xe, 0x0, 0xf0,
    0x78, 0x7, 0x83, 0xc0, 0x3c, 0xf, 0x3, 0xc0,
    0x78, 0x1e, 0x3, 0xc0, 0xe0, 0xf, 0xf, 0x0,
    0x78, 0x78, 0x1, 0xc7, 0x80, 0xf, 0x3c, 0x0,
    0x79, 0xc0, 0x1, 0xfe, 0x0, 0xf, 0xf0, 0x0,
    0x3f, 0x0, 0x1, 0xf8, 0x0, 0xf, 0xc0, 0x0,
    0x3c, 0x0, 0x1, 0xe0, 0x0, 0xe, 0x0, 0x0,
    0xf0, 0x0, 0x7, 0x80, 0x0, 0x78, 0x0, 0x7,
    0xc0, 0x3, 0xfc, 0x0, 0x1f, 0xc0, 0x0, 0xfc,
    0x0, 0x0,

    /* U+0444 "ф" */
    0x0, 0xf0, 0x0, 0x7, 0x80, 0x0, 0x3c, 0x0,
    0x1, 0xe0, 0x0, 0xf, 0x0, 0x0, 0x78, 0x0,
    0x3, 0xc0, 0x0, 0x1e, 0x0, 0x0, 0xf0, 0x0,
    0x3f, 0xf8, 0x7, 0xff, 0xf0, 0x7f, 0xff, 0xc7,
    0xcf, 0x3e, 0x3c, 0x78, 0xf9, 0xe3, 0xc3, 0xde,
    0x1e, 0xf, 0xf0, 0xf0, 0x7f, 0x87, 0x83, 0xfc,
    0x3c, 0x1f, 0xe1, 0xe0, 0xff, 0xf, 0x7, 0xf8,
    0x78, 0x3f, 0xc3, 0xc1, 0xfe, 0x1e, 0xf, 0xf0,
    0xf0, 0x7f, 0x87, 0x87, 0x9e, 0x3c, 0x3c, 0xf1,
    0xe3, 0xe3, 0xef, 0x3e, 0x1f, 0xff, 0xe0, 0x7f,
    0xfe, 0x0, 0xff, 0xc0, 0x0, 0xf0, 0x0, 0x7,
    0x80, 0x0, 0x3c, 0x0, 0x1, 0xe0, 0x0, 0xf,
    0x0, 0x0, 0x78, 0x0, 0x3, 0xc0, 0x0, 0x1e,
    0x0,

    /* U+0445 "х" */
    0x78, 0x0, 0xf3, 0xe0, 0xf, 0xf, 0x0, 0xf0,
    0x3c, 0x7, 0x80, 0xf0, 0x78, 0x7, 0x87, 0x80,
    0x1e, 0x78, 0x0, 0x7b, 0xc0, 0x1, 0xfc, 0x0,
    0x7, 0xc0, 0x0, 0x3c, 0x0, 0x1, 0xf0, 0x0,
    0x1f, 0xc0, 0x1, 0xef, 0x0, 0x1e, 0x78, 0x0,
    0xf1, 0xe0, 0xf, 0x7, 0x80, 0xf0, 0x1e, 0xf,
    0x0, 0xf0, 0xf8, 0x3, 0xc7, 0x80, 0xf, 0x78,
    0x0, 0x3c,

    /* U+0446 "ц" */
    0xf0, 0x7, 0x8f, 0x0, 0x78, 0xf0, 0x7, 0x8f,
    0x0, 0x78, 0xf0, 0x7, 0x8f, 0x0, 0x78, 0xf0,
    0x7, 0x8f, 0x0, 0x78, 0xf0, 0x7, 0x8f, 0x0,
    0x78, 0xf0, 0x7, 0x8f, 0x0, 0x78, 0xf0, 0x7,
    0x8f, 0x0, 0x78, 0xf0, 0x7, 0x8f, 0x0, 0x78,
    0xf0, 0x7, 0x8f, 0x0, 0x78, 0xf0, 0x7, 0x8f,
    0xff, 0xff, 0xff, 0xff, 0xff, 0xff, 0xff, 0x0,
    0x0, 0x70, 0x0, 0x7, 0x0, 0x0, 0x70, 0x0,
    0x7, 0x0, 0x0, 0x70,

    /* U+0447 "ч" */
    0xf0, 0x7, 0xf8, 0x3, 0xfc, 0x1, 0xfe, 0x0,
    0xff, 0x0, 0x7f, 0x80, 0x3f, 0xc0, 0x1f, 0xe0,
    0xf, 0xf0, 0x7, 0xf8, 0x3, 0xdf, 0x3, 0xef,
    0xff, 0xf3, 0xff, 0xf8, 0x7f, 0x3c, 0x0, 0x1e,
    0x0, 0xf, 0x0, 0x7, 0x80, 0x3, 0xc0, 0x1,
    0xe0, 0x0, 0xf0, 0x0, 0x78, 0x0, 0x3c,

    /* U+0448 "ш" */
    0xf0, 0xf0, 0xff, 0xf, 0xf, 0xf0, 0xf0, 0xff,
    0xf, 0xf, 0xf0, 0xf0, 0xff, 0xf, 0xf, 0xf0,
    0xf0, 0xff, 0xf, 0xf, 0xf0, 0xf0, 0xff, 0xf,
    0xf, 0xf0, 0xf0, 0xff, 0xf, 0xf, 0xf0, 0xf0,
    0xff, 0xf, 0xf, 0xf0, 0xf0, 0xff, 0xf, 0xf,
    0xf0, 0xf0, 0xff, 0xf, 0xf, 0xf0, 0xf0, 0xff,
    0xff, 0xff, 0xff, 0xff, 0xff, 0xff, 0xff,

    /* U+0449 "щ" */
    0xf0, 0xf0, 0xf1, 0xe1, 0xe1, 0xe3, 0xc3, 0xc3,
    0xc7, 0x87, 0x87, 0x8f, 0xf, 0xf, 0x1e, 0x1e,
    0x1e, 0x3c, 0x3c, 0x3c, 0x78, 0x78, 0x78, 0xf0,
    0xf0, 0xf1, 0xe1, 0xe1, 0xe3, 0xc3, 0xc3, 0xc7,
    0x87, 0x87, 0x8f, 0xf, 0xf, 0x1e, 0x1e, 0x1e,
    0x3c, 0x3c, 0x3c, 0x78, 0x78, 0x78, 0xf0, 0xf0,
    0xf1, 0xe1, 0xe1, 0xe3, 0xc3, 0xc3, 0xc7, 0xff,
    0xff, 0xff, 0xff, 0xff, 0xff, 0xff, 0xff, 0xc0,
    0x0, 0x3, 0x80, 0x0, 0x7, 0x0, 0x0, 0xe,
    0x0, 0x0, 0x1c, 0x0, 0x0, 0x38,

    /* U+044A "ъ" */
    0xff, 0x80, 0x1, 0xff, 0x0, 0x3, 0xfe, 0x0,
    0x0, 0x3c, 0x0, 0x0, 0x78, 0x0, 0x0, 0xf0,
    0x0, 0x1, 0xe0, 0x0, 0x3, 0xc0, 0x0, 0x7,
    0x80, 0x0, 0xf, 0xff, 0x80, 0x1f, 0xff, 0xc0,
    0x3f, 0xff, 0xe0, 0x78, 0x7, 0xc0, 0xf0, 0x7,
    0xc1, 0xe0, 0x7, 0x83, 0xc0, 0xf, 0x7, 0x80,
    0x1e, 0xf, 0x0, 0x7c, 0x1e, 0x1, 0xf0, 0x3f,
    0xff, 0xe0, 0x7f, 0xff, 0x80, 0xff, 0xf8, 0x0,

    /* U+044B "ы" */
    0xf0, 0x0, 0x7f, 0x80, 0x3, 0xfc, 0x0, 0x1f,
    0xe0, 0x0, 0xff, 0x0, 0x7, 0xf8, 0x0, 0x3f,
    0xc0, 0x1, 0xfe, 0x0, 0xf, 0xf0, 0x0, 0x7f,
    0xfc, 0x3, 0xff, 0xfc, 0x1f, 0xff, 0xf0, 0xff,
    0xf, 0x87, 0xf8, 0x3e, 0x3f, 0xc0, 0xf1, 0xfe,
    0x7, 0x8f, 0xf0, 0x3c, 0x7f, 0x83, 0xe3, 0xfc,
    0x3e, 0x1f, 0xff, 0xf0, 0xff, 0xff, 0x7, 0xff,
    0xc0, 0x3c,

    /* U+044C "ь" */
    0xf0, 0x0, 0x3c, 0x0, 0xf, 0x0, 0x3, 0xc0,
    0x0, 0xf0, 0x0, 0x3c, 0x0, 0xf, 0x0, 0x3,
    0xc0, 0x0, 0xf0, 0x0, 0x3f, 0xfe, 0xf, 0xff,
    0xe3, 0xff, 0xfe, 0xf0, 0xf, 0xbc, 0x1, 0xff,
    0x0, 0x3f, 0xc0, 0xf, 0xf0, 0x3, 0xfc, 0x1,
    0xff, 0x0, 0xfb, 0xff, 0xfe, 0xff, 0xff, 0x3f,
    0xfe, 0x0,

    /* U+044D "э" */
    0x0, 0x0, 0xf, 0xfc, 0xf, 0xff, 0xc3, 0xff,
    0xf8, 0xe0, 0x1f, 0x20, 0x3, 0xc0, 0x0, 0x78,
    0x0, 0x1e, 0x0, 0x3, 0xc0, 0x0, 0xf1, 0xff,
    0xfc, 0x7f, 0xff, 0x1f, 0xff, 0xc0, 0x0, 0xf0,
    0x0, 0x3c, 0x0, 0xf, 0x0, 0x7, 0x80, 0x1,
    0xe8, 0x0, 0xf3, 0x0, 0x7c, 0xff, 0xfe, 0x3f,
    0xff, 0x3, 0xff, 0x0, 0x8, 0x0,

    /* U+044E "ю" */
    0x0, 0x2, 0x3, 0xc0, 0x7f, 0xf, 0x3, 0xfe,
    0x3c, 0x1f, 0xfc, 0xf0, 0xf8, 0xf3, 0xc3, 0xc1,
    0xef, 0x1f, 0x7, 0xbc, 0x7c, 0xf, 0xf1, 0xe0,
    0x3f, 0xc7, 0x80, 0xff, 0xfe, 0x3, 0xff, 0xf8,
    0xf, 0xff, 0xe0, 0x3f, 0xc7, 0x80, 0xff, 0x1e,
    0x3, 0xfc, 0x78, 0xf, 0xf1, 0xe0, 0x3f, 0xc3,
    0xc1, 0xef, 0xf, 0x7, 0xbc, 0x3e, 0x3c, 0xf0,
    0x7f, 0xf3, 0xc0, 0xff, 0x8f, 0x1, 0xfc, 0x0,
    0x0, 0x80,

    /* U+044F "я" */
    0x7, 0xff, 0x8f, 0xff, 0xcf, 0xff, 0xe7, 0xc0,
    0xf7, 0xc0, 0x7b, 0xc0, 0x3d, 0xe0, 0x1e, 0xf0,
    0xf, 0x7c, 0x7, 0x9f, 0x3, 0xcf, 0xff, 0xe3,
    0xff, 0xf0, 0x7f, 0xf8, 0x3c, 0x3c, 0x3c, 0x1e,
    0x1e, 0xf, 0x1e, 0x7, 0x8e, 0x3, 0xcf, 0x1,
    0xef, 0x0, 0xf7, 0x80, 0x7f, 0x80, 0x3c,

    /* U+0450 "ѐ" */
    0x1e, 0x0, 0x1, 0xe0, 0x0, 0xf, 0x0, 0x0,
    0x78, 0x0, 0x3, 0xc0, 0x0, 0x1c, 0x0, 0x0,
    0xe0, 0x0, 0x7, 0x0, 0x0, 0x0, 0x0, 0x0,
    0x0, 0x0, 0x0, 0x0, 0x0, 0x0, 0x3, 0xfe,
    0x0, 0xff, 0xf8, 0x1f, 0xff, 0xc3, 0xe0, 0x3c,
    0x3c, 0x1, 0xe7, 0x80, 0x1e, 0x78, 0x0, 0xff,
    0x0, 0xf, 0xf0, 0x0, 0xff, 0xff, 0xff, 0xff,
    0xff, 0xff, 0xff, 0xff, 0xf0, 0x0, 0xf, 0x0,
    0x0, 0xf0, 0x0, 0x7, 0x80, 0x0, 0x78, 0x0,
    0x7, 0xc0, 0x0, 0x3e, 0x0, 0xe1, 0xff, 0xfe,
    0xf, 0xff, 0xe0, 0x3f, 0xf8, 0x0, 0x30, 0x0,

    /* U+0451 "ё" */
    0x7, 0x8f, 0x0, 0x78, 0xf0, 0x7, 0x8f, 0x0,
    0x78, 0xf0, 0x0, 0x0, 0x0, 0x0, 0x0, 0x0,
    0x0, 0x0, 0x0, 0x0, 0x0, 0x0, 0x0, 0x3f,
    0xe0, 0xf, 0xff, 0x81, 0xff, 0xfc, 0x3e, 0x3,
    0xc3, 0xc0, 0x1e, 0x78, 0x1, 0xe7, 0x80, 0xf,
    0xf0, 0x0, 0xff, 0x0, 0xf, 0xff, 0xff, 0xff,
    0xff, 0xff, 0xff, 0xff, 0xff, 0x0, 0x0, 0xf0,
    0x0, 0xf, 0x0, 0x0, 0x78, 0x0, 0x7, 0x80,
    0x0, 0x7c, 0x0, 0x3, 0xe0, 0xe, 0x1f, 0xff,
    0xe0, 0xff, 0xfe, 0x3, 0xff, 0x80, 0x3, 0x0,

    /* U+0452 "ђ" */
    0xf, 0x0, 0x0, 0x3c, 0x0, 0x0, 0xf0, 0x0,
    0x3, 0xc0, 0x0, 0xf, 0x0, 0x0, 0x3c, 0x0,
    0x0, 0xf0, 0x0, 0x3, 0xc0, 0x0, 0xf, 0x0,
    0x3, 0xff, 0xfc, 0xf, 0xff, 0xf0, 0x3f, 0xff,
    0xc0, 0xf, 0x0, 0x0, 0x3c, 0x0, 0x0, 0xf0,
    0x0, 0x3, 0xc0, 0x0, 0xf, 0xf, 0xc0, 0x3c,
    0xff, 0x80, 0xf7, 0xff, 0x3, 0xf8, 0x3e, 0xf,
    0xc0, 0x78, 0x3e, 0x1, 0xf0, 0xf0, 0x3, 0xc3,
    0xc0, 0xf, 0xf, 0x0, 0x3c, 0x3c, 0x0, 0xf0,
    0xf0, 0x3, 0xc3, 0xc0, 0xf, 0xf, 0x0, 0x3c,
    0x3c, 0x0, 0xf0, 0xf0, 0x7, 0x80, 0x0, 0x1e,
    0x0, 0x0, 0xf8, 0x0, 0x3, 0xc0, 0x0, 0x1f,
    0x0, 0x0, 0xf8, 0x0, 0xf, 0xc0, 0x0, 0x3e,
    0x0, 0x0, 0xe0, 0x0, 0x0, 0x0,

    /* U+0453 "ѓ" */
    0x0, 0x1e, 0x0, 0x1c, 0x0, 0x38, 0x0, 0x78,
    0x0, 0xf0, 0x0, 0xe0, 0x1, 0xc0, 0x3, 0x80,
    0x0, 0x0, 0x0, 0x0, 0x0, 0x0, 0xff, 0xfe,
    0xff, 0xfe, 0xff, 0xfe, 0xf0, 0x0, 0xf0, 0x0,
    0xf0, 0x0, 0xf0, 0x0, 0xf0, 0x0, 0xf0, 0x0,
    0xf0, 0x0, 0xf0, 0x0, 0xf0, 0x0, 0xf0, 0x0,
    0xf0, 0x0, 0xf0, 0x0, 0xf0, 0x0, 0xf0, 0x0,
    0xf0, 0x0, 0xf0, 0x0, 0xf0, 0x0, 0xf0, 0x0,
    0xf0, 0x0,

    /* U+0454 "є" */
    0x0, 0x0, 0x0, 0xff, 0xc0, 0xff, 0xfc, 0x7f,
    0xff, 0x3e, 0x1, 0xdf, 0x0, 0x17, 0x80, 0x1,
    0xe0, 0x0, 0xf0, 0x0, 0x3c, 0x0, 0xf, 0xff,
    0xe3, 0xff, 0xf8, 0xff, 0xfe, 0x3c, 0x0, 0xf,
    0x0, 0x3, 0xc0, 0x0, 0x78, 0x0, 0x1e, 0x0,
    0x7, 0xc0, 0x4, 0xf8, 0x3, 0x1f, 0xff, 0xc3,
    0xff, 0xf0, 0x3f, 0xf0, 0x0, 0x80,

    /* U+0455 "ѕ" */
    0x0, 0x80, 0x1f, 0xfc, 0x3f, 0xfe, 0x7f, 0xfe,
    0xf8, 0x6, 0xf0, 0x0, 0xf0, 0x0, 0xf0, 0x0,
    0xf0, 0x0, 0xfc, 0x0, 0x7f, 0xc0, 0x3f, 0xf8,
    0xf, 0xfe, 0x0, 0xfe, 0x0, 0x3f, 0x0, 0xf,
    0x0, 0xf, 0x0, 0xf, 0x0, 0xf, 0xc0, 0x1e,
    0xff, 0xfe, 0xff, 0xfc, 0x7f, 0xf0, 0x3, 0x0,

    /* U+0456 "і" */
    0x7, 0x80, 0x3, 0xc0, 0x1, 0xe0, 0x0, 0xf0,
    0x0, 0x0, 0x0, 0x0, 0x0, 0x0, 0x0, 0x0,
    0x0, 0x0, 0x0, 0x7f, 0xc0, 0x3f, 0xe0, 0x1f,
    0xf0, 0x0, 0x78, 0x0, 0x3c, 0x0, 0x1e, 0x0,
    0xf, 0x0, 0x7, 0x80, 0x3, 0xc0, 0x1, 0xe0,
    0x0, 0xf0, 0x0, 0x78, 0x0, 0x3c, 0x0, 0x1e,
    0x0, 0xf, 0x0, 0x7, 0x80, 0x3, 0xc0, 0x1,
    0xf0, 0x0, 0x7c, 0x0, 0x3f, 0xf8, 0xf, 0xfc,
    0x1, 0xfe,

    /* U+0457 "ї" */
    0x60, 0x60, 0x78, 0x78, 0x3c, 0x3c, 0x1e, 0x1e,
    0x6, 0x6, 0x0, 0x0, 0x0, 0x0, 0x0, 0x0,
    0x0, 0x0, 0x0, 0x7f, 0xc0, 0x3f, 0xe0, 0x1f,
    0xf0, 0x0, 0x78, 0x0, 0x3c, 0x0, 0x1e, 0x0,
    0xf, 0x0, 0x7, 0x80, 0x3, 0xc0, 0x1, 0xe0,
    0x0, 0xf0, 0x0, 0x78, 0x0, 0x3c, 0x0, 0x1e,
    0x0, 0xf, 0x0, 0x7, 0x80, 0x3, 0xc0, 0x1,
    0xf0, 0x0, 0x7c, 0x0, 0x3f, 0xf8, 0xf, 0xfc,
    0x1, 0xfe,

    /* U+0458 "ј" */
    0x0, 0xf0, 0xf, 0x0, 0xf0, 0xf, 0x0, 0x0,
    0x0, 0x0, 0x0, 0x0, 0x3f, 0xf3, 0xff, 0x3f,
    0xf0, 0xf, 0x0, 0xf0, 0xf, 0x0, 0xf0, 0xf,
    0x0, 0xf0, 0xf, 0x0, 0xf0, 0xf, 0x0, 0xf0,
    0xf, 0x0, 0xf0, 0xf, 0x0, 0xf0, 0xf, 0x0,
    0xf0, 0xf, 0x0, 0xf0, 0xf, 0x0, 0xf0, 0xf,
    0x0, 0xf0, 0xf, 0x1, 0xf0, 0x3e, 0xff, 0xef,
    0xfc, 0xff, 0x0,

    /* U+0459 "љ" */
    0x7, 0xff, 0x80, 0x3, 0xff, 0xc0, 0x1, 0xff,
    0xe0, 0x0, 0xf0, 0xf0, 0x0, 0x78, 0x78, 0x0,
    0x3c, 0x3c, 0x0, 0x1e, 0x1e, 0x0, 0xf, 0xf,
    0x0, 0x7, 0x87, 0x80, 0x3, 0xc3, 0xfc, 0x1,
    0xe1, 0xff, 0x80, 0xf0, 0xff, 0xe0, 0x78, 0x79,
    0xf0, 0x3c, 0x3c, 0x7c, 0x1e, 0x1e, 0x1e, 0xf,
    0xf, 0xf, 0xf, 0x87, 0x87, 0x87, 0x83, 0xc3,
    0xc7, 0xc1, 0xe3, 0xdf, 0xc0, 0xff, 0xef, 0xc0,
    0x7f, 0xc7, 0xc0, 0x3f, 0x80,

    /* U+045A "њ" */
    0xf0, 0x3c, 0x3, 0xc0, 0xf0, 0xf, 0x3, 0xc0,
    0x3c, 0xf, 0x0, 0xf0, 0x3c, 0x3, 0xc0, 0xf0,
    0xf, 0x3, 0xc0, 0x3c, 0xf, 0x0, 0xf0, 0x3c,
    0x3, 0xff, 0xff, 0xf, 0xff, 0xff, 0x3f, 0xff,
    0xfe, 0xf0, 0x3c, 0xfb, 0xc0, 0xf1, 0xff, 0x3,
    0xc3, 0xfc, 0xf, 0xf, 0xf0, 0x3c, 0x3f, 0xc0,
    0xf0, 0xff, 0x3, 0xc7, 0xbc, 0xf, 0xfe, 0xf0,
    0x3f, 0xe3, 0xc0, 0xfe, 0x0,

    /* U+045B "ћ" */
    0xf, 0x0, 0x0, 0x78, 0x0, 0x3, 0xc0, 0x0,
    0x1e, 0x0, 0x0, 0xf0, 0x0, 0x7, 0x80, 0x0,
    0x3c, 0x0, 0x1, 0xe0, 0x0, 0xf, 0x0, 0x7,
    0xff, 0xf8, 0x3f, 0xff, 0xc1, 0xff, 0xfe, 0x0,
    0xf0, 0x0, 0x7, 0x80, 0x0, 0x3c, 0x0, 0x1,
    0xe0, 0x0, 0xf, 0x1f, 0x80, 0x79, 0xff, 0x3,
    0xdf, 0xfc, 0x1f, 0xc3, 0xe0, 0xfc, 0xf, 0x7,
    0xc0, 0x3c, 0x3c, 0x1, 0xe1, 0xe0, 0xf, 0xf,
    0x0, 0x78, 0x78, 0x3, 0xc3, 0xc0, 0x1e, 0x1e,
    0x0, 0xf0, 0xf0, 0x7, 0x87, 0x80, 0x3c, 0x3c,
    0x1, 0xe0,

    /* U+045C "ќ" */
    0x0, 0x1e, 0x0, 0x3, 0xc0, 0x0, 0x38, 0x0,
    0x7, 0x80, 0x0, 0xf0, 0x0, 0x1e, 0x0, 0x1,
    0xc0, 0x0, 0x38, 0x0, 0x0, 0x0, 0x0, 0x0,
    0x0, 0x0, 0x0, 0xf, 0x0, 0x7c, 0xf0, 0xf,
    0x8f, 0x1, 0xf0, 0xf0, 0x3c, 0xf, 0x7, 0x80,
    0xf0, 0xf0, 0xf, 0x1e, 0x0, 0xf3, 0xc0, 0xf,
    0x78, 0x0, 0xff, 0xc0, 0xf, 0xfe, 0x0, 0xfd,
    0xf0, 0xf, 0x8f, 0x0, 0xf0, 0x78, 0xf, 0x3,
    0xc0, 0xf0, 0x3e, 0xf, 0x1, 0xe0, 0xf0, 0xf,
    0xf, 0x0, 0xf8, 0xf0, 0x7, 0xcf, 0x0, 0x3c,
    0xf0, 0x1, 0xe0,

    /* U+045D "ѝ" */
    0xe, 0x0, 0x7, 0x80, 0x1, 0xe0, 0x0, 0x70,
    0x0, 0x1c, 0x0, 0x7, 0x0, 0x1, 0xc0, 0x0,
    0xe0, 0x0, 0x0, 0x0, 0x0, 0x0, 0x0, 0x1e,
    0x0, 0xff, 0x0, 0xff, 0x80, 0x7f, 0xc0, 0x7f,
    0xe0, 0x7f, 0xf0, 0x3f, 0xf8, 0x3f, 0xfc, 0x1d,
    0xfe, 0x1e, 0xff, 0xe, 0x7f, 0x8f, 0x3f, 0xcf,
    0x1f, 0xe7, 0xf, 0xf7, 0x87, 0xfb, 0x83, 0xff,
    0xc1, 0xff, 0xc0, 0xff, 0xe0, 0x7f, 0xe0, 0x3f,
    0xe0, 0x1f, 0xf0, 0xf, 0xf0, 0x7, 0x80,

    /* U+045E "ў" */
    0xe, 0x3, 0x80, 0x30, 0x1c, 0x1, 0xc1, 0xc0,
    0xf, 0xfe, 0x0, 0x3f, 0xe0, 0x0, 0x7c, 0x0,
    0x0, 0x0, 0x0, 0x0, 0x0, 0x0, 0x0, 0x3,
    0x80, 0x3, 0xde, 0x0, 0x1e, 0xf0, 0x0, 0xe3,
    0xc0, 0xf, 0x1e, 0x0, 0x78, 0x70, 0x7, 0x83,
    0xc0, 0x3c, 0x1e, 0x1, 0xe0, 0x78, 0x1e, 0x3,
    0xc0, 0xf0, 0x1e, 0x7, 0x0, 0x78, 0x78, 0x3,
    0xc3, 0xc0, 0xe, 0x3c, 0x0, 0x79, 0xe0, 0x3,
    0xce, 0x0, 0xf, 0xf0, 0x0, 0x7f, 0x80, 0x1,
    0xf8, 0x0, 0xf, 0xc0, 0x0, 0x7e, 0x0, 0x1,
    0xe0, 0x0, 0xf, 0x0, 0x0, 0x70, 0x0, 0x7,
    0x80, 0x0, 0x3c, 0x0, 0x3, 0xc0, 0x0, 0x3e,
    0x0, 0x1f, 0xe0, 0x0, 0xfe, 0x0, 0x7, 0xe0,
    0x0,

    /* U+045F "џ" */
    0xf0, 0x7, 0xf8, 0x3, 0xfc, 0x1, 0xfe, 0x0,
    0xff, 0x0, 0x7f, 0x80, 0x3f, 0xc0, 0x1f, 0xe0,
    0xf, 0xf0, 0x7, 0xf8, 0x3, 0xfc, 0x1, 0xfe,
    0x0, 0xff, 0x0, 0x7f, 0x80, 0x3f, 0xc0, 0x1f,
    0xe0, 0xf, 0xf0, 0x7, 0xf8, 0x3, 0xfc, 0x1,
    0xff, 0xff, 0xff, 0xff, 0xff, 0xff, 0xfc, 0x7,
    0x0, 0x3, 0x80, 0x1, 0xc0, 0x0, 0xe0, 0x0,
    0x70, 0x0, 0x38, 0x0,

    /* U+0462 "Ѣ" */
    0x7, 0x80, 0x0, 0x1e, 0x0, 0x0, 0x78, 0x0,
    0x1, 0xe0, 0x0, 0x7, 0x80, 0x3, 0xff, 0xfe,
    0xf, 0xff, 0xf8, 0x3f, 0xff, 0xe0, 0x7, 0x80,
    0x0, 0x1e, 0x0, 0x0, 0x78, 0x0, 0x1, 0xe0,
    0x0, 0x7, 0xff, 0x0, 0x1f, 0xff, 0x0, 0x7f,
    0xff, 0x1, 0xe0, 0x7e, 0x7, 0x80, 0xf8, 0x1e,
    0x1, 0xf0, 0x78, 0x3, 0xc1, 0xe0, 0xf, 0x7,
    0x80, 0x3c, 0x1e, 0x0, 0xf0, 0x78, 0x3, 0xc1,
    0xe0, 0xf, 0x7, 0x80, 0x7c, 0x1e, 0x3, 0xe0,
    0x78, 0x1f, 0x81, 0xff, 0xfc, 0x7, 0xff, 0xc0,
    0x1f, 0xfc, 0x0,

    /* U+0463 "ѣ" */
    0x7, 0x80, 0x0, 0xf, 0x0, 0x0, 0x1e, 0x0,
    0x0, 0x3c, 0x0, 0x0, 0x78, 0x0, 0x0, 0xf0,
    0x0, 0x1, 0xe0, 0x0, 0x3, 0xc0, 0x0, 0x7,
    0x80, 0x1, 0xff, 0xff, 0x3, 0xff, 0xfe, 0x7,
    0xff, 0xfc, 0x0, 0x78, 0x0, 0x0, 0xf0, 0x0,
    0x1, 0xe0, 0x0, 0x3, 0xc0, 0x0, 0x7, 0x80,
    0x0, 0xf, 0x0, 0x0, 0x1f, 0xff, 0x0, 0x3f,
    0xff, 0x80, 0x7f, 0xff, 0xc0, 0xf0, 0xf, 0x81,
    0xe0, 0xf, 0x83, 0xc0, 0xf, 0x7, 0x80, 0x1e,
    0xf, 0x0, 0x3c, 0x1e, 0x0, 0xf8, 0x3c, 0x3,
    0xe0, 0x7f, 0xff, 0xc0, 0xff, 0xff, 0x1, 0xff,
    0xf0, 0x0,

    /* U+0472 "Ѳ" */
    0x0, 0x0, 0x0, 0x3f, 0xc0, 0xf, 0xff, 0x1,
    0xff, 0xf8, 0x3e, 0x7, 0xc3, 0xc0, 0x3c, 0x78,
    0x1, 0xe7, 0x80, 0x1e, 0x78, 0x1, 0xe7, 0x0,
    0xe, 0xf0, 0x0, 0xff, 0x0, 0xf, 0xf0, 0x0,
    0xff, 0x0, 0xf, 0xf0, 0x0, 0xff, 0xff, 0xff,
    0xff, 0xff, 0xff, 0xff, 0xff, 0xf0, 0x0, 0xff,
    0x0, 0xf, 0xf0, 0x0, 0xff, 0x0, 0xf, 0x70,
    0x0, 0xe7, 0x80, 0x1e, 0x78, 0x1, 0xe7, 0x80,
    0x1e, 0x3c, 0x3, 0xc3, 0xe0, 0x7c, 0x1f, 0xff,
    0x80, 0xff, 0xf0, 0x7, 0xfc, 0x0, 0x6, 0x0,

    /* U+0473 "ѳ" */
    0x0, 0x40, 0x0, 0xff, 0x80, 0x7f, 0xfc, 0x1f,
    0xff, 0xc3, 0xc0, 0x78, 0xf0, 0x7, 0x9e, 0x0,
    0xf7, 0x80, 0xe, 0xf0, 0x1, 0xfe, 0x0, 0x3f,
    0xc0, 0x7, 0xff, 0xff, 0xff, 0xff, 0xff, 0xff,
    0xff, 0xfc, 0x0, 0x7f, 0x80, 0xf, 0xf8, 0x3,
    0xef, 0x0, 0x79, 0xe0, 0xf, 0x1e, 0x3, 0xc3,
    0xff, 0xf8, 0x3f, 0xfe, 0x1, 0xff, 0x0, 0x2,
    0x0,

    /* U+0490 "Ґ" */
    0x0, 0x1, 0xe0, 0x0, 0x3c, 0x0, 0x7, 0x80,
    0x0, 0xf0, 0x0, 0x1e, 0x0, 0x3, 0xff, 0xff,
    0xff, 0xff, 0xff, 0xff, 0xff, 0xfe, 0x0, 0x3,
    0xc0, 0x0, 0x78, 0x0, 0xf, 0x0, 0x1, 0xe0,
    0x0, 0x3c, 0x0, 0x7, 0x80, 0x0, 0xf0, 0x0,
    0x1e, 0x0, 0x3, 0xc0, 0x0, 0x78, 0x0, 0xf,
    0x0, 0x1, 0xe0, 0x0, 0x3c, 0x0, 0x7, 0x80,
    0x0, 0xf0, 0x0, 0x1e, 0x0, 0x3, 0xc0, 0x0,
    0x78, 0x0, 0xf, 0x0, 0x1, 0xe0, 0x0, 0x3c,
    0x0, 0x7, 0x80, 0x0, 0xf0, 0x0, 0x1e, 0x0,
    0x3, 0xc0, 0x0, 0x78, 0x0, 0x0,

    /* U+0491 "ґ" */
    0x0, 0x1e, 0x0, 0x3c, 0x0, 0x78, 0x0, 0xf0,
    0x1, 0xe0, 0x3, 0xc0, 0x7, 0xff, 0xff, 0xff,
    0xff, 0xff, 0xff, 0xc0, 0x7, 0x80, 0xf, 0x0,
    0x1e, 0x0, 0x3c, 0x0, 0x78, 0x0, 0xf0, 0x1,
    0xe0, 0x3, 0xc0, 0x7, 0x80, 0xf, 0x0, 0x1e,
    0x0, 0x3c, 0x0, 0x78, 0x0, 0xf0, 0x1, 0xe0,
    0x3, 0xc0, 0x7, 0x80, 0xf, 0x0, 0x0,

    /* U+0492 "Ғ" */
    0x1f, 0xff, 0xf8, 0xff, 0xff, 0xc7, 0xff, 0xfe,
    0x3c, 0x0, 0x1, 0xe0, 0x0, 0xf, 0x0, 0x0,
    0x78, 0x0, 0x3, 0xc0, 0x0, 0x1e, 0x0, 0x0,
    0xf0, 0x0, 0x3f, 0xff, 0xf1, 0xff, 0xff, 0x8f,
    0xff, 0xfc, 0xf, 0x0, 0x0, 0x78, 0x0, 0x3,
    0xc0, 0x0, 0x1e, 0x0, 0x0, 0xf0, 0x0, 0x7,
    0x80, 0x0, 0x3c, 0x0, 0x1, 0xe0, 0x0, 0xf,
    0x0, 0x0, 0x78, 0x0, 0x3, 0xc0, 0x0, 0x1e,
    0x0, 0x0, 0xf0, 0x0, 0x7, 0x80, 0x0, 0x3c,
    0x0, 0x1, 0xe0, 0x0, 0xf, 0x0, 0x0,

    /* U+0493 "ғ" */
    0x3f, 0xff, 0xcf, 0xff, 0xf3, 0xff, 0xfc, 0xf0,
    0x0, 0x3c, 0x0, 0xf, 0x0, 0x3, 0xc0, 0x0,
    0xf0, 0x0, 0x3c, 0x0, 0x3f, 0xff, 0x8f, 0xff,
    0xe3, 0xff, 0xf8, 0x3c, 0x0, 0xf, 0x0, 0x3,
    0xc0, 0x0, 0xf0, 0x0, 0x3c, 0x0, 0xf, 0x0,
    0x3, 0xc0, 0x0, 0xf0, 0x0, 0x3c, 0x0, 0xf,
    0x0, 0x0,

    /* U+0494 "Ҕ" */
    0xff, 0xff, 0xff, 0xff, 0xff, 0xff, 0xff, 0xc0,
    0x0, 0xf0, 0x0, 0x3c, 0x0, 0xf, 0x0, 0x3,
    0xc0, 0x0, 0xf0, 0x0, 0x3c, 0x0, 0xf, 0x0,
    0x3, 0xc0, 0x0, 0xf0, 0x0, 0x3f, 0xfe, 0xf,
    0xff, 0xe3, 0xff, 0xfc, 0xf0, 0x1f, 0xbc, 0x1,
    0xef, 0x0, 0x7b, 0xc0, 0xf, 0xf0, 0x3, 0xfc,
    0x0, 0xff, 0x0, 0x3f, 0xc0, 0xf, 0xf0, 0x3,
    0xfc, 0x0, 0xff, 0x0, 0x3f, 0xc0, 0xf, 0xf0,
    0x3, 0xfc, 0x0, 0xf0, 0x0, 0x3c, 0x0, 0xf,
    0x0, 0x3, 0xc0, 0x1, 0xe0, 0x0, 0x78, 0x0,
    0x3e, 0x0, 0xff, 0x0, 0x3f, 0x80, 0xf, 0x80,

    /* U+0495 "ҕ" */
    0xff, 0xfe, 0x7f, 0xff, 0x3f, 0xff, 0x9e, 0x0,
    0xf, 0x0, 0x7, 0x80, 0x3, 0xc0, 0x1, 0xe0,
    0x0, 0xf0, 0x0, 0x78, 0x0, 0x3f, 0xff, 0x1f,
    0xff, 0xcf, 0xff, 0xf7, 0x80, 0x7f, 0xc0, 0x1f,
    0xe0, 0xf, 0xf0, 0x7, 0xf8, 0x3, 0xfc, 0x1,
    0xfe, 0x0, 0xff, 0x0, 0x7f, 0x80, 0x3c, 0x0,
    0x1e, 0x0, 0xf, 0x0, 0x7, 0x80, 0x3, 0xc0,
    0x1, 0xe0, 0x1, 0xe0, 0x3f, 0xf0, 0x1f, 0xf0,
    0xf, 0xe0,

    /* U+0496 "Җ" */
    0xf8, 0x3c, 0x1e, 0x78, 0x3c, 0x3e, 0x78, 0x3c,
    0x3c, 0x3c, 0x3c, 0x3c, 0x3c, 0x3c, 0x78, 0x1e,
    0x3c, 0x78, 0x1e, 0x3c, 0xf0, 0xf, 0x3c, 0xf0,
    0xf, 0x3d, 0xe0, 0x7, 0xbd, 0xe0, 0x7, 0xbd,
    0xc0, 0x3, 0xff, 0xc0, 0x3, 0xff, 0xc0, 0x7,
    0xff, 0xc0, 0x7, 0xff, 0xc0, 0x7, 0xff, 0xe0,
    0xf, 0xff, 0xe0, 0xf, 0xfe, 0xe0, 0xf, 0x7e,
    0xf0, 0x1e, 0x7e, 0xf0, 0x1e, 0x3c, 0x70, 0x1e,
    0x3c, 0x78, 0x3c, 0x3c, 0x78, 0x3c, 0x3c, 0x38,
    0x3c, 0x3c, 0x3c, 0x78, 0x3c, 0x3c, 0x78, 0x3c,
    0x3c, 0x78, 0x3c, 0x1f, 0xf0, 0x3c, 0x1f, 0xf0,
    0x3c, 0x1f, 0x0, 0x0, 0xf, 0x0, 0x0, 0xf,
    0x0, 0x0, 0xf, 0x0, 0x0, 0xf, 0x0, 0x0,
    0xf, 0x0, 0x0, 0xf, 0x0, 0x0, 0xf,

    /* U+0497 "җ" */
    0xf0, 0x78, 0x79, 0xe1, 0xe1, 0xc7, 0x87, 0x8f,
    0xf, 0x1e, 0x38, 0x1e, 0x79, 0xe0, 0x79, 0xe7,
    0x0, 0xf7, 0xbc, 0x3, 0xdf, 0xe0, 0xf, 0xff,
    0x80, 0x3f, 0xfe, 0x0, 0xff, 0xfc, 0x7, 0xff,
    0xf0, 0x1f, 0xfd, 0xc0, 0x73, 0xf7, 0x83, 0xc7,
    0x8e, 0xf, 0x1e, 0x38, 0x38, 0x78, 0xf1, 0xe1,
    0xe1, 0xc7, 0x7, 0x87, 0x3c, 0x1e, 0x1f, 0xf0,
    0x78, 0x3f, 0x81, 0xe0, 0xf0, 0x0, 0x1, 0xc0,
    0x0, 0x7, 0x0, 0x0, 0x1c, 0x0, 0x0, 0x70,
    0x0, 0x1, 0xc0,

    /* U+0498 "Ҙ" */
    0x0, 0x0, 0xf, 0xff, 0x81, 0xff, 0xf8, 0x3f,
    0xff, 0x86, 0x0, 0xf8, 0x0, 0xf, 0x80, 0x0,
    0xf0, 0x0, 0x1e, 0x0, 0x3, 0xc0, 0x0, 0x78,
    0x0, 0x1f, 0x0, 0x3, 0xc0, 0x1, 0xf0, 0xf,
    0xfc, 0x1, 0xfe, 0x0, 0x3f, 0xf0, 0x0, 0x1f,
    0x80, 0x0, 0xf8, 0x0, 0xf, 0x0, 0x1, 0xf0,
    0x0, 0x1e, 0x0, 0x3, 0xc0, 0x0, 0x78, 0x0,
    0xf, 0x0, 0x1, 0xe0, 0x0, 0x7e, 0x0, 0xf,
    0x70, 0x7, 0xef, 0xff, 0xf9, 0xff, 0xfe, 0x1f,
    0xff, 0x0, 0xe, 0x0, 0x0, 0xe0, 0x0, 0xe,
    0x0, 0x1, 0xc0, 0x0, 0x78, 0x0, 0xff, 0x0,
    0x1f, 0xc0, 0x3, 0xf0, 0x0,

    /* U+0499 "ҙ" */
    0x0, 0x0, 0x1f, 0xff, 0x87, 0xff, 0xf1, 0xff,
    0xfe, 0x0, 0x7, 0xc0, 0x0, 0xf0, 0x0, 0x3c,
    0x0, 0x1f, 0x0, 0xf, 0x81, 0xff, 0xc0, 0x7f,
    0x80, 0x1f, 0xf8, 0x0, 0x1f, 0x80, 0x1, 0xe0,
    0x0, 0x3c, 0x0, 0xf, 0x0, 0x3, 0xc0, 0x0,
    0xf0, 0x0, 0x7f, 0x0, 0x3e, 0xff, 0xff, 0xbf,
    0xff, 0x87, 0xff, 0xc0, 0xf, 0x0, 0x0, 0xe0,
    0x0, 0x1c, 0x0, 0x7, 0x0, 0x3, 0xc0, 0xf,
    0xf0, 0x3, 0xf8, 0x0, 0xfc, 0x0,

    /* U+049A "Қ" */
    0xf0, 0x0, 0x7b, 0xc0, 0x3, 0xcf, 0x0, 0x1e,
    0x3c, 0x0, 0xf0, 0xf0, 0x7, 0x83, 0xc0, 0x3e,
    0xf, 0x1, 0xf0, 0x3c, 0xf, 0x80, 0xf0, 0x7c,
    0x3, 0xc3, 0xe0, 0xf, 0x1f, 0x0, 0x3c, 0xf8,
    0x0, 0xf7, 0xc0, 0x3, 0xff, 0x80, 0xf, 0xfe,
    0x0, 0x3f, 0xfc, 0x0, 0xfc, 0xf8, 0x3, 0xe1,
    0xe0, 0xf, 0x7, 0xc0, 0x3c, 0xf, 0x80, 0xf0,
    0x1e, 0x3, 0xc0, 0x3c, 0xf, 0x0, 0xf8, 0x3c,
    0x1, 0xe0, 0xf0, 0x3, 0xc3, 0xc0, 0xf, 0x8f,
    0x0, 0x1f, 0x3c, 0x0, 0x3f, 0xf0, 0x0, 0xff,
    0xc0, 0x1, 0xf0, 0x0, 0x3, 0xc0, 0x0, 0xf,
    0x0, 0x0, 0x3c, 0x0, 0x0, 0xf0, 0x0, 0x3,
    0xc0, 0x0, 0xf, 0x0, 0x0, 0x3c,

    /* U+049B "қ" */
    0xf0, 0x7, 0x9e, 0x1, 0xe3, 0xc0, 0x78, 0x78,
    0x1e, 0xf, 0x7, 0x81, 0xe1, 0xe0, 0x3c, 0x78,
    0x7, 0x9e, 0x0, 0xf7, 0x80, 0x1f, 0xf8, 0x3,
    0xff, 0x0, 0x7e, 0xf0, 0xf, 0x8f, 0x1, 0xe1,
    0xe0, 0x3c, 0x1e, 0x7, 0x81, 0xe0, 0xf0, 0x1e,
    0x1e, 0x3, 0xc3, 0xc0, 0x3c, 0x78, 0x3, 0xff,
    0x0, 0x7f, 0xe0, 0x7, 0xc0, 0x0, 0x78, 0x0,
    0xf, 0x0, 0x1, 0xe0, 0x0, 0x3c, 0x0, 0x7,
    0x80, 0x0, 0xf0,

    /* U+04A2 "Ң" */
    0xf0, 0x1, 0xe1, 0xe0, 0x3, 0xc3, 0xc0, 0x7,
    0x87, 0x80, 0xf, 0xf, 0x0, 0x1e, 0x1e, 0x0,
    0x3c, 0x3c, 0x0, 0x78, 0x78, 0x0, 0xf0, 0xf0,
    0x1, 0xe1, 0xe0, 0x3, 0xc3, 0xc0, 0x7, 0x87,
    0x80, 0xf, 0xf, 0x0, 0x1e, 0x1f, 0xff, 0xfc,
    0x3f, 0xff, 0xf8, 0x7f, 0xff, 0xf0, 0xf0, 0x1,
    0xe1, 0xe0, 0x3, 0xc3, 0xc0, 0x7, 0x87, 0x80,
    0xf, 0xf, 0x0, 0x1e, 0x1e, 0x0, 0x3c, 0x3c,
    0x0, 0x78, 0x78, 0x0, 0xf0, 0xf0, 0x1, 0xe1,
    0xe0, 0x3, 0xc3, 0xc0, 0x7, 0x87, 0x80, 0xf,
    0xff, 0x0, 0x1f, 0xfe, 0x0, 0x3f, 0xc0, 0x0,
    0x7, 0x80, 0x0, 0xf, 0x0, 0x0, 0x1e, 0x0,
    0x0, 0x3c, 0x0, 0x0, 0x78, 0x0, 0x0, 0xf0,
    0x0, 0x1, 0xe0,

    /* U+04A3 "ң" */
    0xf0, 0x7, 0x87, 0x80, 0x3c, 0x3c, 0x1, 0xe1,
    0xe0, 0xf, 0xf, 0x0, 0x78, 0x78, 0x3, 0xc3,
    0xc0, 0x1e, 0x1e, 0x0, 0xf0, 0xf0, 0x7, 0x87,
    0xff, 0xfc, 0x3f, 0xff, 0xe1, 0xff, 0xff, 0xf,
    0x0, 0x78, 0x78, 0x3, 0xc3, 0xc0, 0x1e, 0x1e,
    0x0, 0xf0, 0xf0, 0x7, 0x87, 0x80, 0x3c, 0x3c,
    0x1, 0xe1, 0xe0, 0xf, 0xff, 0x0, 0x7f, 0xf8,
    0x3, 0xfc, 0x0, 0x1, 0xe0, 0x0, 0xf, 0x0,
    0x0, 0x78, 0x0, 0x3, 0xc0, 0x0, 0x1e, 0x0,
    0x0, 0xf0,

    /* U+04A4 "Ҥ" */
    0xf0, 0x1f, 0xff, 0x80, 0xff, 0xfc, 0x7, 0xff,
    0xe0, 0x3c, 0xf, 0x1, 0xe0, 0x78, 0xf, 0x3,
    0xc0, 0x78, 0x1e, 0x3, 0xc0, 0xf0, 0x1e, 0x7,
    0x80, 0xf0, 0x3c, 0x7, 0x81, 0xe0, 0x3c, 0xf,
    0x1, 0xe0, 0x7f, 0xff, 0x3, 0xff, 0xf8, 0x1f,
    0xff, 0xc0, 0xf0, 0x1e, 0x7, 0x80, 0xf0, 0x3c,
    0x7, 0x81, 0xe0, 0x3c, 0xf, 0x1, 0xe0, 0x78,
    0xf, 0x3, 0xc0, 0x78, 0x1e, 0x3, 0xc0, 0xf0,
    0x1e, 0x7, 0x80, 0xf0, 0x3c, 0x7, 0x81, 0xe0,
    0x3c, 0xf, 0x1, 0xe0, 0x78, 0xf, 0x0,

    /* U+04A5 "ҥ" */
    0xf0, 0x1f, 0xff, 0x80, 0xff, 0xfc, 0x7, 0xff,
    0xe0, 0x3c, 0xf, 0x1, 0xe0, 0x78, 0xf, 0x3,
    0xc0, 0x78, 0x1e, 0x3, 0xc0, 0xf0, 0x1e, 0x7,
    0xff, 0xf0, 0x3f, 0xff, 0x81, 0xff, 0xfc, 0xf,
    0x1, 0xe0, 0x78, 0xf, 0x3, 0xc0, 0x78, 0x1e,
    0x3, 0xc0, 0xf0, 0x1e, 0x7, 0x80, 0xf0, 0x3c,
    0x7, 0x81, 0xe0, 0x3c, 0xf, 0x1, 0xe0, 0x78,
    0xf, 0x0,

    /* U+04AA "Ҫ" */
    0x0, 0x0, 0x0, 0x3f, 0xf0, 0x1f, 0xff, 0x87,
    0xff, 0xf1, 0xf0, 0xe, 0x3c, 0x0, 0x4f, 0x0,
    0x3, 0xc0, 0x0, 0x78, 0x0, 0xf, 0x0, 0x1,
    0xe0, 0x0, 0x78, 0x0, 0xf, 0x0, 0x1, 0xe0,
    0x0, 0x3c, 0x0, 0x7, 0x80, 0x0, 0xf0, 0x0,
    0x1e, 0x0, 0x3, 0xc0, 0x0, 0x78, 0x0, 0xf,
    0x0, 0x1, 0xe0, 0x0, 0x1e, 0x0, 0x3, 0xc0,
    0x0, 0x78, 0x0, 0x7, 0x80, 0x0, 0xf8, 0x0,
    0x8f, 0x80, 0x70, 0xff, 0xfe, 0xf, 0xff, 0xc0,
    0x7f, 0xf0, 0x0, 0xf0, 0x0, 0xe, 0x0, 0x0,
    0xe0, 0x0, 0x1c, 0x0, 0x7, 0x80, 0x1f, 0xf0,
    0x3, 0xfc, 0x0, 0x7f, 0x0,

    /* U+04AB "ҫ" */
    0x0, 0x0, 0x0, 0xff, 0xc0, 0xff, 0xfc, 0x7f,
    0xff, 0x3e, 0x1, 0xcf, 0x0, 0x17, 0x80, 0x1,
    0xe0, 0x0, 0xf0, 0x0, 0x3c, 0x0, 0xf, 0x0,
    0x3, 0xc0, 0x0, 0xf0, 0x0, 0x3c, 0x0, 0xf,
    0x0, 0x3, 0xc0, 0x0, 0x78, 0x0, 0x1e, 0x0,
    0x7, 0xc0, 0x4, 0xf8, 0x3, 0x1f, 0xff, 0xc3,
    0xff, 0xf0, 0x7f, 0xf0, 0x1, 0xc0, 0x0, 0x38,
    0x0, 0x7, 0x0, 0x1, 0xc0, 0x0, 0xf0, 0x3,
    0xfc, 0x0, 0xfe, 0x0, 0x3f, 0x0,

    /* U+04AC "Ҭ" */
    0xff, 0xff, 0xff, 0xff, 0xff, 0xff, 0xff, 0xff,
    0xf8, 0x3, 0xc0, 0x0, 0x7, 0x80, 0x0, 0xf,
    0x0, 0x0, 0x1e, 0x0, 0x0, 0x3c, 0x0, 0x0,
    0x78, 0x0, 0x0, 0xf0, 0x0, 0x1, 0xe0, 0x0,
    0x3, 0xc0, 0x0, 0x7, 0x80, 0x0, 0xf, 0x0,
    0x0, 0x1e, 0x0, 0x0, 0x3c, 0x0, 0x0, 0x78,
    0x0, 0x0, 0xf0, 0x0, 0x1, 0xe0, 0x0, 0x3,
    0xc0, 0x0, 0x7, 0x80, 0x0, 0xf, 0x0, 0x0,
    0x1e, 0x0, 0x0, 0x3c, 0x0, 0x0, 0x78, 0x0,
    0x0, 0xf0, 0x0, 0x1, 0xe0, 0x0, 0x3, 0xfe,
    0x0, 0x7, 0xfc, 0x0, 0xf, 0xf8, 0x0, 0x0,
    0xf0, 0x0, 0x1, 0xe0, 0x0, 0x3, 0xc0, 0x0,
    0x7, 0x80, 0x0, 0xf, 0x0, 0x0, 0x1e, 0x0,
    0x0, 0x3c, 0x0,

    /* U+04AD "ҭ" */
    0xff, 0xff, 0xff, 0xff, 0xff, 0xff, 0x3, 0xc0,
    0x3, 0xc0, 0x3, 0xc0, 0x3, 0xc0, 0x3, 0xc0,
    0x3, 0xc0, 0x3, 0xc0, 0x3, 0xc0, 0x3, 0xc0,
    0x3, 0xc0, 0x3, 0xc0, 0x3, 0xc0, 0x3, 0xc0,
    0x3, 0xc0, 0x3, 0xc0, 0x3, 0xc0, 0x3, 0xfc,
    0x3, 0xfc, 0x3, 0xfc, 0x0, 0x3c, 0x0, 0x3c,
    0x0, 0x3c, 0x0, 0x3c, 0x0, 0x3c, 0x0, 0x3c,

    /* U+04AE "Ү" */
    0x78, 0x0, 0x1e, 0x7c, 0x0, 0x3e, 0x3c, 0x0,
    0x3c, 0x3e, 0x0, 0x7c, 0x1e, 0x0, 0x78, 0xf,
    0x0, 0xf0, 0xf, 0x0, 0xf0, 0x7, 0x81, 0xe0,
    0x7, 0x81, 0xe0, 0x3, 0xc3, 0xc0, 0x3, 0xe7,
    0xc0, 0x1, 0xe7, 0x80, 0x0, 0xff, 0x0, 0x0,
    0xff, 0x0, 0x0, 0x7e, 0x0, 0x0, 0x7e, 0x0,
    0x0, 0x3c, 0x0, 0x0, 0x3c, 0x0, 0x0, 0x3c,
    0x0, 0x0, 0x3c, 0x0, 0x0, 0x3c, 0x0, 0x0,
    0x3c, 0x0, 0x0, 0x3c, 0x0, 0x0, 0x3c, 0x0,
    0x0, 0x3c, 0x0, 0x0, 0x3c, 0x0, 0x0, 0x3c,
    0x0, 0x0, 0x3c, 0x0, 0x0, 0x3c, 0x0, 0x0,
    0x3c, 0x0,

    /* U+04AF "ү" */
    0x78, 0x0, 0x79, 0xe0, 0x1, 0xe7, 0x80, 0x7,
    0x8f, 0x0, 0x3c, 0x3c, 0x0, 0xf0, 0x70, 0x3,
    0x81, 0xe0, 0x1e, 0x7, 0x80, 0x78, 0xf, 0x3,
    0xc0, 0x3c, 0xf, 0x0, 0x70, 0x3c, 0x1, 0xe1,
    0xe0, 0x7, 0x87, 0x80, 0xe, 0x1c, 0x0, 0x3c,
    0xf0, 0x0, 0xf3, 0xc0, 0x1, 0xfe, 0x0, 0x7,
    0xf8, 0x0, 0xf, 0xc0, 0x0, 0x3f, 0x0, 0x0,
    0xfc, 0x0, 0x1, 0xe0, 0x0, 0x7, 0x80, 0x0,
    0x1e, 0x0, 0x0, 0x78, 0x0, 0x1, 0xe0, 0x0,
    0x7, 0x80, 0x0, 0x1e, 0x0, 0x0, 0x78, 0x0,
    0x1, 0xe0, 0x0, 0x7, 0x80, 0x0,

    /* U+04B0 "Ұ" */
    0xf0, 0x0, 0x1e, 0xf0, 0x0, 0x79, 0xe0, 0x1,
    0xf1, 0xe0, 0x3, 0xc3, 0xc0, 0xf, 0x3, 0xc0,
    0x1e, 0x7, 0x80, 0x78, 0x7, 0x81, 0xf0, 0x7,
    0x83, 0xc0, 0xf, 0xf, 0x0, 0xf, 0x1e, 0x0,
    0x1e, 0x78, 0x0, 0x1f, 0xe0, 0x0, 0x3f, 0xc0,
    0x0, 0x3f, 0x0, 0x0, 0x7e, 0x0, 0x0, 0x78,
    0x0, 0x0, 0xf0, 0x0, 0x3f, 0xff, 0x80, 0x7f,
    0xff, 0x0, 0xff, 0xfe, 0x0, 0xf, 0x0, 0x0,
    0x1e, 0x0, 0x0, 0x3c, 0x0, 0x0, 0x78, 0x0,
    0x0, 0xf0, 0x0, 0x1, 0xe0, 0x0, 0x3, 0xc0,
    0x0, 0x7, 0x80, 0x0, 0xf, 0x0, 0x0,

    /* U+04B1 "ұ" */
    0x78, 0x0, 0x79, 0xe0, 0x1, 0xe7, 0x80, 0x7,
    0x8f, 0x0, 0x3c, 0x3c, 0x0, 0xf0, 0x70, 0x3,
    0x81, 0xe0, 0x1e, 0x7, 0x80, 0x78, 0xf, 0x3,
    0xc0, 0x3c, 0xf, 0x0, 0x70, 0x38, 0x1, 0xe1,
    0xe0, 0x7, 0x87, 0x80, 0xf, 0x3c, 0x0, 0x3c,
    0xf0, 0x0, 0xf3, 0xc0, 0x1, 0xfe, 0x0, 0x7,
    0xf8, 0x0, 0xf, 0xc0, 0x0, 0x3f, 0x0, 0x0,
    0xfc, 0x0, 0x1, 0xe0, 0x0, 0x7, 0x80, 0x1,
    0xff, 0xe0, 0x7, 0xff, 0x80, 0x1f, 0xfe, 0x0,
    0x7, 0x80, 0x0, 0x1e, 0x0, 0x0, 0x78, 0x0,
    0x1, 0xe0, 0x0, 0x7, 0x80, 0x0,

    /* U+04B2 "Ҳ" */
    0x3c, 0x0, 0x1e, 0x1e, 0x0, 0x3c, 0x1e, 0x0,
    0x3c, 0xf, 0x0, 0x78, 0xf, 0x80, 0x78, 0x7,
    0x80, 0xf0, 0x3, 0xc1, 0xe0, 0x3, 0xc1, 0xe0,
    0x1, 0xe3, 0xc0, 0x1, 0xe3, 0xc0, 0x0, 0xf7,
    0x80, 0x0, 0x7f, 0x0, 0x0, 0x7f, 0x0, 0x0,
    0x3e, 0x0, 0x0, 0x3e, 0x0, 0x0, 0x3e, 0x0,
    0x0, 0x7f, 0x0, 0x0, 0xf7, 0x80, 0x0, 0xf7,
    0x80, 0x1, 0xe3, 0xc0, 0x3, 0xe3, 0xc0, 0x3,
    0xc1, 0xe0, 0x7, 0x80, 0xe0, 0xf, 0x80, 0xf0,
    0xf, 0x0, 0x78, 0x1e, 0x0, 0x78, 0x1e, 0x0,
    0x3c, 0x3c, 0x0, 0x3f, 0x7c, 0x0, 0x1f, 0x78,
    0x0, 0xf, 0x0, 0x0, 0xf, 0x0, 0x0, 0xf,
    0x0, 0x0, 0xf, 0x0, 0x0, 0xf, 0x0, 0x0,
    0xf, 0x0, 0x0, 0xf, 0x0, 0x0, 0xf,

    /* U+04B3 "ҳ" */
    0x78, 0x0, 0x78, 0xf0, 0x3, 0xc1, 0xe0, 0x1e,
    0x3, 0xc0, 0xf8, 0xf, 0x3, 0xc0, 0x1e, 0x1e,
    0x0, 0x3c, 0xf0, 0x0, 0x7b, 0xc0, 0x1, 0xfe,
    0x0, 0x3, 0xf0, 0x0, 0x7, 0x80, 0x0, 0x1f,
    0x0, 0x0, 0xfc, 0x0, 0x7, 0xf8, 0x0, 0x3c,
    0xf0, 0x1, 0xf1, 0xe0, 0x7, 0x87, 0x80, 0x3c,
    0xf, 0x1, 0xe0, 0x1e, 0xf, 0x0, 0x3f, 0x7c,
    0x0, 0xfd, 0xe0, 0x1, 0xf0, 0x0, 0x3, 0xc0,
    0x0, 0xf, 0x0, 0x0, 0x3c, 0x0, 0x0, 0xf0,
    0x0, 0x3, 0xc0, 0x0, 0xf,

    /* U+04BA "Һ" */
    0xf0, 0x0, 0x1e, 0x0, 0x3, 0xc0, 0x0, 0x78,
    0x0, 0xf, 0x0, 0x1, 0xe0, 0x0, 0x3c, 0x0,
    0x7, 0x80, 0x0, 0xf0, 0x0, 0x1e, 0x0, 0x3,
    0xc0, 0x0, 0x78, 0xff, 0xf, 0x7f, 0xf9, 0xff,
    0xff, 0x3f, 0xc1, 0xf7, 0xe0, 0x1e, 0xf8, 0x3,
    0xff, 0x0, 0x3f, 0xc0, 0x7, 0xf8, 0x0, 0xff,
    0x0, 0x1f, 0xe0, 0x3, 0xfc, 0x0, 0x7f, 0x80,
    0xf, 0xf0, 0x1, 0xfe, 0x0, 0x3f, 0xc0, 0x7,
    0xf8, 0x0, 0xff, 0x0, 0x1f, 0xe0, 0x3, 0xc0,

    /* U+04BB "һ" */
    0xf0, 0x0, 0x78, 0x0, 0x3c, 0x0, 0x1e, 0x0,
    0xf, 0x0, 0x7, 0x80, 0x3, 0xc0, 0x1, 0xe0,
    0x0, 0xf0, 0x20, 0x79, 0xfe, 0x3d, 0xff, 0x9f,
    0xff, 0xef, 0xc0, 0xf7, 0xc0, 0x7f, 0xe0, 0x1f,
    0xe0, 0xf, 0xf0, 0x7, 0xf8, 0x3, 0xfc, 0x1,
    0xfe, 0x0, 0xff, 0x0, 0x7f, 0x80, 0x3f, 0xc0,
    0x1f, 0xe0, 0xf, 0xf0, 0x7, 0xf8, 0x3, 0xfc,
    0x1, 0xfe, 0x0, 0xff, 0x0, 0x7f, 0x80, 0x3f,
    0xc0, 0x1e,

    /* U+04C0 "Ӏ" */
    0xff, 0xff, 0xff, 0xff, 0xff, 0xff, 0xe0, 0x78,
    0x0, 0x3c, 0x0, 0x1e, 0x0, 0xf, 0x0, 0x7,
    0x80, 0x3, 0xc0, 0x1, 0xe0, 0x0, 0xf0, 0x0,
    0x78, 0x0, 0x3c, 0x0, 0x1e, 0x0, 0xf, 0x0,
    0x7, 0x80, 0x3, 0xc0, 0x1, 0xe0, 0x0, 0xf0,
    0x0, 0x78, 0x0, 0x3c, 0x0, 0x1e, 0x0, 0xf,
    0x0, 0x7, 0x80, 0x3, 0xc0, 0x1, 0xe0, 0x0,
    0xf0, 0x1f, 0xff, 0xff, 0xff, 0xff, 0xff, 0xfc,

    /* U+04C1 "Ӂ" */
    0x3, 0x0, 0xc0, 0x3, 0x81, 0xc0, 0x3, 0xff,
    0xc0, 0x1, 0xff, 0x80, 0x0, 0x7e, 0x0, 0x0,
    0x0, 0x0, 0x0, 0x0, 0x0, 0xf8, 0x3c, 0x1f,
    0x78, 0x3c, 0x1e, 0x78, 0x3c, 0x3e, 0x3c, 0x3c,
    0x3c, 0x3c, 0x3c, 0x3c, 0x1e, 0x3c, 0x78, 0x1e,
    0x3c, 0x78, 0xf, 0x3c, 0xf0, 0xf, 0x3c, 0xf0,
    0x7, 0xbd, 0xe0, 0x7, 0xbd, 0xe0, 0x3, 0xff,
    0xc0, 0x3, 0xff, 0xc0, 0x7, 0xff, 0xe0, 0x7,
    0xff, 0xe0, 0x7, 0xff, 0xe0, 0xf, 0xff, 0xf0,
    0xf, 0xff, 0xf0, 0xf, 0x7e, 0xf0, 0x1e, 0x7e,
    0x78, 0x1e, 0x3c, 0x78, 0x1e, 0x3c, 0x78, 0x3c,
    0x3c, 0x3c, 0x3c, 0x3c, 0x3c, 0x3c, 0x3c, 0x3c,
    0x78, 0x3c, 0x1e, 0x78, 0x3c, 0x1e, 0x78, 0x3c,
    0x1e, 0xf0, 0x3c, 0xf, 0xf0, 0x3c, 0xf,

    /* U+04C2 "ӂ" */
    0xe, 0x1, 0xc0, 0x18, 0x6, 0x0, 0x70, 0x78,
    0x1, 0xff, 0xe0, 0x3, 0xff, 0x0, 0x3, 0xf0,
    0x0, 0x0, 0x0, 0x0, 0x0, 0x0, 0x0, 0x0,
    0x0, 0x0, 0x0, 0xf, 0x7, 0x83, 0xde, 0x1e,
    0x1e, 0x78, 0x78, 0x78, 0xf1, 0xe3, 0xc1, 0xe7,
    0x9e, 0x7, 0x9e, 0x78, 0xf, 0x7b, 0xc0, 0x3d,
    0xef, 0x0, 0xff, 0xfc, 0x3, 0xff, 0xf0, 0xf,
    0xff, 0xc0, 0x7f, 0xff, 0x81, 0xff, 0xfe, 0x7,
    0x3f, 0x38, 0x3c, 0x78, 0xf0, 0xf1, 0xe3, 0xc3,
    0x87, 0x87, 0x1e, 0x1e, 0x1e, 0x70, 0x78, 0x3b,
    0xc1, 0xe0, 0xff, 0x7, 0x83, 0xf8, 0x1e, 0x7,

    /* U+04C3 "Ӄ" */
    0xf0, 0x0, 0xff, 0x80, 0xf, 0xbc, 0x0, 0xf9,
    0xe0, 0xf, 0x8f, 0x0, 0xf8, 0x78, 0xf, 0x83,
    0xc0, 0x78, 0x1e, 0x7, 0x80, 0xf0, 0x7c, 0x7,
    0x87, 0xc0, 0x3c, 0x7c, 0x1, 0xe7, 0xc0, 0xf,
    0x7c, 0x0, 0x7f, 0xfc, 0x3, 0xff, 0xf8, 0x1f,
    0xff, 0xe0, 0xfc, 0x1f, 0x87, 0xc0, 0x3c, 0x3c,
    0x1, 0xe1, 0xe0, 0x7, 0x8f, 0x0, 0x3c, 0x78,
    0x1, 0xe3, 0xc0, 0xf, 0x1e, 0x0, 0x78, 0xf0,
    0x3, 0xc7, 0x80, 0x1e, 0x3c, 0x0, 0xf1, 0xe0,
    0x7, 0x8f, 0x0, 0x3c, 0x78, 0x1, 0xe0, 0x0,
    0xf, 0x0, 0x0, 0x78, 0x0, 0x3, 0xc0, 0x0,
    0x3c, 0x0, 0x1, 0xe0, 0x0, 0x1f, 0x0, 0xf,
    0xf0, 0x0, 0x7f, 0x0, 0x3, 0xe0, 0x0,

    /* U+04C4 "ӄ" */
    0xf0, 0x7, 0xbc, 0x3, 0xcf, 0x1, 0xe3, 0xc0,
    0xf0, 0xf0, 0x78, 0x3c, 0x3c, 0xf, 0x1e, 0x3,
    0xcf, 0x0, 0xf7, 0x80, 0x3f, 0xc0, 0xf, 0xff,
    0x83, 0xff, 0xf8, 0xff, 0xff, 0x3c, 0x3, 0xef,
    0x0, 0x7b, 0xc0, 0x1e, 0xf0, 0x7, 0xbc, 0x1,
    0xef, 0x0, 0x7b, 0xc0, 0x1e, 0xf0, 0x7, 0xbc,
    0x1, 0xe0, 0x0, 0x78, 0x0, 0x1e, 0x0, 0x7,
    0x80, 0x1, 0xe0, 0x0, 0x78, 0x0, 0x3c, 0x3,
    0xff, 0x0, 0xff, 0x80, 0x3f, 0x80,

    /* U+04C7 "Ӈ" */
    0xf0, 0x1, 0xfe, 0x0, 0x3f, 0xc0, 0x7, 0xf8,
    0x0, 0xff, 0x0, 0x1f, 0xe0, 0x3, 0xfc, 0x0,
    0x7f, 0x80, 0xf, 0xf0, 0x1, 0xfe, 0x0, 0x3f,
    0xc0, 0x7, 0xf8, 0x0, 0xff, 0x0, 0x1f, 0xff,
    0xff, 0xff, 0xff, 0xff, 0xff, 0xff, 0xf0, 0x1,
    0xfe, 0x0, 0x3f, 0xc0, 0x7, 0xf8, 0x0, 0xff,
    0x0, 0x1f, 0xe0, 0x3, 0xfc, 0x0, 0x7f, 0x80,
    0xf, 0xf0, 0x1, 0xfe, 0x0, 0x3f, 0xc0, 0x7,
    0xf8, 0x0, 0xff, 0x0, 0x1f, 0xe0, 0x3, 0xc0,
    0x0, 0x78, 0x0, 0xf, 0x0, 0x1, 0xe0, 0x0,
    0x78, 0x0, 0xf, 0x0, 0x3, 0xe0, 0x7, 0xf8,
    0x0, 0xfe, 0x0, 0x1f, 0x0,

    /* U+04C8 "ӈ" */
    0xf0, 0x7, 0xf8, 0x3, 0xfc, 0x1, 0xfe, 0x0,
    0xff, 0x0, 0x7f, 0x80, 0x3f, 0xc0, 0x1f, 0xe0,
    0xf, 0xf0, 0x7, 0xff, 0xff, 0xff, 0xff, 0xff,
    0xff, 0xff, 0x0, 0x7f, 0x80, 0x3f, 0xc0, 0x1f,
    0xe0, 0xf, 0xf0, 0x7, 0xf8, 0x3, 0xfc, 0x1,
    0xfe, 0x0, 0xff, 0x0, 0x7f, 0x80, 0x3c, 0x0,
    0x1e, 0x0, 0xf, 0x0, 0x7, 0x80, 0x3, 0xc0,
    0x1, 0xe0, 0x1, 0xe0, 0x3f, 0xf0, 0x1f, 0xf0,
    0xf, 0xe0,

    /* U+04CB "Ӌ" */
    0xf0, 0x1, 0xfe, 0x0, 0x3f, 0xc0, 0x7, 0xf8,
    0x0, 0xff, 0x0, 0x1f, 0xe0, 0x3, 0xfc, 0x0,
    0x7f, 0x80, 0xf, 0xf0, 0x1, 0xfe, 0x0, 0x3f,
    0xc0, 0x7, 0xf8, 0x1, 0xff, 0x80, 0x3e, 0xf0,
    0xf, 0xdf, 0x7, 0xfb, 0xff, 0xff, 0x3f, 0xfd,
    0xe1, 0xfe, 0x3c, 0x0, 0x7, 0x80, 0x0, 0xf0,
    0x0, 0x1e, 0x0, 0x3, 0xc0, 0x0, 0x78, 0x0,
    0xf, 0x0, 0x1, 0xe0, 0x0, 0x3c, 0x0, 0x7,
    0x80, 0xf, 0xf0, 0x1, 0xfe, 0x0, 0x3f, 0xc0,
    0x7, 0x80, 0x0, 0xf0, 0x0, 0x1e, 0x0, 0x3,
    0xc0, 0x0, 0x78, 0x0, 0xf, 0x0, 0x1, 0xe0,

    /* U+04CC "ӌ" */
    0xf0, 0x7, 0xf8, 0x3, 0xfc, 0x1, 0xfe, 0x0,
    0xff, 0x0, 0x7f, 0x80, 0x3f, 0xc0, 0x1f, 0xe0,
    0xf, 0xf0, 0xf, 0xbc, 0xf, 0xdf, 0xf, 0xef,
    0xff, 0xf3, 0xfe, 0x78, 0x7e, 0x3c, 0x0, 0x1e,
    0x0, 0xf, 0x0, 0x7, 0x80, 0x3, 0xc0, 0x1,
    0xe0, 0xf, 0xf0, 0x7, 0xf8, 0x3, 0xfc, 0x1,
    0xe0, 0x0, 0xf0, 0x0, 0x78, 0x0, 0x3c, 0x0,
    0x1e, 0x0, 0xf, 0x0,

    /* U+04CF "ӏ" */
    0xff, 0xff, 0xff, 0xff, 0xff, 0xff, 0xff, 0xff,
    0xff, 0xff, 0xff, 0xff, 0xff, 0xff, 0xff, 0xf0,

    /* U+04D0 "Ӑ" */
    0x7, 0x1, 0xc0, 0xf, 0x7, 0x0, 0xf, 0xfe,
    0x0, 0xf, 0xf8, 0x0, 0xf, 0xe0, 0x0, 0x0,
    0x0, 0x0, 0x0, 0x0, 0x0, 0x3e, 0x0, 0x0,
    0xfc, 0x0, 0x1, 0xfc, 0x0, 0x3, 0xf8, 0x0,
    0x7, 0x70, 0x0, 0x1e, 0xe0, 0x0, 0x3d, 0xe0,
    0x0, 0x73, 0xc0, 0x1, 0xe3, 0x80, 0x3, 0xc7,
    0x80, 0x7, 0xf, 0x0, 0x1e, 0xe, 0x0, 0x3c,
    0x1e, 0x0, 0x78, 0x3c, 0x1, 0xe0, 0x78, 0x3,
    0xc0, 0x78, 0x7, 0x80, 0xf0, 0xe, 0x1, 0xe0,
    0x3c, 0x3, 0xc0, 0x7f, 0xff, 0xc0, 0xff, 0xff,
    0x83, 0xff, 0xff, 0x7, 0x80, 0xf, 0xf, 0x0,
    0x1e, 0x3c, 0x0, 0x3c, 0x78, 0x0, 0x3c, 0xf0,
    0x0, 0x7b, 0xe0, 0x0, 0xf7, 0x80, 0x1, 0xef,
    0x0, 0x1, 0xe0,

    /* U+04D1 "ӑ" */
    0xc, 0x7, 0x0, 0xc0, 0x70, 0xe, 0xe, 0x0,
    0xff, 0xe0, 0x7, 0xfc, 0x0, 0x1f, 0x80, 0x0,
    0x0, 0x0, 0x0, 0x0, 0x0, 0x0, 0x0, 0x0,
    0x0, 0x1f, 0xfe, 0x3, 0xff, 0xf0, 0x3f, 0xff,
    0x83, 0x0, 0x7c, 0x0, 0x3, 0xc0, 0x0, 0x1e,
    0x0, 0x1, 0xe0, 0x0, 0x1e, 0x3, 0xff, 0xe1,
    0xff, 0xfe, 0x3f, 0xff, 0xe7, 0xe0, 0x1e, 0x78,
    0x1, 0xef, 0x0, 0x1e, 0xf0, 0x1, 0xef, 0x0,
    0x3e, 0xf0, 0x3, 0xef, 0x80, 0x7e, 0x78, 0xf,
    0xe7, 0xff, 0xee, 0x3f, 0xfc, 0xf1, 0xff, 0xf,
    0x1, 0x0, 0x0,

    /* U+04D2 "Ӓ" */
    0x3, 0xc3, 0xc0, 0x3, 0xc3, 0xc0, 0x3, 0xc3,
    0xc0, 0x3, 0xc3, 0xc0, 0x0, 0x0, 0x0, 0x0,
    0x0, 0x0, 0x0, 0x0, 0x0, 0x0, 0x7e, 0x0,
    0x0, 0x7e, 0x0, 0x0, 0x7e, 0x0, 0x0, 0xff,
    0x0, 0x0, 0xff, 0x0, 0x0, 0xe7, 0x0, 0x1,
    0xe7, 0x80, 0x1, 0xe7, 0x80, 0x1, 0xe7, 0x80,
    0x1, 0xc3, 0x80, 0x3, 0xc3, 0xc0, 0x3, 0xc3,
    0xc0, 0x3, 0xc1, 0xc0, 0x7, 0x81, 0xe0, 0x7,
    0x81, 0xe0, 0x7, 0x81, 0xe0, 0xf, 0x0, 0xf0,
    0xf, 0x0, 0xf0, 0xf, 0x0, 0xf0, 0xf, 0xff,
    0xf0, 0x1f, 0xff, 0xf8, 0x1f, 0xff, 0xf8, 0x1e,
    0x0, 0x78, 0x3c, 0x0, 0x3c, 0x3c, 0x0, 0x3c,
    0x3c, 0x0, 0x3c, 0x78, 0x0, 0x1e, 0x78, 0x0,
    0x1e, 0x78, 0x0, 0x1e, 0xf8, 0x0, 0x1f,

    /* U+04D3 "ӓ" */
    0xf, 0x1e, 0x0, 0xf1, 0xe0, 0xf, 0x1e, 0x0,
    0xf1, 0xe0, 0x0, 0x0, 0x0, 0x0, 0x0, 0x0,
    0x0, 0x0, 0x0, 0x0, 0x0, 0x0, 0x1, 0xff,
    0xe0, 0x3f, 0xff, 0x3, 0xff, 0xf8, 0x30, 0x7,
    0xc0, 0x0, 0x3c, 0x0, 0x1, 0xe0, 0x0, 0x1e,
    0x0, 0x1, 0xe0, 0x3f, 0xfe, 0x1f, 0xff, 0xe3,
    0xff, 0xfe, 0x7e, 0x1, 0xe7, 0x80, 0x1e, 0xf0,
    0x1, 0xef, 0x0, 0x1e, 0xf0, 0x3, 0xef, 0x0,
    0x3e, 0xf8, 0x7, 0xe7, 0x80, 0xfe, 0x7f, 0xfd,
    0xe3, 0xff, 0x9f, 0x1f, 0xf0, 0xf0, 0x10, 0x0,

    /* U+04D4 "Ӕ" */
    0x0, 0xff, 0xff, 0x0, 0xff, 0xff, 0x0, 0xff,
    0xff, 0x1, 0xe7, 0x80, 0x1, 0xc7, 0x80, 0x1,
    0xc7, 0x80, 0x1, 0xc7, 0x80, 0x3, 0xc7, 0x80,
    0x3, 0x87, 0x80, 0x3, 0x87, 0x80, 0x3, 0x87,
    0x80, 0x7, 0x87, 0x80, 0x7, 0x7, 0x80, 0x7,
    0x7, 0xfe, 0xf, 0x7, 0xfe, 0xf, 0x7, 0xfe,
    0xe, 0x7, 0x80, 0xe, 0x7, 0x80, 0x1e, 0x7,
    0x80, 0x1f, 0xff, 0x80, 0x1f, 0xff, 0x80, 0x1f,
    0xff, 0x80, 0x3c, 0x7, 0x80, 0x3c, 0x7, 0x80,
    0x38, 0x7, 0x80, 0x78, 0x7, 0x80, 0x78, 0x7,
    0x80, 0x78, 0x7, 0xff, 0x70, 0x7, 0xff, 0xf0,
    0x7, 0xff,

    /* U+04D5 "ӕ" */
    0x0, 0x0, 0x0, 0x3f, 0xc7, 0xf8, 0x3f, 0xef,
    0xfc, 0x3f, 0xff, 0xfe, 0x20, 0x7c, 0x1e, 0x0,
    0x3c, 0x1e, 0x0, 0x38, 0xf, 0x0, 0x38, 0xf,
    0x0, 0x38, 0xf, 0x0, 0x38, 0xf, 0xf, 0xff,
    0xff, 0x3f, 0xff, 0xff, 0x7f, 0xff, 0xff, 0x7c,
    0x38, 0x0, 0xf8, 0x38, 0x0, 0xf0, 0x38, 0x0,
    0xf0, 0x38, 0x0, 0xf0, 0x38, 0x0, 0xf0, 0x3c,
    0x0, 0xf8, 0x7c, 0x2, 0x7f, 0xef, 0xfe, 0x7f,
    0xef, 0xfe, 0x3f, 0xc7, 0xfc, 0x6, 0x0, 0x40,

    /* U+04D6 "Ӗ" */
    0x38, 0xe, 0x7, 0x7, 0x81, 0xff, 0xc0, 0x3f,
    0xe0, 0x3, 0xf0, 0x0, 0x0, 0x0, 0x0, 0x3,
    0xff, 0xff, 0xff, 0xff, 0xff, 0xff, 0xff, 0x0,
    0x3, 0xc0, 0x0, 0xf0, 0x0, 0x3c, 0x0, 0xf,
    0x0, 0x3, 0xc0, 0x0, 0xf0, 0x0, 0x3c, 0x0,
    0xf, 0x0, 0x3, 0xc0, 0x0, 0xff, 0xff, 0xbf,
    0xff, 0xef, 0xff, 0xfb, 0xc0, 0x0, 0xf0, 0x0,
    0x3c, 0x0, 0xf, 0x0, 0x3, 0xc0, 0x0, 0xf0,
    0x0, 0x3c, 0x0, 0xf, 0x0, 0x3, 0xc0, 0x0,
    0xf0, 0x0, 0x3c, 0x0, 0xf, 0xff, 0xff, 0xff,
    0xff, 0xff, 0xff, 0xc0,

    /* U+04D7 "ӗ" */
    0xc, 0x3, 0x0, 0xe0, 0x70, 0x7, 0xf, 0x0,
    0x7f, 0xe0, 0x3, 0xfe, 0x0, 0x1f, 0x80, 0x0,
    0x0, 0x0, 0x0, 0x0, 0x0, 0x0, 0x0, 0x0,
    0x0, 0x3, 0xfe, 0x0, 0xff, 0xf8, 0x1f, 0xff,
    0xc3, 0xe0, 0x3c, 0x3c, 0x1, 0xe7, 0x80, 0x1e,
    0x78, 0x0, 0xff, 0x0, 0xf, 0xf0, 0x0, 0xff,
    0xff, 0xff, 0xff, 0xff, 0xff, 0xff, 0xff, 0xf0,
    0x0, 0xf, 0x0, 0x0, 0xf0, 0x0, 0x7, 0x80,
    0x0, 0x78, 0x0, 0x7, 0xc0, 0x0, 0x3e, 0x0,
    0xe1, 0xff, 0xfe, 0xf, 0xff, 0xe0, 0x3f, 0xf8,
    0x0, 0x30, 0x0,

    /* U+04D8 "Ә" */
    0x0, 0x0, 0x0, 0xff, 0xc0, 0x1f, 0xff, 0x1,
    0xff, 0xf8, 0x1c, 0x7, 0xc1, 0x0, 0x3c, 0x0,
    0x1, 0xe0, 0x0, 0x1e, 0x0, 0x1, 0xe0, 0x0,
    0x1e, 0x0, 0x0, 0xf0, 0x0, 0xf, 0x0, 0x0,
    0xf0, 0x0, 0xf, 0x0, 0x0, 0xff, 0xff, 0xff,
    0xff, 0xff, 0xff, 0xff, 0xff, 0xf0, 0x0, 0xff,
    0x0, 0xf, 0xf0, 0x0, 0xff, 0x0, 0xf, 0xf0,
    0x0, 0xe7, 0x80, 0x1e, 0x78, 0x1, 0xe7, 0x80,
    0x1e, 0x3c, 0x3, 0xc3, 0xe0, 0x7c, 0x1f, 0xff,
    0x80, 0xff, 0xf0, 0x7, 0xfc, 0x0, 0x6, 0x0,

    /* U+04D9 "ә" */
    0x0, 0x0, 0x1, 0xff, 0xc0, 0x7f, 0xff, 0x7,
    0xff, 0xf8, 0x70, 0x7, 0xc0, 0x0, 0x3c, 0x0,
    0x1, 0xe0, 0x0, 0x1e, 0x0, 0x0, 0xf0, 0x0,
    0xf, 0x0, 0x0, 0xff, 0xff, 0xff, 0xff, 0xff,
    0xff, 0xff, 0xff, 0xf0, 0x0, 0xff, 0x0, 0xf,
    0xf0, 0x1, 0xe7, 0x80, 0x1e, 0x78, 0x3, 0xc3,
    0xc0, 0x7c, 0x3f, 0xff, 0x81, 0xff, 0xf0, 0x7,
    0xfc, 0x0, 0x4, 0x0,

    /* U+04DA "Ӛ" */
    0xf, 0xf, 0x0, 0xf0, 0xf0, 0xf, 0xf, 0x0,
    0xf0, 0xf0, 0x0, 0x0, 0x0, 0x0, 0x0, 0x0,
    0x0, 0x0, 0xff, 0xc0, 0x1f, 0xff, 0x1, 0xff,
    0xf8, 0x1c, 0x7, 0xc1, 0x0, 0x3c, 0x0, 0x1,
    0xe0, 0x0, 0x1e, 0x0, 0x1, 0xe0, 0x0, 0xe,
    0x0, 0x0, 0xf0, 0x0, 0xf, 0x0, 0x0, 0xf0,
    0x0, 0xf, 0x0, 0x0, 0xff, 0xff, 0xff, 0xff,
    0xff, 0xff, 0xff, 0xff, 0xf0, 0x0, 0xff, 0x0,
    0xf, 0xf0, 0x0, 0xff, 0x0, 0xf, 0xf0, 0x0,
    0xe7, 0x80, 0x1e, 0x78, 0x1, 0xe7, 0x80, 0x1e,
    0x3c, 0x3, 0xc3, 0xe0, 0x7c, 0x1f, 0xff, 0x80,
    0xff, 0xf0, 0x7, 0xfc, 0x0, 0x6, 0x0,

    /* U+04DB "ӛ" */
    0xf, 0xf, 0x0, 0xf0, 0xf0, 0xf, 0xf, 0x0,
    0xf0, 0xf0, 0x0, 0x0, 0x0, 0x0, 0x0, 0x0,
    0x0, 0x0, 0x0, 0x0, 0x0, 0x0, 0x1, 0xff,
    0xc0, 0x7f, 0xff, 0x7, 0xff, 0xf8, 0x70, 0x7,
    0xc0, 0x0, 0x3c, 0x0, 0x1, 0xe0, 0x0, 0x1e,
    0x0, 0x0, 0xf0, 0x0, 0xf, 0x0, 0x0, 0xff,
    0xff, 0xff, 0xff, 0xff, 0xff, 0xff, 0xff, 0xf0,
    0x0, 0xff, 0x0, 0xf, 0xf0, 0x1, 0xe7, 0x80,
    0x1e, 0x78, 0x3, 0xc3, 0xc0, 0x7c, 0x3f, 0xff,
    0x81, 0xff, 0xf0, 0x7, 0xfc, 0x0, 0x4, 0x0,

    /* U+04DC "Ӝ" */
    0x3, 0xc3, 0xc0, 0x3, 0xc3, 0xc0, 0x3, 0xc3,
    0xc0, 0x3, 0xc3, 0xc0, 0x0, 0x0, 0x0, 0x0,
    0x0, 0x0, 0x0, 0x0, 0x0, 0xf8, 0x3c, 0x1f,
    0x78, 0x3c, 0x1e, 0x7c, 0x3c, 0x3e, 0x3c, 0x3c,
    0x3c, 0x3e, 0x3c, 0x7c, 0x1e, 0x3c, 0x78, 0x1e,
    0x3c, 0x78, 0xf, 0x3c, 0xf0, 0xf, 0x3c, 0xf0,
    0x7, 0xbd, 0xe0, 0x7, 0xbd, 0xe0, 0x3, 0xff,
    0xc0, 0x3, 0xff, 0xc0, 0x3, 0xff, 0xc0, 0x7,
    0xff, 0xe0, 0x7, 0xff, 0xe0, 0xf, 0xff, 0xf0,
    0xf, 0x7e, 0xf0, 0xf, 0x7e, 0xf0, 0x1e, 0x7e,
    0x78, 0x1e, 0x3c, 0x78, 0x1e, 0x3c, 0x78, 0x3c,
    0x3c, 0x3c, 0x3c, 0x3c, 0x3c, 0x3c, 0x3c, 0x3c,
    0x78, 0x3c, 0x1e, 0x78, 0x3c, 0x1e, 0x78, 0x3c,
    0x1e, 0xf0, 0x3c, 0xf, 0xf0, 0x3c, 0xf,

    /* U+04DD "ӝ" */
    0x3, 0x3, 0x0, 0x1e, 0x1e, 0x0, 0x78, 0x78,
    0x1, 0xe1, 0xe0, 0x3, 0x3, 0x0, 0x0, 0x0,
    0x0, 0x0, 0x0, 0x0, 0x0, 0x0, 0x0, 0x0,
    0x3, 0xc1, 0xe0, 0xf7, 0x87, 0x87, 0x8f, 0x1e,
    0x3c, 0x3c, 0x78, 0xf0, 0x79, 0xe7, 0x81, 0xe7,
    0x9e, 0x3, 0xde, 0xf0, 0x7, 0x7b, 0x80, 0x1f,
    0xfe, 0x0, 0xff, 0xfc, 0x3, 0xff, 0xf0, 0xf,
    0xff, 0xc0, 0x7b, 0xf7, 0x81, 0xef, 0xce, 0x7,
    0x1e, 0x38, 0x3c, 0x78, 0xf0, 0xe1, 0xe1, 0xc7,
    0x87, 0x87, 0x9e, 0x1e, 0x1e, 0x70, 0x78, 0x3b,
    0xc1, 0xe0, 0xff, 0x7, 0x83, 0xc0,

    /* U+04DE "Ӟ" */
    0xf, 0xf, 0x0, 0xf0, 0xf0, 0xf, 0xf, 0x0,
    0xf0, 0xf0, 0x0, 0x0, 0x0, 0x0, 0x0, 0x0,
    0x40, 0x3, 0xff, 0xc0, 0x7f, 0xff, 0x7, 0xff,
    0xf8, 0x60, 0x7, 0xc0, 0x0, 0x3e, 0x0, 0x1,
    0xe0, 0x0, 0x1e, 0x0, 0x1, 0xe0, 0x0, 0x1e,
    0x0, 0x3, 0xe0, 0x0, 0x3c, 0x0, 0xf, 0x80,
    0x3f, 0xf0, 0x3, 0xfc, 0x0, 0x3f, 0xf0, 0x0,
    0xf, 0xc0, 0x0, 0x3e, 0x0, 0x1, 0xe0, 0x0,
    0x1f, 0x0, 0x0, 0xf0, 0x0, 0xf, 0x0, 0x0,
    0xf0, 0x0, 0xf, 0x0, 0x0, 0xf0, 0x0, 0x1f,
    0x80, 0x1, 0xee, 0x0, 0x7e, 0xff, 0xff, 0xcf,
    0xff, 0xf8, 0x3f, 0xfe, 0x0, 0xc, 0x0,

    /* U+04DF "ӟ" */
    0x1e, 0x1e, 0x7, 0x87, 0x81, 0xe1, 0xe0, 0x78,
    0x78, 0x0, 0x0, 0x0, 0x0, 0x0, 0x0, 0x0,
    0x0, 0x0, 0x0, 0x0, 0x1f, 0xff, 0x87, 0xff,
    0xf1, 0xff, 0xfe, 0x0, 0x7, 0xc0, 0x0, 0xf0,
    0x0, 0x3c, 0x0, 0x1f, 0x0, 0xf, 0x81, 0xff,
    0xc0, 0x7f, 0x80, 0x1f, 0xf8, 0x0, 0x1f, 0x80,
    0x1, 0xe0, 0x0, 0x3c, 0x0, 0xf, 0x0, 0x3,
    0xc0, 0x0, 0xf0, 0x0, 0x7f, 0x0, 0x3e, 0xff,
    0xff, 0x3f, 0xff, 0x87, 0xff, 0xc0, 0x6, 0x0,

    /* U+04E0 "Ӡ" */
    0x3f, 0xff, 0xf8, 0x3f, 0xff, 0xf8, 0x3f, 0xff,
    0xf8, 0x0, 0x0, 0xf8, 0x0, 0x0, 0xf0, 0x0,
    0x1, 0xe0, 0x0, 0x3, 0xc0, 0x0, 0x7, 0x80,
    0x0, 0xf, 0x80, 0x0, 0x1f, 0x0, 0x0, 0x1e,
    0x0, 0x0, 0x3c, 0x0, 0x0, 0x7f, 0x80, 0x0,
    0x7f, 0xe0, 0x0, 0x7f, 0xf8, 0x0, 0x0, 0xfc,
    0x0, 0x0, 0x3e, 0x0, 0x0, 0x1e, 0x0, 0x0,
    0x1f, 0x0, 0x0, 0xf, 0x0, 0x0, 0xf, 0xf0,
    0x0, 0xf, 0xf0, 0x0, 0xf, 0xf0, 0x0, 0xf,
    0x78, 0x0, 0x1e, 0x7c, 0x0, 0x3e, 0x3e, 0x0,
    0x7c, 0x3f, 0xff, 0xfc, 0xf, 0xff, 0xf0, 0x3,
    0xff, 0xc0, 0x0, 0x18, 0x0,

    /* U+04E1 "ӡ" */
    0x7f, 0xff, 0xe7, 0xff, 0xfe, 0x7f, 0xff, 0xe0,
    0x0, 0x3e, 0x0, 0x7, 0xc0, 0x0, 0xf8, 0x0,
    0x1f, 0x0, 0x3, 0xe0, 0x0, 0x7c, 0x0, 0x7,
    0x80, 0x0, 0xf0, 0x0, 0x1f, 0x0, 0x3, 0xe0,
    0x0, 0x3f, 0x80, 0x3, 0xfe, 0x0, 0x3f, 0xf8,
    0x0, 0xf, 0xc0, 0x0, 0x3e, 0x0, 0x1, 0xe0,
    0x0, 0xf, 0x0, 0x0, 0xf0, 0x0, 0xf, 0x0,
    0x0, 0xf0, 0x0, 0xf, 0x0, 0x1, 0xf0, 0x0,
    0x1e, 0xc0, 0x3, 0xef, 0x0, 0xfc, 0xff, 0xff,
    0x8f, 0xff, 0xf0, 0xf, 0xf8, 0x0,

    /* U+04E2 "Ӣ" */
    0xf, 0xff, 0x1, 0xff, 0xe0, 0x3f, 0xfc, 0x0,
    0x0, 0x0, 0x0, 0x0, 0x0, 0x0, 0x0, 0x0,
    0x7, 0x80, 0x1f, 0xf0, 0x7, 0xfe, 0x0, 0xff,
    0xc0, 0x3f, 0xf8, 0x7, 0xff, 0x0, 0xff, 0xe0,
    0x3f, 0xfc, 0x7, 0x7f, 0x81, 0xef, 0xf0, 0x39,
    0xfe, 0x7, 0x3f, 0xc1, 0xe7, 0xf8, 0x38, 0xff,
    0xf, 0x1f, 0xe1, 0xc3, 0xfc, 0x38, 0x7f, 0x8f,
    0xf, 0xf1, 0xc1, 0xfe, 0x78, 0x3f, 0xce, 0x7,
    0xf9, 0xc0, 0xff, 0x78, 0x1f, 0xee, 0x3, 0xff,
    0xc0, 0x7f, 0xf0, 0xf, 0xfe, 0x1, 0xff, 0xc0,
    0x3f, 0xf0, 0x7, 0xfe, 0x0, 0xff, 0x80, 0x1e,

    /* U+04E3 "ӣ" */
    0x3f, 0xfc, 0x1f, 0xfe, 0xf, 0xff, 0x0, 0x0,
    0x0, 0x0, 0x0, 0x0, 0x0, 0x0, 0x1, 0xe0,
    0xf, 0xf0, 0xf, 0xf8, 0x7, 0xfc, 0x7, 0xfe,
    0x7, 0xff, 0x3, 0xff, 0x83, 0xff, 0xc1, 0xdf,
    0xe1, 0xef, 0xf0, 0xe7, 0xf8, 0xf3, 0xfc, 0xf1,
    0xfe, 0x70, 0xff, 0x78, 0x7f, 0xb8, 0x3f, 0xfc,
    0x1f, 0xfc, 0xf, 0xfe, 0x7, 0xfe, 0x3, 0xfe,
    0x1, 0xff, 0x0, 0xff, 0x0, 0x78,

    /* U+04E4 "Ӥ" */
    0xf, 0x1e, 0x1, 0xe3, 0xc0, 0x3c, 0x78, 0x7,
    0x8f, 0x0, 0x0, 0x0, 0x0, 0x0, 0x0, 0x0,
    0x7, 0x80, 0x3f, 0xf0, 0x7, 0xfe, 0x0, 0xff,
    0xc0, 0x3f, 0xf8, 0x7, 0xff, 0x0, 0xff, 0xe0,
    0x3f, 0xfc, 0x7, 0x7f, 0x81, 0xef, 0xf0, 0x39,
    0xfe, 0x7, 0x3f, 0xc1, 0xe7, 0xf8, 0x38, 0xff,
    0xf, 0x1f, 0xe1, 0xc3, 0xfc, 0x38, 0x7f, 0x8f,
    0xf, 0xf1, 0xc1, 0xfe, 0x78, 0x3f, 0xce, 0x7,
    0xf9, 0xc0, 0xff, 0x78, 0x1f, 0xee, 0x3, 0xff,
    0xc0, 0x7f, 0xf0, 0xf, 0xfe, 0x1, 0xff, 0xc0,
    0x3f, 0xf0, 0x7, 0xfe, 0x0, 0xff, 0xc0, 0x1e,

    /* U+04E5 "ӥ" */
    0xc, 0x18, 0xf, 0x1e, 0x7, 0x8f, 0x3, 0xc7,
    0x80, 0xc1, 0x80, 0x0, 0x0, 0x0, 0x0, 0x0,
    0x0, 0x0, 0x0, 0x78, 0x3, 0xfc, 0x3, 0xfe,
    0x1, 0xff, 0x1, 0xff, 0x81, 0xff, 0xc0, 0xff,
    0xe0, 0xff, 0xf0, 0x77, 0xf8, 0x7b, 0xfc, 0x39,
    0xfe, 0x3c, 0xff, 0x3c, 0x7f, 0x9c, 0x3f, 0xde,
    0x1f, 0xee, 0xf, 0xff, 0x7, 0xff, 0x3, 0xff,
    0x81, 0xff, 0x80, 0xff, 0x80, 0x7f, 0xc0, 0x3f,
    0xc0, 0x1e,

    /* U+04E6 "Ӧ" */
    0xf, 0xf, 0x0, 0xf0, 0xf0, 0xf, 0xf, 0x0,
    0xf0, 0xf0, 0x0, 0x0, 0x0, 0x0, 0x0, 0x0,
    0x0, 0x0, 0x3f, 0xc0, 0xf, 0xff, 0x1, 0xff,
    0xf8, 0x3e, 0x7, 0xc3, 0xc0, 0x3c, 0x78, 0x1,
    0xe7, 0x80, 0x1e, 0x78, 0x1, 0xe7, 0x0, 0xe,
    0xf0, 0x0, 0xff, 0x0, 0xf, 0xf0, 0x0, 0xff,
    0x0, 0xf, 0xf0, 0x0, 0xff, 0x0, 0xf, 0xf0,
    0x0, 0xff, 0x0, 0xf, 0xf0, 0x0, 0xff, 0x0,
    0xf, 0xf0, 0x0, 0xff, 0x0, 0xf, 0x78, 0x0,
    0xe7, 0x80, 0x1e, 0x78, 0x1, 0xe7, 0x80, 0x1e,
    0x3c, 0x3, 0xc3, 0xe0, 0x7c, 0x1f, 0xff, 0x80,
    0xff, 0xf0, 0x7, 0xfc, 0x0, 0x6, 0x0,

    /* U+04E7 "ӧ" */
    0xf, 0xf, 0x1, 0xe1, 0xe0, 0x3c, 0x3c, 0x7,
    0x87, 0x80, 0x0, 0x0, 0x0, 0x0, 0x0, 0x0,
    0x0, 0x0, 0x0, 0x0, 0x40, 0x0, 0xff, 0x80,
    0x7f, 0xfc, 0x1f, 0xff, 0xc3, 0xc0, 0x78, 0xf0,
    0x7, 0x9e, 0x0, 0xf7, 0xc0, 0x1e, 0xf0, 0x1,
    0xfe, 0x0, 0x3f, 0xc0, 0x7, 0xf8, 0x0, 0xff,
    0x0, 0x1f, 0xe0, 0x3, 0xfc, 0x0, 0x7f, 0x80,
    0xf, 0xf8, 0x3, 0xef, 0x0, 0x79, 0xe0, 0xf,
    0x1e, 0x3, 0xc3, 0xff, 0xf8, 0x3f, 0xfe, 0x1,
    0xff, 0x0, 0x2, 0x0,

    /* U+04E8 "Ө" */
    0x0, 0x0, 0x0, 0x3f, 0xc0, 0xf, 0xff, 0x1,
    0xff, 0xf8, 0x3e, 0x7, 0xc3, 0xc0, 0x3c, 0x78,
    0x1, 0xe7, 0x80, 0x1e, 0x70, 0x0, 0xe7, 0x0,
    0xe, 0xf0, 0x0, 0xff, 0x0, 0xf, 0xf0, 0x0,
    0xff, 0xff, 0xff, 0xff, 0xff, 0xff, 0xff, 0xff,
    0xf0, 0x0, 0xff, 0x0, 0xf, 0xf0, 0x0, 0xff,
    0x0, 0xf, 0xf0, 0x0, 0xff, 0x0, 0xf, 0x70,
    0x1, 0xe7, 0x80, 0x1e, 0x78, 0x1, 0xe7, 0x80,
    0x1e, 0x3c, 0x3, 0xc3, 0xe0, 0x7c, 0x1f, 0xff,
    0x80, 0xff, 0xf0, 0x7, 0xfc, 0x0, 0x6, 0x0,

    /* U+04E9 "ө" */
    0x0, 0x40, 0x0, 0xff, 0x80, 0x7f, 0xfc, 0x1f,
    0xff, 0xc3, 0xc0, 0x78, 0xf0, 0x7, 0x9e, 0x0,
    0xf7, 0x80, 0xe, 0xf0, 0x1, 0xfe, 0x0, 0x3f,
    0xc0, 0x7, 0xff, 0xff, 0xff, 0xff, 0xff, 0xff,
    0xff, 0xfc, 0x0, 0x7f, 0x80, 0xf, 0xf8, 0x3,
    0xef, 0x0, 0x79, 0xe0, 0xf, 0x1e, 0x3, 0xc3,
    0xff, 0xf8, 0x3f, 0xfe, 0x1, 0xff, 0x0, 0x2,
    0x0,

    /* U+04EA "Ӫ" */
    0xf, 0xf, 0x0, 0xf0, 0xf0, 0xf, 0xf, 0x0,
    0xf0, 0xf0, 0x0, 0x0, 0x0, 0x0, 0x0, 0x0,
    0x0, 0x0, 0x3f, 0xc0, 0xf, 0xff, 0x1, 0xff,
    0xf8, 0x3e, 0x7, 0xc3, 0xc0, 0x3c, 0x78, 0x1,
    0xe7, 0x80, 0x1e, 0x70, 0x0, 0xe7, 0x0, 0xe,
    0xf0, 0x0, 0xff, 0x0, 0xf, 0xf0, 0x0, 0xff,
    0xff, 0xff, 0xff, 0xff, 0xff, 0xff, 0xff, 0xf0,
    0x0, 0xff, 0x0, 0xf, 0xf0, 0x0, 0xff, 0x0,
    0xf, 0xf0, 0x0, 0xff, 0x0, 0xf, 0x70, 0x1,
    0xe7, 0x80, 0x1e, 0x78, 0x1, 0xe7, 0x80, 0x1e,
    0x3c, 0x3, 0xc3, 0xe0, 0x7c, 0x1f, 0xff, 0x80,
    0xff, 0xf0, 0x7, 0xfc, 0x0, 0x6, 0x0,

    /* U+04EB "ӫ" */
    0xf, 0xf, 0x1, 0xe1, 0xe0, 0x3c, 0x3c, 0x7,
    0x87, 0x80, 0x0, 0x0, 0x0, 0x0, 0x0, 0x0,
    0x0, 0x0, 0x0, 0x0, 0x40, 0x0, 0xff, 0x80,
    0x7f, 0xfc, 0x1f, 0xff, 0xc3, 0xc0, 0x78, 0xf0,
    0x7, 0x9e, 0x0, 0xf7, 0x80, 0xe, 0xf0, 0x1,
    0xfe, 0x0, 0x3f, 0xc0, 0x7, 0xff, 0xff, 0xff,
    0xff, 0xff, 0xff, 0xff, 0xfc, 0x0, 0x7f, 0x80,
    0xf, 0xf8, 0x3, 0xef, 0x0, 0x79, 0xe0, 0xf,
    0x1e, 0x3, 0xc3, 0xff, 0xf8, 0x3f, 0xfe, 0x1,
    0xff, 0x0, 0x2, 0x0,

    /* U+04EC "Ӭ" */
    0x1e, 0x1e, 0x3, 0xc3, 0xc0, 0x78, 0x78, 0xf,
    0xf, 0x0, 0x0, 0x0, 0x0, 0x0, 0x0, 0x0,
    0x1, 0xff, 0x80, 0xff, 0xfc, 0x1f, 0xff, 0xc3,
    0x80, 0x7c, 0x40, 0x7, 0x80, 0x0, 0x78, 0x0,
    0xf, 0x80, 0x0, 0xf0, 0x0, 0x1e, 0x0, 0x3,
    0xc0, 0x0, 0x3c, 0x0, 0x7, 0x80, 0x0, 0xf3,
    0xff, 0xfe, 0x7f, 0xff, 0xcf, 0xff, 0xf8, 0x0,
    0xf, 0x0, 0x1, 0xe0, 0x0, 0x3c, 0x0, 0x7,
    0x80, 0x0, 0xe0, 0x0, 0x3c, 0x0, 0x7, 0x80,
    0x1, 0xf0, 0x0, 0x3c, 0x80, 0xf, 0x9c, 0x3,
    0xe3, 0xff, 0xf8, 0x7f, 0xfe, 0x3, 0xff, 0x0,
    0x4, 0x0, 0x0,

    /* U+04ED "ӭ" */
    0x3c, 0x3c, 0xf, 0xf, 0x3, 0xc3, 0xc0, 0xf0,
    0xf0, 0x0, 0x0, 0x0, 0x0, 0x0, 0x0, 0x0,
    0x0, 0x0, 0x0, 0x0, 0xf, 0xfc, 0xf, 0xff,
    0xc3, 0xff, 0xf8, 0xe0, 0x1f, 0x20, 0x3, 0xc0,
    0x0, 0x78, 0x0, 0x1e, 0x0, 0x3, 0xc0, 0x0,
    0xf1, 0xff, 0xfc, 0x7f, 0xff, 0x1f, 0xff, 0xc0,
    0x0, 0xf0, 0x0, 0x3c, 0x0, 0xf, 0x0, 0x7,
    0x80, 0x1, 0xe8, 0x0, 0xf3, 0x0, 0x7c, 0xff,
    0xfe, 0x3f, 0xff, 0x3, 0xff, 0x0, 0x8, 0x0,

    /* U+04EE "Ӯ" */
    0xf, 0xff, 0x0, 0x7f, 0xf8, 0x3, 0xff, 0xc0,
    0x0, 0x0, 0x0, 0x0, 0x0, 0x0, 0x0, 0x0,
    0x0, 0x0, 0x1e, 0x0, 0x1f, 0xf8, 0x0, 0xf3,
    0xc0, 0x7, 0x9e, 0x0, 0x78, 0x78, 0x3, 0xc3,
    0xc0, 0x3e, 0x1e, 0x1, 0xe0, 0x78, 0xf, 0x3,
    0xc0, 0xf8, 0xf, 0x7, 0x80, 0x78, 0x3c, 0x3,
    0xc3, 0xc0, 0xf, 0x1e, 0x0, 0x78, 0xf0, 0x3,
    0xcf, 0x0, 0xf, 0x78, 0x0, 0x7f, 0x80, 0x1,
    0xfc, 0x0, 0xf, 0xe0, 0x0, 0x7e, 0x0, 0x1,
    0xf0, 0x0, 0xf, 0x80, 0x0, 0x78, 0x0, 0x3,
    0xc0, 0x0, 0x3c, 0x0, 0x1, 0xe0, 0x0, 0x1e,
    0x0, 0x1f, 0xf0, 0x0, 0xff, 0x0, 0x7, 0xe0,
    0x0, 0x0,

    /* U+04EF "ӯ" */
    0xf, 0xff, 0x0, 0x7f, 0xf8, 0x3, 0xff, 0xc0,
    0x0, 0x0, 0x0, 0x0, 0x0, 0x0, 0x0, 0x0,
    0x0, 0x0, 0x1e, 0x0, 0xf, 0xf0, 0x0, 0xf3,
    0xc0, 0x7, 0x9e, 0x0, 0x38, 0x70, 0x3, 0xc3,
    0xc0, 0x1e, 0x1e, 0x1, 0xe0, 0x70, 0xf, 0x3,
    0xc0, 0x78, 0xe, 0x7, 0x80, 0x78, 0x3c, 0x3,
    0xc1, 0xc0, 0xe, 0x1e, 0x0, 0x78, 0xf0, 0x3,
    0xcf, 0x0, 0xf, 0x78, 0x0, 0x7b, 0x80, 0x1,
    0xfc, 0x0, 0xf, 0xe0, 0x0, 0x7e, 0x0, 0x1,
    0xf0, 0x0, 0xf, 0x80, 0x0, 0x78, 0x0, 0x3,
    0xc0, 0x0, 0x3c, 0x0, 0x1, 0xe0, 0x0, 0xf,
    0x0, 0x0, 0xf0, 0x0, 0xff, 0x0, 0x7, 0xf8,
    0x0, 0x3f, 0x0, 0x0,

    /* U+04F0 "Ӱ" */
    0xf, 0xf, 0x0, 0x78, 0x78, 0x3, 0xc3, 0xc0,
    0x1e, 0x1e, 0x0, 0x0, 0x0, 0x0, 0x0, 0x0,
    0x0, 0x0, 0x1e, 0x0, 0x1f, 0xf8, 0x0, 0xf3,
    0xc0, 0x7, 0x9e, 0x0, 0x78, 0x78, 0x3, 0xc3,
    0xc0, 0x1e, 0x1e, 0x1, 0xe0, 0x78, 0xf, 0x3,
    0xc0, 0xf8, 0x1f, 0x7, 0x80, 0x78, 0x3c, 0x3,
    0xc3, 0xc0, 0xf, 0x1e, 0x0, 0x78, 0xf0, 0x3,
    0xcf, 0x0, 0xf, 0x78, 0x0, 0x7f, 0xc0, 0x3,
    0xfc, 0x0, 0xf, 0xe0, 0x0, 0x7e, 0x0, 0x1,
    0xf0, 0x0, 0xf, 0x80, 0x0, 0x78, 0x0, 0x3,
    0xc0, 0x0, 0x3c, 0x0, 0x3, 0xe0, 0x0, 0x3e,
    0x0, 0x1f, 0xf0, 0x0, 0xff, 0x0, 0x7, 0xe0,
    0x0, 0x0,

    /* U+04F1 "ӱ" */
    0x6, 0x6, 0x0, 0x78, 0x78, 0x3, 0xc3, 0xc0,
    0x1e, 0x1e, 0x0, 0x60, 0x60, 0x0, 0x0, 0x0,
    0x0, 0x0, 0x0, 0x0, 0x0, 0x0, 0x0, 0x7,
    0x80, 0x3, 0xfc, 0x0, 0x3c, 0xf0, 0x1, 0xe7,
    0x80, 0xe, 0x1c, 0x0, 0xf0, 0xf0, 0x7, 0x87,
    0x80, 0x78, 0x1c, 0x3, 0xc0, 0xf0, 0x1e, 0x3,
    0x81, 0xe0, 0x1e, 0xf, 0x0, 0xf0, 0x70, 0x3,
    0x87, 0x80, 0x1e, 0x3c, 0x0, 0xf3, 0xc0, 0x3,
    0xde, 0x0, 0x1e, 0xe0, 0x0, 0x7f, 0x0, 0x3,
    0xf8, 0x0, 0x1f, 0x80, 0x0, 0x7c, 0x0, 0x3,
    0xe0, 0x0, 0x1e, 0x0, 0x0, 0xf0, 0x0, 0xf,
    0x0, 0x0, 0x78, 0x0, 0x7, 0xc0, 0x0, 0x7c,
    0x0, 0x3f, 0xe0, 0x1, 0xfe, 0x0, 0xf, 0xc0,
    0x0,

    /* U+04F2 "Ӳ" */
    0x0, 0x71, 0xe0, 0x7, 0x9e, 0x0, 0x78, 0xe0,
    0x7, 0x8e, 0x0, 0x38, 0xe0, 0x0, 0x0, 0x0,
    0x0, 0x0, 0xf, 0x0, 0xf, 0x78, 0x0, 0x7b,
    0xe0, 0x7, 0x8f, 0x0, 0x3c, 0x78, 0x3, 0xe1,
    0xe0, 0x1e, 0xf, 0x0, 0xf0, 0x7c, 0xf, 0x81,
    0xe0, 0x78, 0xf, 0x3, 0xc0, 0x7c, 0x3c, 0x1,
    0xe1, 0xe0, 0xf, 0xf, 0x0, 0x3c, 0xf0, 0x1,
    0xe7, 0x80, 0xf, 0x78, 0x0, 0x3f, 0xc0, 0x1,
    0xfe, 0x0, 0x7, 0xe0, 0x0, 0x3f, 0x0, 0x1,
    0xf8, 0x0, 0x7, 0x80, 0x0, 0x3c, 0x0, 0x3,
    0xc0, 0x0, 0x1e, 0x0, 0x1, 0xe0, 0x0, 0x1f,
    0x0, 0xf, 0xf0, 0x0, 0x7f, 0x0, 0x3, 0xf0,
    0x0, 0x0,

    /* U+04F3 "ӳ" */
    0x0, 0x71, 0xe0, 0x7, 0xe, 0x0, 0x38, 0xf0,
    0x3, 0x87, 0x0, 0x1c, 0x70, 0x1, 0xc7, 0x0,
    0x1c, 0x38, 0x0, 0x0, 0x0, 0x0, 0x0, 0x0,
    0x0, 0x0, 0x1c, 0x0, 0x1e, 0xf0, 0x0, 0xf7,
    0x80, 0x7, 0x1e, 0x0, 0x78, 0xf0, 0x3, 0xc3,
    0x80, 0x3c, 0x1e, 0x1, 0xe0, 0xf0, 0xf, 0x3,
    0xc0, 0xf0, 0x1e, 0x7, 0x80, 0xf0, 0x38, 0x3,
    0xc3, 0xc0, 0x1e, 0x1e, 0x0, 0x71, 0xe0, 0x3,
    0xcf, 0x0, 0x1e, 0x70, 0x0, 0x7f, 0x80, 0x3,
    0xfc, 0x0, 0xf, 0xc0, 0x0, 0x7e, 0x0, 0x3,
    0xf0, 0x0, 0xf, 0x0, 0x0, 0x78, 0x0, 0x3,
    0x80, 0x0, 0x3c, 0x0, 0x1, 0xe0, 0x0, 0x1e,
    0x0, 0x1, 0xf0, 0x0, 0xff, 0x0, 0x7, 0xf0,
    0x0, 0x3f, 0x0, 0x0,

    /* U+04F4 "Ӵ" */
    0xf, 0xf, 0x1, 0xe1, 0xe0, 0x3c, 0x3c, 0x7,
    0x87, 0x80, 0x0, 0x0, 0x0, 0x0, 0x0, 0x0,
    0x7, 0x80, 0xf, 0xf0, 0x1, 0xfe, 0x0, 0x3f,
    0xc0, 0x7, 0xf8, 0x0, 0xff, 0x0, 0x1f, 0xe0,
    0x3, 0xfc, 0x0, 0x7f, 0x80, 0xf, 0xf0, 0x1,
    0xfe, 0x0, 0x3f, 0xc0, 0x7, 0xf8, 0x0, 0xff,
    0x80, 0x3e, 0xf8, 0x1f, 0xdf, 0xff, 0xf9, 0xff,
    0xff, 0xf, 0xf9, 0xe0, 0x0, 0x3c, 0x0, 0x7,
    0x80, 0x0, 0xf0, 0x0, 0x1e, 0x0, 0x3, 0xc0,
    0x0, 0x78, 0x0, 0xf, 0x0, 0x1, 0xe0, 0x0,
    0x3c, 0x0, 0x7, 0x80, 0x0, 0xf0, 0x0, 0x1e,

    /* U+04F5 "ӵ" */
    0xc, 0xc, 0xf, 0xf, 0x7, 0x87, 0x83, 0xc3,
    0xc0, 0xc0, 0xc0, 0x0, 0x0, 0x0, 0x0, 0x0,
    0x0, 0x0, 0x0, 0x78, 0x3, 0xfc, 0x1, 0xfe,
    0x0, 0xff, 0x0, 0x7f, 0x80, 0x3f, 0xc0, 0x1f,
    0xe0, 0xf, 0xf0, 0x7, 0xf8, 0x3, 0xfc, 0x1,
    0xef, 0x81, 0xf7, 0xff, 0xf9, 0xff, 0xfc, 0x3f,
    0x9e, 0x0, 0xf, 0x0, 0x7, 0x80, 0x3, 0xc0,
    0x1, 0xe0, 0x0, 0xf0, 0x0, 0x78, 0x0, 0x3c,
    0x0, 0x1e,

    /* U+04F6 "Ӷ" */
    0xff, 0xff, 0xff, 0xff, 0xff, 0xff, 0xff, 0xf8,
    0x0, 0xf, 0x0, 0x1, 0xe0, 0x0, 0x3c, 0x0,
    0x7, 0x80, 0x0, 0xf0, 0x0, 0x1e, 0x0, 0x3,
    0xc0, 0x0, 0x78, 0x0, 0xf, 0x0, 0x1, 0xe0,
    0x0, 0x3c, 0x0, 0x7, 0x80, 0x0, 0xf0, 0x0,
    0x1e, 0x0, 0x3, 0xc0, 0x0, 0x78, 0x0, 0xf,
    0x0, 0x1, 0xe0, 0x0, 0x3c, 0x0, 0x7, 0x80,
    0x0, 0xf0, 0x0, 0x1e, 0x0, 0x3, 0xc0, 0x0,
    0x7f, 0x80, 0xf, 0xf0, 0x1, 0xfe, 0x0, 0x3,
    0xc0, 0x0, 0x78, 0x0, 0xf, 0x0, 0x1, 0xe0,
    0x0, 0x3c, 0x0, 0x7, 0x80, 0x0, 0xf0, 0x0,

    /* U+04F7 "ӷ" */
    0xff, 0xff, 0xff, 0xff, 0xff, 0xff, 0x80, 0xf,
    0x0, 0x1e, 0x0, 0x3c, 0x0, 0x78, 0x0, 0xf0,
    0x1, 0xe0, 0x3, 0xc0, 0x7, 0x80, 0xf, 0x0,
    0x1e, 0x0, 0x3c, 0x0, 0x78, 0x0, 0xf0, 0x1,
    0xe0, 0x3, 0xc0, 0x7, 0xf8, 0xf, 0xf0, 0x1f,
    0xe0, 0x3, 0xc0, 0x7, 0x80, 0xf, 0x0, 0x1e,
    0x0, 0x3c, 0x0, 0x78, 0x0,

    /* U+04F8 "Ӹ" */
    0x7, 0x87, 0x80, 0x3c, 0x3c, 0x1, 0xe1, 0xe0,
    0xf, 0xf, 0x0, 0x0, 0x0, 0x0, 0x0, 0x0,
    0x0, 0x0, 0x1e, 0x0, 0xf, 0xf0, 0x0, 0x7f,
    0x80, 0x3, 0xfc, 0x0, 0x1f, 0xe0, 0x0, 0xff,
    0x0, 0x7, 0xf8, 0x0, 0x3f, 0xc0, 0x1, 0xfe,
    0x0, 0xf, 0xf0, 0x0, 0x7f, 0x80, 0x3, 0xfc,
    0x0, 0x1f, 0xff, 0x0, 0xff, 0xfe, 0x7, 0xff,
    0xfc, 0x3f, 0xc3, 0xe1, 0xfe, 0x7, 0x8f, 0xf0,
    0x3c, 0x7f, 0x80, 0xf3, 0xfc, 0x7, 0x9f, 0xe0,
    0x3c, 0xff, 0x1, 0xe7, 0xf8, 0xf, 0x3f, 0xc0,
    0x79, 0xfe, 0x7, 0x8f, 0xf0, 0x3c, 0x7f, 0x87,
    0xc3, 0xff, 0xfe, 0x1f, 0xff, 0xc0, 0xff, 0xf8,
    0x7, 0x80,

    /* U+04F9 "ӹ" */
    0x6, 0x6, 0x0, 0x78, 0x78, 0x3, 0xc3, 0xc0,
    0x1e, 0x1e, 0x0, 0x60, 0x60, 0x0, 0x0, 0x0,
    0x0, 0x0, 0x0, 0x0, 0x0, 0x0, 0x0, 0x7,
    0x80, 0x3, 0xfc, 0x0, 0x1f, 0xe0, 0x0, 0xff,
    0x0, 0x7, 0xf8, 0x0, 0x3f, 0xc0, 0x1, 0xfe,
    0x0, 0xf, 0xf0, 0x0, 0x7f, 0x80, 0x3, 0xff,
    0xe0, 0x1f, 0xff, 0xe0, 0xff, 0xff, 0x87, 0xf8,
    0x7c, 0x3f, 0xc1, 0xf1, 0xfe, 0x7, 0x8f, 0xf0,
    0x3c, 0x7f, 0x81, 0xe3, 0xfc, 0x1f, 0x1f, 0xe1,
    0xf0, 0xff, 0xff, 0x87, 0xff, 0xf8, 0x3f, 0xfe,
    0x1, 0xe0,

    /* U+20B4 "₴" */
    0x0, 0x8, 0x0, 0x1, 0xff, 0xc0, 0x1, 0xff,
    0xf8, 0x0, 0xff, 0xfe, 0x0, 0x60, 0xf, 0x80,
    0x20, 0x3, 0xc0, 0x0, 0x0, 0xf0, 0x0, 0x0,
    0x78, 0x0, 0x0, 0x3c, 0x0, 0x0, 0x1e, 0x0,
    0x0, 0xf, 0x0, 0x0, 0xf, 0x8f, 0xff, 0xff,
    0xff, 0xff, 0xff, 0xff, 0xff, 0xff, 0xfe, 0x3,
    0xff, 0xc0, 0x7, 0xff, 0x0, 0x7f, 0xff, 0xff,
    0xff, 0xff, 0xff, 0xff, 0xff, 0xff, 0xf1, 0xf0,
    0x0, 0x0, 0xf0, 0x0, 0x0, 0x78, 0x0, 0x0,
    0x3c, 0x0, 0x0, 0x1e, 0x0, 0x0, 0xf, 0x0,
    0x0, 0x3, 0xc0, 0x3, 0x1, 0xf0, 0x7, 0x80,
    0x7f, 0xff, 0xc0, 0x1f, 0xff, 0xe0, 0x3, 0xff,
    0xc0, 0x0, 0x18, 0x0
};


/*---------------------
 *  GLYPH DESCRIPTION
 *--------------------*/

static const lv_font_fmt_txt_glyph_dsc_t glyph_dsc[] = {
    {.bitmap_index = 0, .adv_w = 0, .box_w = 0, .box_h = 0, .ofs_x = 0, .ofs_y = 0} /* id = 0 reserved */,
    {.bitmap_index = 0, .adv_w = 400, .box_w = 18, .box_h = 37, .ofs_x = 4, .ofs_y = 0},
    {.bitmap_index = 84, .adv_w = 400, .box_w = 18, .box_h = 37, .ofs_x = 4, .ofs_y = 0},
    {.bitmap_index = 168, .adv_w = 400, .box_w = 24, .box_h = 39, .ofs_x = -1, .ofs_y = -9},
    {.bitmap_index = 285, .adv_w = 400, .box_w = 19, .box_h = 37, .ofs_x = 4, .ofs_y = 0},
    {.bitmap_index = 373, .adv_w = 400, .box_w = 19, .box_h = 32, .ofs_x = 3, .ofs_y = -1},
    {.bitmap_index = 449, .adv_w = 400, .box_w = 19, .box_h = 32, .ofs_x = 3, .ofs_y = -1},
    {.bitmap_index = 525, .adv_w = 400, .box_w = 17, .box_h = 30, .ofs_x = 4, .ofs_y = 0},
    {.bitmap_index = 589, .adv_w = 400, .box_w = 17, .box_h = 37, .ofs_x = 4, .ofs_y = 0},
    {.bitmap_index = 668, .adv_w = 400, .box_w = 17, .box_h = 31, .ofs_x = 2, .ofs_y = -1},
    {.bitmap_index = 734, .adv_w = 400, .box_w = 25, .box_h = 30, .ofs_x = 0, .ofs_y = 0},
    {.bitmap_index = 828, .adv_w = 400, .box_w = 24, .box_h = 30, .ofs_x = 1, .ofs_y = 0},
    {.bitmap_index = 918, .adv_w = 400, .box_w = 23, .box_h = 30, .ofs_x = -1, .ofs_y = 0},
    {.bitmap_index = 1005, .adv_w = 400, .box_w = 22, .box_h = 37, .ofs_x = 3, .ofs_y = 0},
    {.bitmap_index = 1107, .adv_w = 400, .box_w = 19, .box_h = 37, .ofs_x = 3, .ofs_y = 0},
    {.bitmap_index = 1195, .adv_w = 400, .box_w = 21, .box_h = 37, .ofs_x = 2, .ofs_y = 0},
    {.bitmap_index = 1293, .adv_w = 400, .box_w = 19, .box_h = 37, .ofs_x = 3, .ofs_y = -7},
    {.bitmap_index = 1381, .adv_w = 400, .box_w = 23, .box_h = 30, .ofs_x = 1, .ofs_y = 0},
    {.bitmap_index = 1468, .adv_w = 400, .box_w = 19, .box_h = 30, .ofs_x = 3, .ofs_y = 0},
    {.bitmap_index = 1540, .adv_w = 400, .box_w = 19, .box_h = 30, .ofs_x = 3, .ofs_y = 0},
    {.bitmap_index = 1612, .adv_w = 400, .box_w = 19, .box_h = 30, .ofs_x = 4, .ofs_y = 0},
    {.bitmap_index = 1684, .adv_w = 400, .box_w = 24, .box_h = 37, .ofs_x = 1, .ofs_y = -7},
    {.bitmap_index = 1795, .adv_w = 400, .box_w = 18, .box_h = 30, .ofs_x = 4, .ofs_y = 0},
    {.bitmap_index = 1863, .adv_w = 400, .box_w = 24, .box_h = 30, .ofs_x = 0, .ofs_y = 0},
    {.bitmap_index = 1953, .adv_w = 400, .box_w = 19, .box_h = 32, .ofs_x = 3, .ofs_y = -1},
    {.bitmap_index = 2029, .adv_w = 400, .box_w = 19, .box_h = 30, .ofs_x = 3, .ofs_y = 0},
    {.bitmap_index = 2101, .adv_w = 400, .box_w = 19, .box_h = 37, .ofs_x = 3, .ofs_y = 0},
    {.bitmap_index = 2189, .adv_w = 400, .box_w = 22, .box_h = 30, .ofs_x = 3, .ofs_y = 0},
    {.bitmap_index = 2272, .adv_w = 400, .box_w = 22, .box_h = 30, .ofs_x = 0, .ofs_y = 0},
    {.bitmap_index = 2355, .adv_w = 400, .box_w = 21, .box_h = 30, .ofs_x = 2, .ofs_y = 0},
    {.bitmap_index = 2434, .adv_w = 400, .box_w = 19, .box_h = 30, .ofs_x = 3, .ofs_y = 0},
    {.bitmap_index = 2506, .adv_w = 400, .box_w = 20, .box_h = 32, .ofs_x = 2, .ofs_y = -1},
    {.bitmap_index = 2586, .adv_w = 400, .box_w = 19, .box_h = 30, .ofs_x = 3, .ofs_y = 0},
    {.bitmap_index = 2658, .adv_w = 400, .box_w = 19, .box_h = 30, .ofs_x = 4, .ofs_y = 0},
    {.bitmap_index = 2730, .adv_w = 400, .box_w = 19, .box_h = 32, .ofs_x = 3, .ofs_y = -1},
    {.bitmap_index = 2806, .adv_w = 400, .box_w = 23, .box_h = 30, .ofs_x = 1, .ofs_y = 0},
    {.bitmap_index = 2893, .adv_w = 400, .box_w = 21, .box_h = 30, .ofs_x = 2, .ofs_y = 0},
    {.bitmap_index = 2972, .adv_w = 400, .box_w = 22, .box_h = 30, .ofs_x = 1, .ofs_y = 0},
    {.bitmap_index = 3055, .adv_w = 400, .box_w = 24, .box_h = 30, .ofs_x = 0, .ofs_y = 0},
    {.bitmap_index = 3145, .adv_w = 400, .box_w = 22, .box_h = 37, .ofs_x = 2, .ofs_y = -7},
    {.bitmap_index = 3247, .adv_w = 400, .box_w = 19, .box_h = 30, .ofs_x = 3, .ofs_y = 0},
    {.bitmap_index = 3319, .adv_w = 400, .box_w = 20, .box_h = 30, .ofs_x = 2, .ofs_y = 0},
    {.bitmap_index = 3394, .adv_w = 400, .box_w = 23, .box_h = 37, .ofs_x = 2, .ofs_y = -7},
    {.bitmap_index = 3501, .adv_w = 400, .box_w = 22, .box_h = 30, .ofs_x = 1, .ofs_y = 0},
    {.bitmap_index = 3584, .adv_w = 400, .box_w = 21, .box_h = 30, .ofs_x = 1, .ofs_y = 0},
    {.bitmap_index = 3663, .adv_w = 400, .box_w = 19, .box_h = 30, .ofs_x = 4, .ofs_y = 0},
    {.bitmap_index = 3735, .adv_w = 400, .box_w = 19, .box_h = 32, .ofs_x = 3, .ofs_y = -1},
    {.bitmap_index = 3811, .adv_w = 400, .box_w = 22, .box_h = 32, .ofs_x = 2, .ofs_y = -1},
    {.bitmap_index = 3899, .adv_w = 400, .box_w = 21, .box_h = 30, .ofs_x = 1, .ofs_y = 0},
    {.bitmap_index = 3978, .adv_w = 400, .box_w = 20, .box_h = 24, .ofs_x = 3, .ofs_y = -1},
    {.bitmap_index = 4038, .adv_w = 400, .box_w = 19, .box_h = 33, .ofs_x = 3, .ofs_y = -1},
    {.bitmap_index = 4117, .adv_w = 400, .box_w = 16, .box_h = 22, .ofs_x = 5, .ofs_y = 0},
    {.bitmap_index = 4161, .adv_w = 400, .box_w = 15, .box_h = 22, .ofs_x = 6, .ofs_y = 0},
    {.bitmap_index = 4203, .adv_w = 400, .box_w = 20, .box_h = 27, .ofs_x = 2, .ofs_y = -5},
    {.bitmap_index = 4271, .adv_w = 400, .box_w = 20, .box_h = 24, .ofs_x = 2, .ofs_y = -1},
    {.bitmap_index = 4331, .adv_w = 400, .box_w = 22, .box_h = 22, .ofs_x = 2, .ofs_y = 0},
    {.bitmap_index = 4392, .adv_w = 400, .box_w = 18, .box_h = 24, .ofs_x = 3, .ofs_y = -1},
    {.bitmap_index = 4446, .adv_w = 400, .box_w = 17, .box_h = 22, .ofs_x = 4, .ofs_y = 0},
    {.bitmap_index = 4493, .adv_w = 400, .box_w = 17, .box_h = 32, .ofs_x = 4, .ofs_y = 0},
    {.bitmap_index = 4561, .adv_w = 400, .box_w = 20, .box_h = 22, .ofs_x = 5, .ofs_y = 0},
    {.bitmap_index = 4616, .adv_w = 400, .box_w = 21, .box_h = 22, .ofs_x = 0, .ofs_y = 0},
    {.bitmap_index = 4674, .adv_w = 400, .box_w = 23, .box_h = 22, .ofs_x = 1, .ofs_y = 0},
    {.bitmap_index = 4738, .adv_w = 400, .box_w = 17, .box_h = 22, .ofs_x = 4, .ofs_y = 0},
    {.bitmap_index = 4785, .adv_w = 400, .box_w = 19, .box_h = 24, .ofs_x = 3, .ofs_y = -1},
    {.bitmap_index = 4842, .adv_w = 400, .box_w = 17, .box_h = 22, .ofs_x = 4, .ofs_y = 0},
    {.bitmap_index = 4889, .adv_w = 400, .box_w = 18, .box_h = 32, .ofs_x = 4, .ofs_y = -9},
    {.bitmap_index = 4961, .adv_w = 400, .box_w = 18, .box_h = 24, .ofs_x = 3, .ofs_y = -1},
    {.bitmap_index = 5015, .adv_w = 400, .box_w = 16, .box_h = 22, .ofs_x = 4, .ofs_y = 0},
    {.bitmap_index = 5059, .adv_w = 400, .box_w = 21, .box_h = 31, .ofs_x = 2, .ofs_y = -9},
    {.bitmap_index = 5141, .adv_w = 400, .box_w = 21, .box_h = 40, .ofs_x = 2, .ofs_y = -9},
    {.bitmap_index = 5246, .adv_w = 400, .box_w = 21, .box_h = 22, .ofs_x = 2, .ofs_y = 0},
    {.bitmap_index = 5304, .adv_w = 400, .box_w = 20, .box_h = 27, .ofs_x = 4, .ofs_y = -5},
    {.bitmap_index = 5372, .adv_w = 400, .box_w = 17, .box_h = 22, .ofs_x = 3, .ofs_y = 0},
    {.bitmap_index = 5419, .adv_w = 400, .box_w = 20, .box_h = 22, .ofs_x = 2, .ofs_y = 0},
    {.bitmap_index = 5474, .adv_w = 400, .box_w = 23, .box_h = 27, .ofs_x = 2, .ofs_y = -5},
    {.bitmap_index = 5552, .adv_w = 400, .box_w = 23, .box_h = 22, .ofs_x = 1, .ofs_y = 0},
    {.bitmap_index = 5616, .adv_w = 400, .box_w = 21, .box_h = 22, .ofs_x = 2, .ofs_y = 0},
    {.bitmap_index = 5674, .adv_w = 400, .box_w = 18, .box_h = 22, .ofs_x = 4, .ofs_y = 0},
    {.bitmap_index = 5724, .adv_w = 400, .box_w = 18, .box_h = 24, .ofs_x = 4, .ofs_y = -1},
    {.bitmap_index = 5778, .adv_w = 400, .box_w = 22, .box_h = 24, .ofs_x = 2, .ofs_y = -1},
    {.bitmap_index = 5844, .adv_w = 400, .box_w = 17, .box_h = 22, .ofs_x = 4, .ofs_y = 0},
    {.bitmap_index = 5891, .adv_w = 400, .box_w = 20, .box_h = 35, .ofs_x = 2, .ofs_y = -1},
    {.bitmap_index = 5979, .adv_w = 400, .box_w = 20, .box_h = 32, .ofs_x = 2, .ofs_y = -1},
    {.bitmap_index = 6059, .adv_w = 400, .box_w = 22, .box_h = 40, .ofs_x = 1, .ofs_y = -9},
    {.bitmap_index = 6169, .adv_w = 400, .box_w = 16, .box_h = 33, .ofs_x = 6, .ofs_y = 0},
    {.bitmap_index = 6235, .adv_w = 400, .box_w = 18, .box_h = 24, .ofs_x = 3, .ofs_y = -1},
    {.bitmap_index = 6289, .adv_w = 400, .box_w = 16, .box_h = 24, .ofs_x = 4, .ofs_y = -1},
    {.bitmap_index = 6337, .adv_w = 400, .box_w = 17, .box_h = 31, .ofs_x = 4, .ofs_y = 0},
    {.bitmap_index = 6403, .adv_w = 400, .box_w = 17, .box_h = 31, .ofs_x = 5, .ofs_y = 0},
    {.bitmap_index = 6469, .adv_w = 400, .box_w = 12, .box_h = 39, .ofs_x = 5, .ofs_y = -9},
    {.bitmap_index = 6528, .adv_w = 400, .box_w = 25, .box_h = 22, .ofs_x = 0, .ofs_y = 0},
    {.bitmap_index = 6597, .adv_w = 400, .box_w = 22, .box_h = 22, .ofs_x = 2, .ofs_y = 0},
    {.bitmap_index = 6658, .adv_w = 400, .box_w = 21, .box_h = 31, .ofs_x = 1, .ofs_y = 0},
    {.bitmap_index = 6740, .adv_w = 400, .box_w = 20, .box_h = 33, .ofs_x = 5, .ofs_y = 0},
    {.bitmap_index = 6823, .adv_w = 400, .box_w = 17, .box_h = 33, .ofs_x = 4, .ofs_y = 0},
    {.bitmap_index = 6894, .adv_w = 400, .box_w = 21, .box_h = 40, .ofs_x = 2, .ofs_y = -9},
    {.bitmap_index = 6999, .adv_w = 400, .box_w = 17, .box_h = 28, .ofs_x = 4, .ofs_y = -6},
    {.bitmap_index = 7059, .adv_w = 400, .box_w = 22, .box_h = 30, .ofs_x = 1, .ofs_y = 0},
    {.bitmap_index = 7142, .adv_w = 400, .box_w = 23, .box_h = 31, .ofs_x = 1, .ofs_y = 0},
    {.bitmap_index = 7232, .adv_w = 400, .box_w = 20, .box_h = 32, .ofs_x = 2, .ofs_y = -1},
    {.bitmap_index = 7312, .adv_w = 400, .box_w = 19, .box_h = 24, .ofs_x = 3, .ofs_y = -1},
    {.bitmap_index = 7369, .adv_w = 400, .box_w = 19, .box_h = 36, .ofs_x = 4, .ofs_y = 0},
    {.bitmap_index = 7455, .adv_w = 400, .box_w = 15, .box_h = 29, .ofs_x = 6, .ofs_y = 0},
    {.bitmap_index = 7510, .adv_w = 400, .box_w = 21, .box_h = 30, .ofs_x = 2, .ofs_y = 0},
    {.bitmap_index = 7589, .adv_w = 400, .box_w = 18, .box_h = 22, .ofs_x = 4, .ofs_y = 0},
    {.bitmap_index = 7639, .adv_w = 400, .box_w = 18, .box_h = 39, .ofs_x = 3, .ofs_y = -9},
    {.bitmap_index = 7727, .adv_w = 400, .box_w = 17, .box_h = 31, .ofs_x = 5, .ofs_y = -9},
    {.bitmap_index = 7793, .adv_w = 400, .box_w = 24, .box_h = 37, .ofs_x = 0, .ofs_y = -7},
    {.bitmap_index = 7904, .adv_w = 400, .box_w = 22, .box_h = 27, .ofs_x = 2, .ofs_y = -5},
    {.bitmap_index = 7979, .adv_w = 400, .box_w = 19, .box_h = 39, .ofs_x = 3, .ofs_y = -8},
    {.bitmap_index = 8072, .adv_w = 400, .box_w = 18, .box_h = 31, .ofs_x = 3, .ofs_y = -8},
    {.bitmap_index = 8142, .adv_w = 400, .box_w = 22, .box_h = 37, .ofs_x = 3, .ofs_y = -7},
    {.bitmap_index = 8244, .adv_w = 400, .box_w = 19, .box_h = 28, .ofs_x = 4, .ofs_y = -6},
    {.bitmap_index = 8311, .adv_w = 400, .box_w = 23, .box_h = 37, .ofs_x = 1, .ofs_y = -7},
    {.bitmap_index = 8418, .adv_w = 400, .box_w = 21, .box_h = 28, .ofs_x = 4, .ofs_y = -6},
    {.bitmap_index = 8492, .adv_w = 400, .box_w = 21, .box_h = 30, .ofs_x = 4, .ofs_y = 0},
    {.bitmap_index = 8571, .adv_w = 400, .box_w = 21, .box_h = 22, .ofs_x = 4, .ofs_y = 0},
    {.bitmap_index = 8629, .adv_w = 400, .box_w = 19, .box_h = 39, .ofs_x = 3, .ofs_y = -8},
    {.bitmap_index = 8722, .adv_w = 400, .box_w = 18, .box_h = 31, .ofs_x = 3, .ofs_y = -8},
    {.bitmap_index = 8792, .adv_w = 400, .box_w = 23, .box_h = 37, .ofs_x = 1, .ofs_y = -7},
    {.bitmap_index = 8899, .adv_w = 400, .box_w = 16, .box_h = 28, .ofs_x = 4, .ofs_y = -6},
    {.bitmap_index = 8955, .adv_w = 400, .box_w = 24, .box_h = 30, .ofs_x = 0, .ofs_y = 0},
    {.bitmap_index = 9045, .adv_w = 400, .box_w = 22, .box_h = 31, .ofs_x = 1, .ofs_y = -9},
    {.bitmap_index = 9131, .adv_w = 400, .box_w = 23, .box_h = 30, .ofs_x = 1, .ofs_y = 0},
    {.bitmap_index = 9218, .adv_w = 400, .box_w = 22, .box_h = 31, .ofs_x = 1, .ofs_y = -9},
    {.bitmap_index = 9304, .adv_w = 400, .box_w = 24, .box_h = 37, .ofs_x = 0, .ofs_y = -7},
    {.bitmap_index = 9415, .adv_w = 400, .box_w = 22, .box_h = 28, .ofs_x = 2, .ofs_y = -6},
    {.bitmap_index = 9492, .adv_w = 400, .box_w = 19, .box_h = 30, .ofs_x = 3, .ofs_y = 0},
    {.bitmap_index = 9564, .adv_w = 400, .box_w = 17, .box_h = 31, .ofs_x = 4, .ofs_y = 0},
    {.bitmap_index = 9630, .adv_w = 400, .box_w = 17, .box_h = 30, .ofs_x = 4, .ofs_y = 0},
    {.bitmap_index = 9694, .adv_w = 400, .box_w = 24, .box_h = 37, .ofs_x = 0, .ofs_y = 0},
    {.bitmap_index = 9805, .adv_w = 400, .box_w = 22, .box_h = 32, .ofs_x = 2, .ofs_y = 0},
    {.bitmap_index = 9893, .adv_w = 400, .box_w = 21, .box_h = 39, .ofs_x = 3, .ofs_y = -9},
    {.bitmap_index = 9996, .adv_w = 400, .box_w = 18, .box_h = 31, .ofs_x = 4, .ofs_y = -9},
    {.bitmap_index = 10066, .adv_w = 400, .box_w = 19, .box_h = 39, .ofs_x = 3, .ofs_y = -9},
    {.bitmap_index = 10159, .adv_w = 400, .box_w = 17, .box_h = 31, .ofs_x = 4, .ofs_y = -9},
    {.bitmap_index = 10225, .adv_w = 400, .box_w = 19, .box_h = 37, .ofs_x = 3, .ofs_y = -7},
    {.bitmap_index = 10313, .adv_w = 400, .box_w = 17, .box_h = 28, .ofs_x = 3, .ofs_y = -6},
    {.bitmap_index = 10373, .adv_w = 400, .box_w = 4, .box_h = 31, .ofs_x = 9, .ofs_y = 0},
    {.bitmap_index = 10389, .adv_w = 400, .box_w = 23, .box_h = 37, .ofs_x = 1, .ofs_y = 0},
    {.bitmap_index = 10496, .adv_w = 400, .box_w = 20, .box_h = 33, .ofs_x = 3, .ofs_y = -1},
    {.bitmap_index = 10579, .adv_w = 400, .box_w = 24, .box_h = 37, .ofs_x = 0, .ofs_y = 0},
    {.bitmap_index = 10690, .adv_w = 400, .box_w = 20, .box_h = 32, .ofs_x = 3, .ofs_y = -1},
    {.bitmap_index = 10770, .adv_w = 400, .box_w = 24, .box_h = 30, .ofs_x = 0, .ofs_y = 0},
    {.bitmap_index = 10860, .adv_w = 400, .box_w = 24, .box_h = 24, .ofs_x = 1, .ofs_y = -1},
    {.bitmap_index = 10932, .adv_w = 400, .box_w = 18, .box_h = 37, .ofs_x = 4, .ofs_y = 0},
    {.bitmap_index = 11016, .adv_w = 400, .box_w = 20, .box_h = 33, .ofs_x = 2, .ofs_y = -1},
    {.bitmap_index = 11099, .adv_w = 400, .box_w = 20, .box_h = 32, .ofs_x = 2, .ofs_y = -1},
    {.bitmap_index = 11179, .adv_w = 400, .box_w = 20, .box_h = 24, .ofs_x = 3, .ofs_y = -1},
    {.bitmap_index = 11239, .adv_w = 400, .box_w = 20, .box_h = 38, .ofs_x = 2, .ofs_y = -1},
    {.bitmap_index = 11334, .adv_w = 400, .box_w = 20, .box_h = 32, .ofs_x = 3, .ofs_y = -1},
    {.bitmap_index = 11414, .adv_w = 400, .box_w = 24, .box_h = 37, .ofs_x = 0, .ofs_y = 0},
    {.bitmap_index = 11525, .adv_w = 400, .box_w = 22, .box_h = 31, .ofs_x = 1, .ofs_y = 0},
    {.bitmap_index = 11611, .adv_w = 400, .box_w = 20, .box_h = 38, .ofs_x = 2, .ofs_y = -1},
    {.bitmap_index = 11706, .adv_w = 400, .box_w = 18, .box_h = 32, .ofs_x = 3, .ofs_y = -1},
    {.bitmap_index = 11778, .adv_w = 400, .box_w = 24, .box_h = 31, .ofs_x = 1, .ofs_y = -1},
    {.bitmap_index = 11871, .adv_w = 400, .box_w = 20, .box_h = 31, .ofs_x = 2, .ofs_y = -9},
    {.bitmap_index = 11949, .adv_w = 400, .box_w = 19, .box_h = 37, .ofs_x = 3, .ofs_y = 0},
    {.bitmap_index = 12037, .adv_w = 400, .box_w = 17, .box_h = 29, .ofs_x = 4, .ofs_y = 0},
    {.bitmap_index = 12099, .adv_w = 400, .box_w = 19, .box_h = 37, .ofs_x = 3, .ofs_y = 0},
    {.bitmap_index = 12187, .adv_w = 400, .box_w = 17, .box_h = 31, .ofs_x = 4, .ofs_y = 0},
    {.bitmap_index = 12253, .adv_w = 400, .box_w = 20, .box_h = 38, .ofs_x = 2, .ofs_y = -1},
    {.bitmap_index = 12348, .adv_w = 400, .box_w = 19, .box_h = 32, .ofs_x = 3, .ofs_y = -1},
    {.bitmap_index = 12424, .adv_w = 400, .box_w = 20, .box_h = 32, .ofs_x = 2, .ofs_y = -1},
    {.bitmap_index = 12504, .adv_w = 400, .box_w = 19, .box_h = 24, .ofs_x = 3, .ofs_y = -1},
    {.bitmap_index = 12561, .adv_w = 400, .box_w = 20, .box_h = 38, .ofs_x = 2, .ofs_y = -1},
    {.bitmap_index = 12656, .adv_w = 400, .box_w = 19, .box_h = 32, .ofs_x = 3, .ofs_y = -1},
    {.bitmap_index = 12732, .adv_w = 400, .box_w = 19, .box_h = 38, .ofs_x = 3, .ofs_y = -1},
    {.bitmap_index = 12823, .adv_w = 400, .box_w = 18, .box_h = 32, .ofs_x = 4, .ofs_y = -1},
    {.bitmap_index = 12895, .adv_w = 400, .box_w = 21, .box_h = 37, .ofs_x = 3, .ofs_y = 0},
    {.bitmap_index = 12993, .adv_w = 400, .box_w = 21, .box_h = 38, .ofs_x = 2, .ofs_y = -9},
    {.bitmap_index = 13093, .adv_w = 400, .box_w = 21, .box_h = 37, .ofs_x = 3, .ofs_y = 0},
    {.bitmap_index = 13191, .adv_w = 400, .box_w = 21, .box_h = 40, .ofs_x = 2, .ofs_y = -9},
    {.bitmap_index = 13296, .adv_w = 400, .box_w = 21, .box_h = 37, .ofs_x = 2, .ofs_y = 0},
    {.bitmap_index = 13394, .adv_w = 400, .box_w = 21, .box_h = 41, .ofs_x = 2, .ofs_y = -9},
    {.bitmap_index = 13502, .adv_w = 400, .box_w = 19, .box_h = 37, .ofs_x = 3, .ofs_y = 0},
    {.bitmap_index = 13590, .adv_w = 400, .box_w = 17, .box_h = 31, .ofs_x = 3, .ofs_y = 0},
    {.bitmap_index = 13656, .adv_w = 400, .box_w = 19, .box_h = 37, .ofs_x = 4, .ofs_y = -7},
    {.bitmap_index = 13744, .adv_w = 400, .box_w = 15, .box_h = 28, .ofs_x = 6, .ofs_y = -6},
    {.bitmap_index = 13797, .adv_w = 400, .box_w = 21, .box_h = 37, .ofs_x = 2, .ofs_y = 0},
    {.bitmap_index = 13895, .adv_w = 400, .box_w = 21, .box_h = 31, .ofs_x = 2, .ofs_y = 0},
    {.bitmap_index = 13977, .adv_w = 400, .box_w = 25, .box_h = 32, .ofs_x = 0, .ofs_y = -1}
};

/*---------------------
 *  CHARACTER MAPPING
 *--------------------*/

static const uint16_t unicode_list_1[] = {
    0x0, 0x1, 0x10, 0x11, 0x2e, 0x2f, 0x30, 0x31,
    0x32, 0x33, 0x34, 0x35, 0x36, 0x37, 0x38, 0x39,
    0x40, 0x41, 0x42, 0x43, 0x48, 0x49, 0x4a, 0x4b,
    0x4c, 0x4d, 0x4e, 0x4f, 0x50, 0x51, 0x58, 0x59,
    0x5e, 0x5f, 0x60, 0x61, 0x62, 0x65, 0x66, 0x69,
    0x6a
};

/*Collect the unicode lists and glyph_id offsets*/
static const lv_font_fmt_txt_cmap_t cmaps[] =
{
    {
        .range_start = 1024, .range_length = 96, .glyph_id_start = 1,
        .unicode_list = NULL, .glyph_id_ofs_list = NULL, .list_length = 0, .type = LV_FONT_FMT_TXT_CMAP_FORMAT0_TINY
    },
    {
        .range_start = 1122, .range_length = 107, .glyph_id_start = 97,
        .unicode_list = unicode_list_1, .glyph_id_ofs_list = NULL, .list_length = 41, .type = LV_FONT_FMT_TXT_CMAP_SPARSE_TINY
    },
    {
        .range_start = 1231, .range_length = 43, .glyph_id_start = 138,
        .unicode_list = NULL, .glyph_id_ofs_list = NULL, .list_length = 0, .type = LV_FONT_FMT_TXT_CMAP_FORMAT0_TINY
    },
    {
        .range_start = 8372, .range_length = 1, .glyph_id_start = 181,
        .unicode_list = NULL, .glyph_id_ofs_list = NULL, .list_length = 0, .type = LV_FONT_FMT_TXT_CMAP_FORMAT0_TINY
    }
};



/*--------------------
 *  ALL CUSTOM DATA
 *--------------------*/

#if LVGL_VERSION_MAJOR == 8
/*Store all the custom data of the font*/
static  lv_font_fmt_txt_glyph_cache_t cache;
#endif

#if LVGL_VERSION_MAJOR >= 8
static const lv_font_fmt_txt_dsc_t font_dsc = {
#else
static lv_font_fmt_txt_dsc_t font_dsc = {
#endif
    .glyph_bitmap = glyph_bitmap,
    .glyph_dsc = glyph_dsc,
    .cmaps = cmaps,
    .kern_dsc = NULL,
    .kern_scale = 0,
    .cmap_num = 4,
    .bpp = 1,
    .kern_classes = 0,
    .bitmap_format = 0,
#if LVGL_VERSION_MAJOR == 8
    .cache = &cache
#endif
};



/*-----------------
 *  PUBLIC FONT
 *----------------*/

/*Initialize a public general font descriptor*/
#if LVGL_VERSION_MAJOR >= 8
const lv_font_t hack_cyrillic_26 = {
#else
lv_font_t hack_cyrillic_26 = {
#endif
    .get_glyph_dsc = lv_font_get_glyph_dsc_fmt_txt,    /*Function pointer to get glyph's data*/
    .get_glyph_bitmap = lv_font_get_bitmap_fmt_txt,    /*Function pointer to get glyph's bitmap*/
    .line_height = 46,          /*The maximum line height required by the font*/
    .base_line = 9,             /*Baseline measured from the bottom of the line*/
#if !(LVGL_VERSION_MAJOR == 6 && LVGL_VERSION_MINOR == 0)
    .subpx = LV_FONT_SUBPX_NONE,
#endif
#if LV_VERSION_CHECK(7, 4, 0) || LVGL_VERSION_MAJOR >= 8
    .underline_position = -4,
    .underline_thickness = 2,
#endif
    .dsc = &font_dsc,          /*The custom font data. Will be accessed by `get_glyph_bitmap/dsc` */
#if LV_VERSION_CHECK(8, 2, 0) || LVGL_VERSION_MAJOR >= 9
    .fallback = NULL,
#endif
    .user_data = NULL,
};



#endif /*#if HACK_CYRILLIC_26*/

